#
# A fatal error has been detected by the Java Runtime Environment:
#
#  SIGSEGV (0xb) at pc=0x0000000109a67d34, pid=98327, tid=24579
#
# JRE version: OpenJDK Runtime Environment JBR-17.0.12+1-1207.37-nomod (17.0.12+1) (build 17.0.12+1-b1207.37)
# Java VM: OpenJDK 64-Bit Server VM JBR-17.0.12+1-1207.37-nomod (17.0.12+1-b1207.37, mixed mode, sharing, tiered, compressed oops, compressed class ptrs, g1 gc, bsd-aarch64)
# Problematic frame:
# V  [libjvm.dylib+0x243d34]  ciObjectFactory::remove_symbols()+0x28
#
# No core dump will be written. Core dumps have been disabled. To enable core dumping, try "ulimit -c unlimited" before starting Java again
#
# If you would like to submit a bug report, please visit:
#   https://youtrack.jetbrains.com/issues/JBR
#

---------------  S U M M A R Y ------------

Command Line: --add-opens=java.base/java.lang=ALL-UNNAMED --add-opens=java.base/java.lang.invoke=ALL-UNNAMED --add-opens=java.base/java.util=ALL-UNNAMED --add-opens=java.prefs/java.util.prefs=ALL-UNNAMED --add-exports=jdk.compiler/com.sun.tools.javac.api=ALL-UNNAMED --add-exports=jdk.compiler/com.sun.tools.javac.util=ALL-UNNAMED --add-opens=java.base/java.util=ALL-UNNAMED --add-opens=java.prefs/java.util.prefs=ALL-UNNAMED --add-opens=java.base/java.nio.charset=ALL-UNNAMED --add-opens=java.base/java.net=ALL-UNNAMED --add-opens=java.base/java.util.concurrent.atomic=ALL-UNNAMED --add-opens=java.xml/javax.xml.namespace=ALL-UNNAMED -Xmx2048m -Dfile.encoding=UTF-8 -Duser.country=US -Duser.language=pt -Duser.variant -javaagent:/Users/caioferreira/.gradle/wrapper/dists/gradle-8.13-bin/5xuhj0ry160q40clulazy9h7d/gradle-8.13/lib/agents/gradle-instrumentation-agent-8.13.jar org.gradle.launcher.daemon.bootstrap.GradleDaemon 8.13

Host: "Mac14,2" arm64, 8 cores, 8G, Darwin 25.3.0, macOS 26.3 (25D122)
Time: Thu Sep  3 17:11:34 2026 -03 elapsed time: 564.259383 seconds (0d 0h 9m 24s)

---------------  T H R E A D  ---------------

Current thread (0x00000001180a7000):  JavaThread "C2 CompilerThread0" daemon [_thread_in_vm, id=24579, stack(0x000000016d33c000,0x000000016d53f000)]


Current CompileTask:
C2: 564259 83323       4       com.android.tools.r8.internal.xc0::b (3604 bytes)

Stack: [0x000000016d33c000,0x000000016d53f000],  sp=0x000000016d53e950,  free space=2058k
Native frames: (J=compiled Java code, j=interpreted, Vv=VM code, C=native code)
V  [libjvm.dylib+0x243d34]  ciObjectFactory::remove_symbols()+0x28
V  [libjvm.dylib+0x22b49c]  ciEnv::~ciEnv()+0xb8
V  [libjvm.dylib+0x2ab214]  CompileBroker::invoke_compiler_on_method(CompileTask*)+0x86c
V  [libjvm.dylib+0x2aa958]  CompileBroker::compiler_thread_loop()+0x708
V  [libjvm.dylib+0x9bbfc8]  JavaThread::thread_main_inner()+0x15c
V  [libjvm.dylib+0x9ba5f4]  Thread::call_run()+0xcc
V  [libjvm.dylib+0x7e50ac]  thread_native_entry(Thread*)+0x158
C  [libsystem_pthread.dylib+0x6c08]  _pthread_start+0x88


siginfo: si_signo: 11 (SIGSEGV), si_code: 2 (SEGV_ACCERR), si_addr: 0x0000000000000010

Registers:
 x0=0x00000070004d02b8  x1=0x000000016d53e940  x2=0xfffffbe952f125cd  x3=0x0000000fffffc088
 x4=0x0000000190457a08  x5=0x000000016d53e940  x6=0x000000000000005d  x7=0x000000000000000e
 x8=0x0000000000000000  x9=0x00000000d978ffff x10=0x000000000000ffff x11=0x00000000ac270064
x12=0x0000000000000009 x13=0x000000016d53e5df x14=0x00000000000000cf x15=0x0000000000000004
x16=0x0000000000000040 x17=0x000000012fe37a90 x18=0x0000000000000000 x19=0x000000030e6d3a60
x20=0x00000000000007fe x21=0x00000001180a7000 x22=0x000000019014f2f8 x23=0x00000001180a7000
x24=0x000000010a48bdb8 x25=0x000000012e526750 x26=0x000000019014f2f8 x27=0x0000000000000004
x28=0x0000000000000000  fp=0x000000016d53e960  lr=0x0000000109a67d3c  sp=0x000000016d53e950
pc=0x0000000109a67d34 cpsr=0x0000000080001000

Register to memory mapping:

 x0=0x00000070004d02b8 is pointing into metadata
 x1=0x000000016d53e940 is pointing into the stack for thread: 0x00000001180a7000
 x2=0xfffffbe952f125cd is an unknown value
 x3=0x0000000fffffc088 points into unknown readable memory: 0xfffffbe952f125cd | cd 25 f1 52 e9 fb ff ff
 x4=0x0000000190457a08: __vfprintf.xdigs_lower+0 in /usr/lib/system/libsystem_c.dylib at 0x00000001903db000
 x5=0x000000016d53e940 is pointing into the stack for thread: 0x00000001180a7000
 x6=0x000000000000005d is an unknown value
 x7=0x000000000000000e is an unknown value
 x8=0x0 is NULL
 x9=0x00000000d978ffff is an unknown value
x10=0x000000000000ffff is an unknown value
x11=0x00000000ac270064 is an unknown value
x12=0x0000000000000009 is an unknown value
x13=0x000000016d53e5df is pointing into the stack for thread: 0x00000001180a7000
x14=0x00000000000000cf is an unknown value
x15=0x0000000000000004 is an unknown value
x16=0x0000000000000040 is an unknown value
x17=0x000000012fe37a90 points into unknown readable memory: 0xfffffffffffffffe | fe ff ff ff ff ff ff ff
x18=0x0 is NULL
x19=0x000000030e6d3a60 points into unknown readable memory: 0x000000016d53eb48 | 48 eb 53 6d 01 00 00 00
x20=0x00000000000007fe is an unknown value
x21=0x00000001180a7000 is a thread
x22=0x000000019014f2f8: _tlv_get_addr+0 in /usr/lib/system/libdyld.dylib at 0x000000019014c000
x23=0x00000001180a7000 is a thread
x24=0x000000010a48bdb8: _ZN6Thread12_thr_currentE+0 in /Users/caioferreira/Library/Java/JavaVirtualMachines/jbr-17.0.12/Contents/Home/lib/server/libjvm.dylib at 0x0000000109824000
x25=0x000000012e526750 points into unknown readable memory: 0x000000012e526680 | 80 66 52 2e 01 00 00 00
x26=0x000000019014f2f8: _tlv_get_addr+0 in /usr/lib/system/libdyld.dylib at 0x000000019014c000
x27=0x0000000000000004 is an unknown value
x28=0x0 is NULL


Top of Stack: (sp=0x000000016d53e950)
0x000000016d53e950:   00000001180a7000 000000016d53eb40
0x000000016d53e960:   000000016d53e990 0000000109a4f49c
0x000000016d53e970:   000000012fe284e0 0000000000000000
0x000000016d53e980:   000000010a49c070 0000000000000000
0x000000016d53e990:   000000016d53ecb0 0000000109acf214
0x000000016d53e9a0:   000000016d53eb48 0000000080000000
0x000000016d53e9b0:   000000016d53ea70 000000010a00844c
0x000000016d53e9c0:   000000000001457b 00000000000003d8
0x000000016d53e9d0:   000000011fe385a0 000000011fe38570
0x000000016d53e9e0:   000000011fe385b0 000000011fe38988
0x000000016d53e9f0:   000000019014f2f8 ffffffff00000004
0x000000016d53ea00:   00000001180a7000 000000012fe284e0
0x000000016d53ea10:   0000000006c0375b 0000052300000000
0x000000016d53ea20:   0000000105583fe5 00000001089e3669
0x000000016d53ea30:   0000000014fcfb20 00000000152d0001
0x000000016d53ea40:   00000000267389a3 000000832d1623a9
0x000000016d53ea50:   000000016d53ea00 000000016d53eaa0
0x000000016d53ea60:   000000010a302f95 0000000000000000
0x000000016d53ea70:   000000016d53ecb0 0000000109acc958
0x000000016d53ea80:   000000016d53eb40 00000001903e9ecc
0x000000016d53ea90:   000000006a99d461 00000000000611d9
0x000000016d53eaa0:   00000000267389a3 0000000190550168
0x000000016d53eab0:   434f4e456d53eb00 0000000000000000
0x000000016d53eac0:   0000000000000000 0000000000000000
0x000000016d53ead0:   0000000000000000 0000000000000000
0x000000016d53eae0:   0000000000000000 0000000000000000
0x000000016d53eaf0:   000000016d53eb48 0000000000000045
0x000000016d53eb00:   0000000000000100 0000000109fd7701
0x000000016d53eb10:   000000030e6bf080 000000012fe27e10
0x000000016d53eb20:   000000016d53eb40 03d563e61d54003e
0x000000016d53eb30:   000000010e362190 000000010a3028a4
0x000000016d53eb40:   000000016d53eb48 0000000100000006 

Instructions: (pc=0x0000000109a67d34)
0x0000000109a67c34:   f6 57 41 a9 f8 5f c4 a8 c0 03 5f d6 f7 03 0a aa
0x0000000109a67c44:   68 0e 40 b9 3f 00 08 6b 20 fc ff 54 e3 ff ff 17
0x0000000109a67c54:   f6 57 bd a9 f4 4f 01 a9 fd 7b 02 a9 fd 83 00 91
0x0000000109a67c64:   f5 03 01 aa f3 03 00 aa e0 03 01 aa b6 e8 1f 94
0x0000000109a67c74:   a0 00 00 34 48 51 00 b0 08 c1 1b 91 14 d9 60 f8
0x0000000109a67c84:   16 00 00 14 61 02 40 f9 00 04 80 52 ba a3 fb 97
0x0000000109a67c94:   f4 03 00 aa a0 00 00 b4 e0 03 14 aa e1 03 15 aa
0x0000000109a67ca4:   02 00 80 52 a5 10 00 94 f5 03 13 aa a1 0e 48 b8
0x0000000109a67cb4:   a8 06 40 b9 3f 00 08 6b 81 00 00 54 e0 03 15 aa
0x0000000109a67cc4:   a9 05 00 94 a1 02 40 b9 28 04 00 11 68 82 00 b9
0x0000000109a67cd4:   68 46 40 f9 14 d9 21 f8 e0 03 14 aa fd 7b 42 a9
0x0000000109a67ce4:   f4 4f 41 a9 f6 57 c3 a8 c0 03 5f d6 fd 7b bf a9
0x0000000109a67cf4:   fd 03 00 91 48 51 00 b0 08 c1 1b 91 00 d9 60 f8
0x0000000109a67d04:   fd 7b c1 a8 c0 03 5f d6 f4 4f be a9 fd 7b 01 a9
0x0000000109a67d14:   fd 43 00 91 08 80 40 b9 1f 05 00 71 6b 01 00 54
0x0000000109a67d24:   f3 03 00 aa 14 00 80 d2 68 46 40 f9 08 79 74 f8
0x0000000109a67d34:   00 09 40 f9 18 f1 1c 94 94 06 00 91 68 82 80 b9
0x0000000109a67d44:   9f 02 08 eb 2b ff ff 54 fd 7b 41 a9 f4 4f c2 a8
0x0000000109a67d54:   c0 03 5f d6 f6 57 bd a9 f4 4f 01 a9 fd 7b 02 a9
0x0000000109a67d64:   fd 83 00 91 f4 03 01 aa f3 03 00 aa a8 51 00 90
0x0000000109a67d74:   08 c5 0b 91 08 01 40 39 28 01 00 34 88 0a 40 b9
0x0000000109a67d84:   e9 4f 00 f0 29 61 24 91 2a 01 40 f9 29 09 40 b9
0x0000000109a67d94:   08 21 c9 9a 01 01 0a 8b 02 00 00 14 81 06 40 f9
0x0000000109a67da4:   e0 03 13 aa 4f ff ff 97 b9 9a ff 97 08 68 1b 53
0x0000000109a67db4:   08 01 00 4b e9 a7 98 52 a9 64 a8 72 09 7d a9 9b
0x0000000109a67dc4:   29 fd 64 d3 aa 07 80 52 28 a1 0a 1b 76 4e 28 8b
0x0000000109a67dd4:   d5 0e 4a f8 55 02 00 b4 a0 02 40 f9 84 f6 ff 97
0x0000000109a67de4:   1f 00 14 eb 20 01 00 54 f6 03 15 aa b5 06 40 f9
0x0000000109a67df4:   55 01 00 b4 a0 02 40 f9 7d f6 ff 97 1f 00 14 eb
0x0000000109a67e04:   41 ff ff 54 d6 22 00 91 c8 02 40 f9 88 00 00 b4
0x0000000109a67e14:   14 01 40 f9 33 00 00 14 d6 22 00 91 34 03 00 b4
0x0000000109a67e24:   20 51 00 90 00 e0 36 91 08 00 40 f9 00 01 3f d6 


Stack slot to memory mapping:
stack at sp + 0 slots: 0x00000001180a7000 is a thread
stack at sp + 1 slots: 0x000000016d53eb40 is pointing into the stack for thread: 0x00000001180a7000
stack at sp + 2 slots: 0x000000016d53e990 is pointing into the stack for thread: 0x00000001180a7000
stack at sp + 3 slots: 0x0000000109a4f49c: _ZN5ciEnvD2Ev+0xb8 in /Users/caioferreira/Library/Java/JavaVirtualMachines/jbr-17.0.12/Contents/Home/lib/server/libjvm.dylib at 0x0000000109824000
stack at sp + 4 slots: 0x000000012fe284e0 points into unknown readable memory: 0x0000000000000000 | 00 00 00 00 00 00 00 00
stack at sp + 5 slots: 0x0 is NULL
stack at sp + 6 slots: 0x000000010a49c070: _ZN15JfrEventSetting19_jvm_event_settingsE+0 in /Users/caioferreira/Library/Java/JavaVirtualMachines/jbr-17.0.12/Contents/Home/lib/server/libjvm.dylib at 0x0000000109824000
stack at sp + 7 slots: 0x0 is NULL


---------------  P R O C E S S  ---------------

Threads class SMR info:
_java_thread_list=0x000000032050d460, length=145, elements={
0x000000013000ea00, 0x00000001180a0400, 0x0000000130035400, 0x00000001180a4800,
0x00000001180a3000, 0x00000001180a3600, 0x00000001180a7000, 0x00000001180a7600,
0x00000001180afc00, 0x0000000130039400, 0x00000001180a6a00, 0x00000001187ffa00,
0x00000001185b7c00, 0x000000011e836a00, 0x00000001183f9600, 0x00000001303f3c00,
0x0000000130c10c00, 0x000000012e810e00, 0x000000012e814200, 0x000000013044e200,
0x000000013044f000, 0x000000012ea76800, 0x000000012f264200, 0x000000012ebf3400,
0x000000010ee0be00, 0x0000000130643a00, 0x000000010ec86c00, 0x000000011e860000,
0x000000012eeb0c00, 0x000000011e882000, 0x000000010f173000, 0x000000011f079400,
0x0000000319f70800, 0x000000011f229400, 0x0000000319c92e00, 0x000000010e8eae00,
0x000000010e8e8800, 0x000000016614fc00, 0x000000012e810200, 0x000000016705cc00,
0x000000010e88cc00, 0x0000000130ec4800, 0x000000010eda4200, 0x000000012f15ca00,
0x000000010e9fd800, 0x000000010f08d400, 0x000000010ee1f400, 0x0000000167079a00,
0x0000000130fbb600, 0x0000000118770c00, 0x000000031a46e600, 0x0000000167370400,
0x000000012ec21800, 0x000000016723e600, 0x00000001308f5400, 0x000000012e839a00,
0x000000012e944800, 0x00000001183f9c00, 0x000000011873ae00, 0x0000000167411a00,
0x000000012ea59000, 0x000000011e8b9000, 0x000000011873cc00, 0x0000000167596800,
0x0000000130edc800, 0x0000000130926e00, 0x000000010ef12200, 0x000000011810e200,
0x000000011876fe00, 0x0000000118778a00, 0x000000011840ca00, 0x000000011840d000,
0x000000031a55d000, 0x000000010f1d1200, 0x000000031a55d600, 0x000000011876d600,
0x00000001677ffa00, 0x000000010ed7c800, 0x000000010ec98600, 0x000000012ea65000,
0x000000010e8f9c00, 0x000000010ee6c600, 0x000000010ecb0000, 0x000000012f10c200,
0x000000012f10c800, 0x000000010ee9ae00, 0x000000010e8b2800, 0x000000010e886400,
0x000000011872ea00, 0x000000012eaf4600, 0x000000012f180e00, 0x000000012f181400,
0x0000000118747c00, 0x0000000118748200, 0x000000011872f000, 0x000000012f22ca00,
0x0000000130fbea00, 0x000000031a495800, 0x000000010edb8600, 0x00000001309c6600,
0x0000000130ed8e00, 0x000000016739bc00, 0x0000000167377e00, 0x0000000167392200,
0x0000000118464000, 0x0000000118464600, 0x0000000118458c00, 0x000000031a5d8600,
0x00000001672a5800, 0x000000012ebefc00, 0x000000031a5d8c00, 0x00000001180b4c00,
0x000000011f02fa00, 0x000000012ef56600, 0x0000000130f72600, 0x000000010e908600,
0x00000001187af800, 0x000000012f278600, 0x000000031aaa3a00, 0x000000031a97b000,
0x000000011f4a3000, 0x000000031aa17e00, 0x0000000130958600, 0x000000010f1d9e00,
0x000000032691cc00, 0x000000030ea96a00, 0x000000011e955600, 0x0000000326dc8400,
0x000000011e9ffa00, 0x000000031aab6200, 0x000000011eb9e000, 0x000000010f08e600,
0x0000000326bd4c00, 0x000000010f152400, 0x000000012e923a00, 0x000000010f347c00,
0x000000010f392200, 0x000000011e845c00, 0x0000000326fffa00, 0x000000011e9a3400,
0x000000012eb09000, 0x0000000167022c00, 0x000000010fa69600, 0x000000010ef2ee00,
0x000000011e8b7e00
}

Java Threads: ( => current thread )
  0x000000013000ea00 JavaThread "main" [_thread_blocked, id=3587, stack(0x000000016b994000,0x000000016bb97000)]
  0x00000001180a0400 JavaThread "Reference Handler" daemon [_thread_blocked, id=17155, stack(0x000000016c7e8000,0x000000016c9eb000)]
  0x0000000130035400 JavaThread "Finalizer" daemon [_thread_blocked, id=17923, stack(0x000000016c9f4000,0x000000016cbf7000)]
  0x00000001180a4800 JavaThread "Signal Dispatcher" daemon [_thread_blocked, id=31747, stack(0x000000016cd18000,0x000000016cf1b000)]
  0x00000001180a3000 JavaThread "Service Thread" daemon [_thread_blocked, id=23811, stack(0x000000016cf24000,0x000000016d127000)]
  0x00000001180a3600 JavaThread "Monitor Deflation Thread" daemon [_thread_blocked, id=24067, stack(0x000000016d130000,0x000000016d333000)]
=>0x00000001180a7000 JavaThread "C2 CompilerThread0" daemon [_thread_in_vm, id=24579, stack(0x000000016d33c000,0x000000016d53f000)]
  0x00000001180a7600 JavaThread "C1 CompilerThread0" daemon [_thread_blocked, id=24835, stack(0x000000016d548000,0x000000016d74b000)]
  0x00000001180afc00 JavaThread "Sweeper thread" daemon [_thread_blocked, id=30723, stack(0x000000016d754000,0x000000016d957000)]
  0x0000000130039400 JavaThread "Common-Cleaner" daemon [_thread_blocked, id=25347, stack(0x000000016d960000,0x000000016db63000)]
  0x00000001180a6a00 JavaThread "Notification Thread" daemon [_thread_blocked, id=30467, stack(0x000000016db6c000,0x000000016dd6f000)]
  0x00000001187ffa00 JavaThread "Daemon health stats" [_thread_blocked, id=29699, stack(0x000000016e39c000,0x000000016e59f000)]
  0x00000001185b7c00 JavaThread "Incoming local TCP Connector on port 57708" [_thread_in_native, id=29187, stack(0x000000016e5a8000,0x000000016e7ab000)]
  0x000000011e836a00 JavaThread "Daemon periodic checks" [_thread_blocked, id=27395, stack(0x000000016e7b4000,0x000000016e9b7000)]
  0x00000001183f9600 JavaThread "Daemon" [_thread_blocked, id=27907, stack(0x000000016e9c0000,0x000000016ebc3000)]
  0x00000001303f3c00 JavaThread "Daemon worker" [_thread_blocked, id=43267, stack(0x000000016efe4000,0x000000016f1e7000)]
  0x0000000130c10c00 JavaThread "Cache worker for journal cache (/Users/caioferreira/.gradle/caches/journal-1)" [_thread_blocked, id=35331, stack(0x000000030041c000,0x000000030061f000)]
  0x000000012e810e00 JavaThread "File lock request listener" [_thread_in_native, id=40963, stack(0x0000000300628000,0x000000030082b000)]
  0x000000012e814200 JavaThread "Cache worker for file hash cache (/Users/caioferreira/.gradle/caches/8.13/fileHashes)" [_thread_blocked, id=40451, stack(0x0000000300834000,0x0000000300a37000)]
  0x000000013044e200 JavaThread "File watcher server" daemon [_thread_in_native, id=36867, stack(0x0000000301064000,0x0000000301267000)]
  0x000000013044f000 JavaThread "File watcher consumer" daemon [_thread_blocked, id=39427, stack(0x0000000301270000,0x0000000301473000)]
  0x000000012ea76800 JavaThread "Cache worker for file content cache (/Users/caioferreira/.gradle/caches/8.13/fileContent)" [_thread_blocked, id=38915, stack(0x0000000301688000,0x000000030188b000)]
  0x000000012f264200 JavaThread "Memory manager" [_thread_blocked, id=52995, stack(0x0000000307098000,0x000000030729b000)]
  0x000000012ebf3400 JavaThread "pool-3-thread-1" [_thread_blocked, id=65795, stack(0x00000003074b0000,0x00000003076b3000)]
  0x000000010ee0be00 JavaThread "process reaper" daemon [_thread_blocked, id=124419, stack(0x000000016fe38000,0x000000016fe6f000)]
  0x0000000130643a00 JavaThread "Periodic tasks thread" daemon [_thread_blocked, id=75283, stack(0x000000030c06c000,0x000000030c26f000)]
  0x000000010ec86c00 JavaThread "ApplicationImpl pooled thread 1" daemon [_thread_blocked, id=94735, stack(0x000000030f7b0000,0x000000030f9b3000)]
  0x000000011e860000 JavaThread "ForkJoinPool.commonPool-worker-1" daemon [_thread_blocked, id=83723, stack(0x0000000314bac000,0x0000000314daf000)]
  0x000000012eeb0c00 JavaThread "AppKit Thread" daemon [_thread_in_native, id=259, stack(0x000000016b10c000,0x000000016b908000)]
  0x000000011e882000 JavaThread "ForkJoinPool.commonPool-worker-4" daemon [_thread_blocked, id=101123, stack(0x000000031b7bc000,0x000000031b9bf000)]
  0x000000010f173000 JavaThread "ForkJoinPool.commonPool-worker-6" daemon [_thread_blocked, id=102147, stack(0x000000031bd10000,0x000000031bf13000)]
  0x000000011f079400 JavaThread "ForkJoinPool.commonPool-worker-7" daemon [_thread_blocked, id=102659, stack(0x000000031bf1c000,0x000000031c11f000)]
  0x0000000319f70800 JavaThread "process reaper (pid 98480)" daemon [_thread_in_native, id=121607, stack(0x000000016cc8c000,0x000000016ccc3000)]
  0x000000011f229400 JavaThread "RMI Scheduler(0)" daemon [_thread_blocked, id=102919, stack(0x0000000321504000,0x0000000321707000)]
  0x0000000319c92e00 JavaThread "RMI GC Daemon" daemon [_thread_blocked, id=118019, stack(0x000000032191c000,0x0000000321b1f000)]
  0x000000010e8eae00 JavaThread "RMI TCP Accept-0" daemon [_thread_in_native, id=103683, stack(0x0000000321b28000,0x0000000321d2b000)]
  0x000000010e8e8800 JavaThread "RMI Reaper" [_thread_blocked, id=117507, stack(0x0000000321d34000,0x0000000321f37000)]
  0x000000016614fc00 JavaThread "Cache worker for Java compile cache (/Users/caioferreira/.gradle/caches/8.13/javaCompile)" [_thread_blocked, id=103183, stack(0x0000000310704000,0x0000000310907000)]
  0x000000012e810200 JavaThread "Handler for socket connection from /127.0.0.1:57708 to /127.0.0.1:57782" [_thread_in_native, id=100359, stack(0x000000016ebcc000,0x000000016edcf000)]
  0x000000016705cc00 JavaThread "Cancel handler" [_thread_blocked, id=28939, stack(0x000000016edd8000,0x000000016efdb000)]
  0x000000010e88cc00 JavaThread "Asynchronous log dispatcher for DefaultDaemonConnection: socket connection from /127.0.0.1:57708 to /127.0.0.1:57782" [_thread_blocked, id=86803, stack(0x000000016f3fc000,0x000000016f5ff000)]
  0x0000000130ec4800 JavaThread "Stdin handler" [_thread_blocked, id=28427, stack(0x000000016f608000,0x000000016f80b000)]
  0x000000010eda4200 JavaThread "Daemon client event forwarder" [_thread_blocked, id=42515, stack(0x0000000300a40000,0x0000000300c43000)]
  0x000000012f15ca00 JavaThread "Cache worker for file hash cache (/Users/caioferreira/Documents/Develop/Sagas/sagas-android/.gradle/8.13/fileHashes)" [_thread_blocked, id=33555, stack(0x0000000300c4c000,0x0000000300e4f000)]
  0x000000010e9fd800 JavaThread "Cache worker for Build Output Cleanup Cache (/Users/caioferreira/Documents/Develop/Sagas/sagas-android/.gradle/buildOutputCleanup)" [_thread_blocked, id=63495, stack(0x000000030147c000,0x000000030167f000)]
  0x000000010f08d400 JavaThread "Cache worker for checksums cache (/Users/caioferreira/Documents/Develop/Sagas/sagas-android/.gradle/8.13/checksums)" [_thread_blocked, id=117283, stack(0x0000000301894000,0x0000000301a97000)]
  0x000000010ee1f400 JavaThread "Cache worker for cache directory md-supplier (/Users/caioferreira/.gradle/caches/8.13/md-supplier)" [_thread_blocked, id=45075, stack(0x0000000301aa0000,0x0000000301ca3000)]
  0x0000000167079a00 JavaThread "Cache worker for cache directory md-rule (/Users/caioferreira/.gradle/caches/8.13/md-rule)" [_thread_blocked, id=63755, stack(0x0000000301cac000,0x0000000301eaf000)]
  0x0000000130fbb600 JavaThread "Unconstrained build operations" [_thread_blocked, id=73747, stack(0x0000000301eb8000,0x00000003020bb000)]
  0x0000000118770c00 JavaThread "Unconstrained build operations Thread 2" [_thread_blocked, id=92175, stack(0x00000003020c4000,0x00000003022c7000)]
  0x000000031a46e600 JavaThread "Unconstrained build operations Thread 3" [_thread_blocked, id=55311, stack(0x00000003022d0000,0x00000003024d3000)]
  0x0000000167370400 JavaThread "Unconstrained build operations Thread 4" [_thread_blocked, id=46859, stack(0x00000003024dc000,0x00000003026df000)]
  0x000000012ec21800 JavaThread "Unconstrained build operations Thread 5" [_thread_blocked, id=61459, stack(0x00000003026e8000,0x00000003028eb000)]
  0x000000016723e600 JavaThread "Unconstrained build operations Thread 6" [_thread_blocked, id=57619, stack(0x00000003028f4000,0x0000000302af7000)]
  0x00000001308f5400 JavaThread "Unconstrained build operations Thread 7" [_thread_blocked, id=58891, stack(0x0000000302b00000,0x0000000302d03000)]
  0x000000012e839a00 JavaThread "Unconstrained build operations Thread 8" [_thread_blocked, id=58631, stack(0x0000000302d0c000,0x0000000302f0f000)]
  0x000000012e944800 JavaThread "Unconstrained build operations Thread 9" [_thread_blocked, id=77835, stack(0x0000000302f18000,0x000000030311b000)]
  0x00000001183f9c00 JavaThread "Unconstrained build operations Thread 10" [_thread_blocked, id=54035, stack(0x0000000303124000,0x0000000303327000)]
  0x000000011873ae00 JavaThread "Unconstrained build operations Thread 11" [_thread_blocked, id=75027, stack(0x0000000303330000,0x0000000303533000)]
  0x0000000167411a00 JavaThread "Unconstrained build operations Thread 12" [_thread_blocked, id=82443, stack(0x000000030353c000,0x000000030373f000)]
  0x000000012ea59000 JavaThread "Unconstrained build operations Thread 13" [_thread_blocked, id=93191, stack(0x0000000303748000,0x000000030394b000)]
  0x000000011e8b9000 JavaThread "Unconstrained build operations Thread 14" [_thread_blocked, id=71435, stack(0x0000000303954000,0x0000000303b57000)]
  0x000000011873cc00 JavaThread "Unconstrained build operations Thread 15" [_thread_blocked, id=128531, stack(0x0000000303b60000,0x0000000303d63000)]
  0x0000000167596800 JavaThread "Unconstrained build operations Thread 16" [_thread_blocked, id=64531, stack(0x0000000303d6c000,0x0000000303f6f000)]
  0x0000000130edc800 JavaThread "Unconstrained build operations Thread 17" [_thread_blocked, id=126983, stack(0x0000000304204000,0x0000000304407000)]
  0x0000000130926e00 JavaThread "Unconstrained build operations Thread 18" [_thread_blocked, id=48147, stack(0x0000000304410000,0x0000000304613000)]
  0x000000010ef12200 JavaThread "Unconstrained build operations Thread 19" [_thread_blocked, id=91155, stack(0x000000030461c000,0x000000030481f000)]
  0x000000011810e200 JavaThread "Unconstrained build operations Thread 20" [_thread_blocked, id=92935, stack(0x0000000304828000,0x0000000304a2b000)]
  0x000000011876fe00 JavaThread "Unconstrained build operations Thread 21" [_thread_blocked, id=125447, stack(0x0000000304a34000,0x0000000304c37000)]
  0x0000000118778a00 JavaThread "Unconstrained build operations Thread 22" [_thread_blocked, id=56335, stack(0x0000000304c40000,0x0000000304e43000)]
  0x000000011840ca00 JavaThread "Unconstrained build operations Thread 23" [_thread_blocked, id=61711, stack(0x0000000304e4c000,0x000000030504f000)]
  0x000000011840d000 JavaThread "Unconstrained build operations Thread 24" [_thread_blocked, id=54283, stack(0x0000000305058000,0x000000030525b000)]
  0x000000031a55d000 JavaThread "Unconstrained build operations Thread 25" [_thread_blocked, id=52487, stack(0x0000000305264000,0x0000000305467000)]
  0x000000010f1d1200 JavaThread "Unconstrained build operations Thread 26" [_thread_blocked, id=89875, stack(0x0000000305470000,0x0000000305673000)]
  0x000000031a55d600 JavaThread "Unconstrained build operations Thread 27" [_thread_blocked, id=81423, stack(0x000000030567c000,0x000000030587f000)]
  0x000000011876d600 JavaThread "Unconstrained build operations Thread 28" [_thread_blocked, id=71943, stack(0x0000000305888000,0x0000000305a8b000)]
  0x00000001677ffa00 JavaThread "build event listener" [_thread_blocked, id=72207, stack(0x0000000305a94000,0x0000000305c97000)]
  0x000000010ed7c800 JavaThread "pool-8-thread-1" [_thread_blocked, id=61195, stack(0x0000000305ca0000,0x0000000305ea3000)]
  0x000000010ec98600 JavaThread "build event listener" [_thread_blocked, id=126475, stack(0x0000000305eac000,0x00000003060af000)]
  0x000000012ea65000 JavaThread "included builds" [_thread_blocked, id=128015, stack(0x00000003060b8000,0x00000003062bb000)]
  0x000000010e8f9c00 JavaThread "Execution worker" [_thread_blocked, id=44307, stack(0x00000003062c4000,0x00000003064c7000)]
  0x000000010ee6c600 JavaThread "Execution worker Thread 2" [_thread_blocked, id=62219, stack(0x00000003064d0000,0x00000003066d3000)]
  0x000000010ecb0000 JavaThread "Execution worker Thread 3" [_thread_blocked, id=60435, stack(0x00000003066dc000,0x00000003068df000)]
  0x000000012f10c200 JavaThread "Execution worker Thread 4" [_thread_blocked, id=58379, stack(0x00000003068e8000,0x0000000306aeb000)]
  0x000000012f10c800 JavaThread "Execution worker Thread 5" [_thread_blocked, id=79883, stack(0x0000000306af4000,0x0000000306cf7000)]
  0x000000010ee9ae00 JavaThread "Execution worker Thread 6" [_thread_blocked, id=81939, stack(0x0000000306d00000,0x0000000306f03000)]
  0x000000010e8b2800 JavaThread "Execution worker Thread 7" [_thread_blocked, id=89607, stack(0x00000003072a4000,0x00000003074a7000)]
  0x000000010e886400 JavaThread "Cache worker for execution history cache (/Users/caioferreira/Documents/Develop/Sagas/sagas-android/.gradle/8.13/executionHistory)" [_thread_blocked, id=128775, stack(0x00000003076bc000,0x00000003078bf000)]
  0x000000011872ea00 JavaThread "Unconstrained build operations Thread 29" [_thread_blocked, id=43783, stack(0x0000000307ad4000,0x0000000307cd7000)]
  0x000000012eaf4600 JavaThread "Unconstrained build operations Thread 30" [_thread_blocked, id=44811, stack(0x0000000307ce0000,0x0000000307ee3000)]
  0x000000012f180e00 JavaThread "Unconstrained build operations Thread 31" [_thread_blocked, id=64007, stack(0x0000000307eec000,0x00000003080ef000)]
  0x000000012f181400 JavaThread "Unconstrained build operations Thread 32" [_thread_blocked, id=62735, stack(0x00000003080f8000,0x00000003082fb000)]
  0x0000000118747c00 JavaThread "Unconstrained build operations Thread 33" [_thread_blocked, id=70155, stack(0x0000000308304000,0x0000000308507000)]
  0x0000000118748200 JavaThread "Unconstrained build operations Thread 34" [_thread_blocked, id=62991, stack(0x0000000308510000,0x0000000308713000)]
  0x000000011872f000 JavaThread "Unconstrained build operations Thread 35" [_thread_blocked, id=47111, stack(0x000000030871c000,0x000000030891f000)]
  0x000000012f22ca00 JavaThread "Unconstrained build operations Thread 36" [_thread_blocked, id=77319, stack(0x0000000308b34000,0x0000000308d37000)]
  0x0000000130fbea00 JavaThread "WorkerExecutor Queue Thread 5" [_thread_blocked, id=129035, stack(0x0000000309364000,0x0000000309567000)]
  0x000000031a495800 JavaThread "Unconstrained build operations Thread 37" [_thread_blocked, id=45843, stack(0x0000000309d10000,0x0000000309f13000)]
  0x000000010edb8600 JavaThread "Unconstrained build operations Thread 38" [_thread_blocked, id=91663, stack(0x0000000309f1c000,0x000000030a11f000)]
  0x00000001309c6600 JavaThread "Unconstrained build operations Thread 39" [_thread_blocked, id=127239, stack(0x000000030a128000,0x000000030a32b000)]
  0x0000000130ed8e00 JavaThread "Unconstrained build operations Thread 40" [_thread_blocked, id=49675, stack(0x000000030a334000,0x000000030a537000)]
  0x000000016739bc00 JavaThread "Unconstrained build operations Thread 41" [_thread_blocked, id=56843, stack(0x000000030a540000,0x000000030a743000)]
  0x0000000167377e00 JavaThread "Unconstrained build operations Thread 42" [_thread_blocked, id=71687, stack(0x000000030a74c000,0x000000030a94f000)]
  0x0000000167392200 JavaThread "Unconstrained build operations Thread 43" [_thread_blocked, id=51219, stack(0x000000030a958000,0x000000030ab5b000)]
  0x0000000118464000 JavaThread "Unconstrained build operations Thread 44" [_thread_blocked, id=50451, stack(0x000000030b534000,0x000000030b737000)]
  0x0000000118464600 JavaThread "Unconstrained build operations Thread 45" [_thread_blocked, id=32275, stack(0x000000030b740000,0x000000030b943000)]
  0x0000000118458c00 JavaThread "Unconstrained build operations Thread 46" [_thread_blocked, id=90383, stack(0x000000030b94c000,0x000000030bb4f000)]
  0x000000031a5d8600 JavaThread "Unconstrained build operations Thread 47" [_thread_blocked, id=47631, stack(0x000000030bb58000,0x000000030bd5b000)]
  0x00000001672a5800 JavaThread "Unconstrained build operations Thread 48" [_thread_blocked, id=60691, stack(0x000000030bd64000,0x000000030bf67000)]
  0x000000012ebefc00 JavaThread "Unconstrained build operations Thread 49" [_thread_blocked, id=70675, stack(0x000000030c404000,0x000000030c607000)]
  0x000000031a5d8c00 JavaThread "Unconstrained build operations Thread 50" [_thread_blocked, id=82183, stack(0x000000030c610000,0x000000030c813000)]
  0x00000001180b4c00 JavaThread "Unconstrained build operations Thread 51" [_thread_blocked, id=83215, stack(0x000000030cec0000,0x000000030d0c3000)]
  0x000000011f02fa00 JavaThread "Unconstrained build operations Thread 52" [_thread_blocked, id=59411, stack(0x000000030d0cc000,0x000000030d2cf000)]
  0x000000012ef56600 JavaThread "ForkJoinPool-2-worker-1" daemon [_thread_blocked, id=48651, stack(0x000000030b328000,0x000000030b52b000)]
  0x0000000130f72600 JavaThread "ForkJoinPool-2-worker-2" daemon [_thread_blocked, id=124943, stack(0x000000030d2d8000,0x000000030d4db000)]
  0x000000010e908600 JavaThread "ForkJoinPool-2-worker-4" daemon [_thread_blocked, id=100891, stack(0x000000030d6f0000,0x000000030d8f3000)]
  0x00000001187af800 JavaThread "ForkJoinPool-2-worker-5" daemon [_thread_blocked, id=87315, stack(0x000000030d8fc000,0x000000030daff000)]
  0x000000012f278600 JavaThread "ForkJoinPool-2-worker-8" daemon [_thread_blocked, id=121363, stack(0x000000030df20000,0x000000030e123000)]
  0x000000031aaa3a00 JavaThread "ForkJoinPool.commonPool-worker-8" daemon [_thread_blocked, id=76043, stack(0x000000030e338000,0x000000030e53b000)]
  0x000000031a97b000 JavaThread "RMI TCP Connection(idle)" daemon [_thread_blocked, id=104995, stack(0x000000030db08000,0x000000030dd0b000)]
  0x000000011f4a3000 JavaThread "Unconstrained build operations Thread 53" [_thread_blocked, id=43019, stack(0x000000030f204000,0x000000030f407000)]
  0x000000031aa17e00 JavaThread "Unconstrained build operations Thread 54" [_thread_blocked, id=86539, stack(0x000000030f410000,0x000000030f613000)]
  0x0000000130958600 JavaThread "Unconstrained build operations Thread 55" [_thread_blocked, id=106259, stack(0x000000030f9bc000,0x000000030fbbf000)]
  0x000000010f1d9e00 JavaThread "Unconstrained build operations Thread 56" [_thread_blocked, id=130835, stack(0x00000003101ec000,0x00000003103ef000)]
  0x000000032691cc00 JavaThread "Unconstrained build operations Thread 57" [_thread_blocked, id=105487, stack(0x00000003103f8000,0x00000003105fb000)]
  0x000000030ea96a00 JavaThread "Unconstrained build operations Thread 58" [_thread_blocked, id=98595, stack(0x0000000310910000,0x0000000310b13000)]
  0x000000011e955600 JavaThread "Unconstrained build operations Thread 59" [_thread_blocked, id=76563, stack(0x0000000310b1c000,0x0000000310d1f000)]
  0x0000000326dc8400 JavaThread "Unconstrained build operations Thread 60" [_thread_blocked, id=115731, stack(0x0000000310d28000,0x0000000310f2b000)]
  0x000000011e9ffa00 JavaThread "Unconstrained build operations Thread 61" [_thread_blocked, id=130571, stack(0x0000000310f34000,0x0000000311137000)]
  0x000000031aab6200 JavaThread "Unconstrained build operations Thread 62" [_thread_blocked, id=130319, stack(0x000000031b3a4000,0x000000031b5a7000)]
  0x000000011eb9e000 JavaThread "Build operations" [_thread_blocked, id=125979, stack(0x0000000308928000,0x0000000308b2b000)]
  0x000000010f08e600 JavaThread "Build operations Thread 2" [_thread_blocked, id=44563, stack(0x0000000309b04000,0x0000000309d07000)]
  0x0000000326bd4c00 JavaThread "Build operations Thread 3" [_thread_blocked, id=59683, stack(0x000000030ad04000,0x000000030af07000)]
  0x000000010f152400 JavaThread "Build operations Thread 4" [_thread_blocked, id=116519, stack(0x000000030af10000,0x000000030b113000)]
  0x000000012e923a00 JavaThread "Build operations Thread 5" [_thread_blocked, id=69427, stack(0x000000030b11c000,0x000000030b31f000)]
  0x000000010f347c00 JavaThread "Build operations Thread 6" [_thread_blocked, id=104715, stack(0x000000030d4e4000,0x000000030d6e7000)]
  0x000000010f392200 JavaThread "Build operations Thread 7" [_thread_blocked, id=78863, stack(0x000000030dd14000,0x000000030df17000)]
  0x000000011e845c00 JavaThread "WorkerExecutor Queue Thread 10" [_thread_blocked, id=54539, stack(0x000000030e12c000,0x000000030e32f000)]
  0x0000000326fffa00 JavaThread "Build operations Thread 8" [_thread_blocked, id=90899, stack(0x0000000308d40000,0x0000000308f43000)]
  0x000000011e9a3400 JavaThread "WorkerExecutor Queue Thread 11" [_thread_in_Java, id=129299, stack(0x0000000308f4c000,0x000000030914f000)]
  0x000000012eb09000 JavaThread "WorkerExecutor Queue Thread 12" [_thread_in_Java, id=80659, stack(0x0000000309158000,0x000000030935b000)]
  0x0000000167022c00 JavaThread "WorkerExecutor Queue Thread 13" [_thread_blocked, id=101651, stack(0x00000003078c8000,0x0000000307acb000)]
  0x000000010fa69600 JavaThread "WorkerExecutor Queue Thread 14" [_thread_in_Java, id=58147, stack(0x0000000309570000,0x0000000309773000)]
  0x000000010ef2ee00 JavaThread "WorkerExecutor Queue Thread 15" [_thread_in_Java, id=74523, stack(0x000000030977c000,0x000000030997f000)]
  0x000000011e8b7e00 JavaThread "WorkerExecutor Queue Thread 16" [_thread_blocked, id=37403, stack(0x000000031bb04000,0x000000031bd07000)]

Other Threads:
  0x000000012fe2c680 VMThread "VM Thread" [stack: 0x000000016c5dc000,0x000000016c7df000] [id=18435]
  0x000000011fe546c0 WatcherThread [stack: 0x000000016dd78000,0x000000016df7b000] [id=26115]
  0x000000012fe26b60 GCTaskThread "GC Thread#0" [stack: 0x000000016bba0000,0x000000016bda3000] [id=15107]
  0x000000012fe4f2e0 GCTaskThread "GC Thread#1" [stack: 0x000000016df84000,0x000000016e187000] [id=26627]
  0x000000012fe4fbb0 GCTaskThread "GC Thread#2" [stack: 0x000000016e190000,0x000000016e393000] [id=26883]
  0x000000010e61f2b0 GCTaskThread "GC Thread#3" [stack: 0x000000016f814000,0x000000016fa17000] [id=42243]
  0x000000010e61faf0 GCTaskThread "GC Thread#4" [stack: 0x000000016fa20000,0x000000016fc23000] [id=34307]
  0x000000010e6203c0 GCTaskThread "GC Thread#5" [stack: 0x000000016fc2c000,0x000000016fe2f000] [id=41987]
  0x000000010e621080 GCTaskThread "GC Thread#6" [stack: 0x0000000300004000,0x0000000300207000] [id=41731]
  0x000000010e621d40 GCTaskThread "GC Thread#7" [stack: 0x0000000300210000,0x0000000300413000] [id=41475]
  0x000000011fe0b960 ConcurrentGCThread "G1 Main Marker" [stack: 0x000000016bdac000,0x000000016bfaf000] [id=13571]
  0x000000011fe0c500 ConcurrentGCThread "G1 Conc#0" [stack: 0x000000016bfb8000,0x000000016c1bb000] [id=14083]
  0x0000000109712760 ConcurrentGCThread "G1 Conc#1" [stack: 0x0000000300e58000,0x000000030105b000] [id=36611]
  0x000000011fe26b40 ConcurrentGCThread "G1 Refine#0" [stack: 0x000000016c1c4000,0x000000016c3c7000] [id=21507]
  0x00000001655a8290 ConcurrentGCThread "G1 Refine#1" [stack: 0x000000030c89c000,0x000000030ca9f000] [id=130051]
  0x000000010e358440 ConcurrentGCThread "G1 Refine#2" [stack: 0x000000030caa8000,0x000000030ccab000] [id=129795]
  0x0000000109676440 ConcurrentGCThread "G1 Refine#3" [stack: 0x000000030ccb4000,0x000000030ceb7000] [id=89091]
  0x000000010977c340 ConcurrentGCThread "G1 Refine#4" [stack: 0x000000030fbc8000,0x000000030fdcb000] [id=95491]
  0x0000000165b30730 ConcurrentGCThread "G1 Refine#5" [stack: 0x000000030fdd4000,0x000000030ffd7000] [id=96259]
  0x0000000165954d00 ConcurrentGCThread "G1 Refine#6" [stack: 0x000000030ffe0000,0x00000003101e3000] [id=122627]
  0x0000000165b65dd0 ConcurrentGCThread "G1 Refine#7" [stack: 0x000000031124c000,0x000000031144f000] [id=99075]
  0x000000011fe27870 ConcurrentGCThread "G1 Service" [stack: 0x000000016c3d0000,0x000000016c5d3000] [id=20995]

Threads with active compile tasks:
C2 CompilerThread0   564277 83323       4       com.android.tools.r8.internal.xc0::b (3604 bytes)

VM state: not at safepoint (normal execution)

VM Mutex/Monitor currently owned by a thread: None

Heap address: 0x0000000780000000, size: 2048 MB, Compressed Oops mode: Zero based, Oop shift amount: 3

CDS archive(s) mapped at: [0x0000007000000000-0x0000007000c1c000-0x0000007000c1c000), size 12697600, SharedBaseAddress: 0x0000007000000000, ArchiveRelocationMode: 1.
Compressed class space mapped at: 0x0000007001000000-0x0000007041000000, reserved size: 1073741824
Narrow klass base: 0x0000007000000000, Narrow klass shift: 0, Narrow klass range: 0x100000000

GC Precious Log:
 CPUs: 8 total, 8 available
 Memory: 8192M
 Large Page Support: Disabled
 NUMA Support: Disabled
 Compressed Oops: Enabled (Zero based)
 Heap Region Size: 1M
 Heap Min Capacity: 8M
 Heap Initial Capacity: 128M
 Heap Max Capacity: 2G
 Pre-touch: Disabled
 Parallel Workers: 8
 Concurrent Workers: 2
 Concurrent Refinement Workers: 8
 Periodic GC: Disabled

Heap:
 garbage-first heap   total 2097152K, used 890215K [0x0000000780000000, 0x0000000800000000)
  region size 1024K, 287 young (293888K), 16 survivors (16384K)
 Metaspace       used 287487K, committed 289856K, reserved 1376256K
  class space    used 36391K, committed 37632K, reserved 1048576K

Heap Regions: E=young(eden), S=young(survivor), O=old, HS=humongous(starts), HC=humongous(continues), CS=collection set, F=free, OA=open archive, CA=closed archive, TAMS=top-at-mark-start (previous, next)
|   0|0x0000000780000000, 0x0000000780100000, 0x0000000780100000|100%| O|  |TAMS 0x0000000780100000, 0x0000000780100000| Untracked 
|   1|0x0000000780100000, 0x0000000780200000, 0x0000000780200000|100%| O|  |TAMS 0x0000000780200000, 0x0000000780200000| Untracked 
|   2|0x0000000780200000, 0x0000000780300000, 0x0000000780300000|100%| O|  |TAMS 0x0000000780300000, 0x0000000780300000| Untracked 
|   3|0x0000000780300000, 0x0000000780400000, 0x0000000780400000|100%|HS|  |TAMS 0x0000000780400000, 0x0000000780400000| Complete 
|   4|0x0000000780400000, 0x0000000780500000, 0x0000000780500000|100%|HC|  |TAMS 0x0000000780500000, 0x0000000780500000| Complete 
|   5|0x0000000780500000, 0x0000000780600000, 0x0000000780600000|100%|HC|  |TAMS 0x0000000780600000, 0x0000000780600000| Complete 
|   6|0x0000000780600000, 0x0000000780700000, 0x0000000780700000|100%|HS|  |TAMS 0x0000000780700000, 0x0000000780700000| Complete 
|   7|0x0000000780700000, 0x0000000780800000, 0x0000000780800000|100%| O|  |TAMS 0x0000000780800000, 0x0000000780800000| Untracked 
|   8|0x0000000780800000, 0x0000000780900000, 0x0000000780900000|100%| O|  |TAMS 0x0000000780900000, 0x0000000780900000| Untracked 
|   9|0x0000000780900000, 0x0000000780a00000, 0x0000000780a00000|100%| O|  |TAMS 0x0000000780a00000, 0x0000000780a00000| Untracked 
|  10|0x0000000780a00000, 0x0000000780b00000, 0x0000000780b00000|100%| O|  |TAMS 0x0000000780b00000, 0x0000000780b00000| Untracked 
|  11|0x0000000780b00000, 0x0000000780c00000, 0x0000000780c00000|100%| O|  |TAMS 0x0000000780c00000, 0x0000000780c00000| Untracked 
|  12|0x0000000780c00000, 0x0000000780d00000, 0x0000000780d00000|100%| O|  |TAMS 0x0000000780d00000, 0x0000000780d00000| Untracked 
|  13|0x0000000780d00000, 0x0000000780e00000, 0x0000000780e00000|100%| O|  |TAMS 0x0000000780e00000, 0x0000000780e00000| Untracked 
|  14|0x0000000780e00000, 0x0000000780f00000, 0x0000000780f00000|100%| O|  |TAMS 0x0000000780f00000, 0x0000000780f00000| Untracked 
|  15|0x0000000780f00000, 0x0000000781000000, 0x0000000781000000|100%| O|  |TAMS 0x0000000781000000, 0x0000000781000000| Untracked 
|  16|0x0000000781000000, 0x0000000781100000, 0x0000000781100000|100%| O|  |TAMS 0x0000000781100000, 0x0000000781100000| Untracked 
|  17|0x0000000781100000, 0x0000000781200000, 0x0000000781200000|100%| O|  |TAMS 0x0000000781200000, 0x0000000781200000| Untracked 
|  18|0x0000000781200000, 0x0000000781300000, 0x0000000781300000|100%| O|  |TAMS 0x0000000781300000, 0x0000000781300000| Untracked 
|  19|0x0000000781300000, 0x0000000781400000, 0x0000000781400000|100%| O|  |TAMS 0x0000000781400000, 0x0000000781400000| Untracked 
|  20|0x0000000781400000, 0x0000000781500000, 0x0000000781500000|100%| O|  |TAMS 0x0000000781500000, 0x0000000781500000| Untracked 
|  21|0x0000000781500000, 0x0000000781600000, 0x0000000781600000|100%| O|  |TAMS 0x0000000781600000, 0x0000000781600000| Untracked 
|  22|0x0000000781600000, 0x0000000781700000, 0x0000000781700000|100%| O|  |TAMS 0x0000000781700000, 0x0000000781700000| Untracked 
|  23|0x0000000781700000, 0x0000000781800000, 0x0000000781800000|100%| O|  |TAMS 0x0000000781800000, 0x0000000781800000| Untracked 
|  24|0x0000000781800000, 0x0000000781900000, 0x0000000781900000|100%| O|  |TAMS 0x0000000781900000, 0x0000000781900000| Untracked 
|  25|0x0000000781900000, 0x0000000781a00000, 0x0000000781a00000|100%| O|  |TAMS 0x0000000781a00000, 0x0000000781a00000| Untracked 
|  26|0x0000000781a00000, 0x0000000781b00000, 0x0000000781b00000|100%| O|  |TAMS 0x0000000781b00000, 0x0000000781b00000| Untracked 
|  27|0x0000000781b00000, 0x0000000781c00000, 0x0000000781c00000|100%| O|  |TAMS 0x0000000781c00000, 0x0000000781c00000| Untracked 
|  28|0x0000000781c00000, 0x0000000781d00000, 0x0000000781d00000|100%| O|  |TAMS 0x0000000781d00000, 0x0000000781d00000| Untracked 
|  29|0x0000000781d00000, 0x0000000781e00000, 0x0000000781e00000|100%| O|  |TAMS 0x0000000781e00000, 0x0000000781e00000| Untracked 
|  30|0x0000000781e00000, 0x0000000781f00000, 0x0000000781f00000|100%| O|  |TAMS 0x0000000781f00000, 0x0000000781f00000| Untracked 
|  31|0x0000000781f00000, 0x0000000782000000, 0x0000000782000000|100%| O|  |TAMS 0x0000000782000000, 0x0000000782000000| Untracked 
|  32|0x0000000782000000, 0x0000000782100000, 0x0000000782100000|100%| O|  |TAMS 0x0000000782100000, 0x0000000782100000| Untracked 
|  33|0x0000000782100000, 0x0000000782200000, 0x0000000782200000|100%| O|  |TAMS 0x0000000782200000, 0x0000000782200000| Untracked 
|  34|0x0000000782200000, 0x0000000782300000, 0x0000000782300000|100%| O|  |TAMS 0x0000000782300000, 0x0000000782300000| Untracked 
|  35|0x0000000782300000, 0x0000000782400000, 0x0000000782400000|100%| O|  |TAMS 0x0000000782400000, 0x0000000782400000| Untracked 
|  36|0x0000000782400000, 0x0000000782500000, 0x0000000782500000|100%| O|  |TAMS 0x0000000782500000, 0x0000000782500000| Untracked 
|  37|0x0000000782500000, 0x0000000782600000, 0x0000000782600000|100%| O|  |TAMS 0x0000000782600000, 0x0000000782600000| Untracked 
|  38|0x0000000782600000, 0x0000000782700000, 0x0000000782700000|100%| O|  |TAMS 0x0000000782700000, 0x0000000782700000| Untracked 
|  39|0x0000000782700000, 0x0000000782800000, 0x0000000782800000|100%| O|  |TAMS 0x0000000782800000, 0x0000000782800000| Untracked 
|  40|0x0000000782800000, 0x0000000782900000, 0x0000000782900000|100%| O|  |TAMS 0x0000000782900000, 0x0000000782900000| Untracked 
|  41|0x0000000782900000, 0x0000000782a00000, 0x0000000782a00000|100%| O|  |TAMS 0x0000000782a00000, 0x0000000782a00000| Untracked 
|  42|0x0000000782a00000, 0x0000000782b00000, 0x0000000782b00000|100%| O|  |TAMS 0x0000000782b00000, 0x0000000782b00000| Untracked 
|  43|0x0000000782b00000, 0x0000000782c00000, 0x0000000782c00000|100%| O|  |TAMS 0x0000000782c00000, 0x0000000782c00000| Untracked 
|  44|0x0000000782c00000, 0x0000000782d00000, 0x0000000782d00000|100%| O|  |TAMS 0x0000000782d00000, 0x0000000782d00000| Untracked 
|  45|0x0000000782d00000, 0x0000000782e00000, 0x0000000782e00000|100%| O|  |TAMS 0x0000000782e00000, 0x0000000782e00000| Untracked 
|  46|0x0000000782e00000, 0x0000000782f00000, 0x0000000782f00000|100%| O|  |TAMS 0x0000000782f00000, 0x0000000782f00000| Untracked 
|  47|0x0000000782f00000, 0x0000000783000000, 0x0000000783000000|100%|HS|  |TAMS 0x0000000783000000, 0x0000000783000000| Complete 
|  48|0x0000000783000000, 0x0000000783100000, 0x0000000783100000|100%|HS|  |TAMS 0x0000000783100000, 0x0000000783100000| Complete 
|  49|0x0000000783100000, 0x0000000783200000, 0x0000000783200000|100%|HS|  |TAMS 0x0000000783200000, 0x0000000783200000| Complete 
|  50|0x0000000783200000, 0x0000000783300000, 0x0000000783300000|100%|HC|  |TAMS 0x0000000783300000, 0x0000000783300000| Complete 
|  51|0x0000000783300000, 0x0000000783400000, 0x0000000783400000|100%|HS|  |TAMS 0x0000000783400000, 0x0000000783400000| Complete 
|  52|0x0000000783400000, 0x0000000783500000, 0x0000000783500000|100%|HC|  |TAMS 0x0000000783500000, 0x0000000783500000| Complete 
|  53|0x0000000783500000, 0x0000000783600000, 0x0000000783600000|100%|HS|  |TAMS 0x0000000783600000, 0x0000000783600000| Complete 
|  54|0x0000000783600000, 0x0000000783700000, 0x0000000783700000|100%|HS|  |TAMS 0x0000000783700000, 0x0000000783700000| Complete 
|  55|0x0000000783700000, 0x0000000783800000, 0x0000000783800000|100%| O|  |TAMS 0x0000000783800000, 0x0000000783800000| Untracked 
|  56|0x0000000783800000, 0x0000000783900000, 0x0000000783900000|100%|HS|  |TAMS 0x0000000783900000, 0x0000000783900000| Complete 
|  57|0x0000000783900000, 0x0000000783a00000, 0x0000000783a00000|100%|HS|  |TAMS 0x0000000783a00000, 0x0000000783a00000| Complete 
|  58|0x0000000783a00000, 0x0000000783b00000, 0x0000000783b00000|100%| O|  |TAMS 0x0000000783b00000, 0x0000000783b00000| Untracked 
|  59|0x0000000783b00000, 0x0000000783c00000, 0x0000000783c00000|100%| O|  |TAMS 0x0000000783c00000, 0x0000000783c00000| Untracked 
|  60|0x0000000783c00000, 0x0000000783d00000, 0x0000000783d00000|100%| O|  |TAMS 0x0000000783d00000, 0x0000000783d00000| Untracked 
|  61|0x0000000783d00000, 0x0000000783e00000, 0x0000000783e00000|100%| O|  |TAMS 0x0000000783e00000, 0x0000000783e00000| Untracked 
|  62|0x0000000783e00000, 0x0000000783f00000, 0x0000000783f00000|100%| O|  |TAMS 0x0000000783f00000, 0x0000000783f00000| Untracked 
|  63|0x0000000783f00000, 0x0000000784000000, 0x0000000784000000|100%| O|  |TAMS 0x0000000784000000, 0x0000000784000000| Untracked 
|  64|0x0000000784000000, 0x0000000784100000, 0x0000000784100000|100%| O|  |TAMS 0x0000000784100000, 0x0000000784100000| Untracked 
|  65|0x0000000784100000, 0x0000000784200000, 0x0000000784200000|100%| O|  |TAMS 0x0000000784200000, 0x0000000784200000| Untracked 
|  66|0x0000000784200000, 0x0000000784300000, 0x0000000784300000|100%| O|  |TAMS 0x0000000784300000, 0x0000000784300000| Untracked 
|  67|0x0000000784300000, 0x0000000784400000, 0x0000000784400000|100%| O|  |TAMS 0x0000000784400000, 0x0000000784400000| Untracked 
|  68|0x0000000784400000, 0x0000000784500000, 0x0000000784500000|100%| O|  |TAMS 0x0000000784500000, 0x0000000784500000| Untracked 
|  69|0x0000000784500000, 0x0000000784600000, 0x0000000784600000|100%| O|  |TAMS 0x0000000784600000, 0x0000000784600000| Untracked 
|  70|0x0000000784600000, 0x0000000784700000, 0x0000000784700000|100%| O|  |TAMS 0x0000000784700000, 0x0000000784700000| Untracked 
|  71|0x0000000784700000, 0x00000007847fee00, 0x0000000784800000| 99%| O|  |TAMS 0x00000007847fee00, 0x00000007847fee00| Untracked 
|  72|0x0000000784800000, 0x0000000784900000, 0x0000000784900000|100%|HS|  |TAMS 0x0000000784900000, 0x0000000784900000| Complete 
|  73|0x0000000784900000, 0x0000000784a00000, 0x0000000784a00000|100%| O|  |TAMS 0x0000000784a00000, 0x0000000784a00000| Untracked 
|  74|0x0000000784a00000, 0x0000000784b00000, 0x0000000784b00000|100%| O|  |TAMS 0x0000000784b00000, 0x0000000784b00000| Untracked 
|  75|0x0000000784b00000, 0x0000000784c00000, 0x0000000784c00000|100%| O|  |TAMS 0x0000000784c00000, 0x0000000784c00000| Untracked 
|  76|0x0000000784c00000, 0x0000000784d00000, 0x0000000784d00000|100%| O|  |TAMS 0x0000000784d00000, 0x0000000784d00000| Untracked 
|  77|0x0000000784d00000, 0x0000000784e00000, 0x0000000784e00000|100%| O|  |TAMS 0x0000000784e00000, 0x0000000784e00000| Untracked 
|  78|0x0000000784e00000, 0x0000000784f00000, 0x0000000784f00000|100%| O|  |TAMS 0x0000000784f00000, 0x0000000784f00000| Untracked 
|  79|0x0000000784f00000, 0x0000000785000000, 0x0000000785000000|100%| O|  |TAMS 0x0000000785000000, 0x0000000785000000| Untracked 
|  80|0x0000000785000000, 0x0000000785100000, 0x0000000785100000|100%| O|  |TAMS 0x0000000785100000, 0x0000000785100000| Untracked 
|  81|0x0000000785100000, 0x0000000785200000, 0x0000000785200000|100%| O|  |TAMS 0x0000000785200000, 0x0000000785200000| Untracked 
|  82|0x0000000785200000, 0x0000000785300000, 0x0000000785300000|100%| O|  |TAMS 0x0000000785300000, 0x0000000785300000| Untracked 
|  83|0x0000000785300000, 0x0000000785400000, 0x0000000785400000|100%| O|  |TAMS 0x0000000785400000, 0x0000000785400000| Untracked 
|  84|0x0000000785400000, 0x0000000785500000, 0x0000000785500000|100%| O|  |TAMS 0x0000000785500000, 0x0000000785500000| Untracked 
|  85|0x0000000785500000, 0x0000000785600000, 0x0000000785600000|100%| O|  |TAMS 0x0000000785600000, 0x0000000785600000| Untracked 
|  86|0x0000000785600000, 0x0000000785700000, 0x0000000785700000|100%| O|  |TAMS 0x0000000785700000, 0x0000000785700000| Untracked 
|  87|0x0000000785700000, 0x0000000785800000, 0x0000000785800000|100%| O|  |TAMS 0x0000000785800000, 0x0000000785800000| Untracked 
|  88|0x0000000785800000, 0x0000000785900000, 0x0000000785900000|100%| O|  |TAMS 0x0000000785900000, 0x0000000785900000| Untracked 
|  89|0x0000000785900000, 0x0000000785a00000, 0x0000000785a00000|100%| O|  |TAMS 0x0000000785a00000, 0x0000000785a00000| Untracked 
|  90|0x0000000785a00000, 0x0000000785b00000, 0x0000000785b00000|100%| O|  |TAMS 0x0000000785b00000, 0x0000000785b00000| Untracked 
|  91|0x0000000785b00000, 0x0000000785c00000, 0x0000000785c00000|100%| O|  |TAMS 0x0000000785c00000, 0x0000000785c00000| Untracked 
|  92|0x0000000785c00000, 0x0000000785c00000, 0x0000000785d00000|  0%| F|  |TAMS 0x0000000785c00000, 0x0000000785c00000| Untracked 
|  93|0x0000000785d00000, 0x0000000785e00000, 0x0000000785e00000|100%| O|  |TAMS 0x0000000785e00000, 0x0000000785e00000| Untracked 
|  94|0x0000000785e00000, 0x0000000785f00000, 0x0000000785f00000|100%| O|  |TAMS 0x0000000785f00000, 0x0000000785f00000| Untracked 
|  95|0x0000000785f00000, 0x0000000786000000, 0x0000000786000000|100%| O|  |TAMS 0x0000000786000000, 0x0000000786000000| Untracked 
|  96|0x0000000786000000, 0x0000000786100000, 0x0000000786100000|100%| O|  |TAMS 0x0000000786100000, 0x0000000786100000| Untracked 
|  97|0x0000000786100000, 0x0000000786200000, 0x0000000786200000|100%| O|  |TAMS 0x0000000786200000, 0x0000000786200000| Untracked 
|  98|0x0000000786200000, 0x0000000786300000, 0x0000000786300000|100%| O|  |TAMS 0x0000000786300000, 0x0000000786300000| Untracked 
|  99|0x0000000786300000, 0x0000000786400000, 0x0000000786400000|100%| O|  |TAMS 0x0000000786400000, 0x0000000786400000| Untracked 
| 100|0x0000000786400000, 0x0000000786500000, 0x0000000786500000|100%| O|  |TAMS 0x0000000786500000, 0x0000000786500000| Untracked 
| 101|0x0000000786500000, 0x0000000786600000, 0x0000000786600000|100%| O|  |TAMS 0x0000000786600000, 0x0000000786600000| Untracked 
| 102|0x0000000786600000, 0x0000000786700000, 0x0000000786700000|100%| O|  |TAMS 0x0000000786700000, 0x0000000786700000| Untracked 
| 103|0x0000000786700000, 0x0000000786800000, 0x0000000786800000|100%| O|  |TAMS 0x0000000786800000, 0x0000000786800000| Untracked 
| 104|0x0000000786800000, 0x0000000786900000, 0x0000000786900000|100%| O|  |TAMS 0x0000000786900000, 0x0000000786900000| Untracked 
| 105|0x0000000786900000, 0x0000000786a00000, 0x0000000786a00000|100%| O|  |TAMS 0x0000000786a00000, 0x0000000786a00000| Untracked 
| 106|0x0000000786a00000, 0x0000000786b00000, 0x0000000786b00000|100%| O|  |TAMS 0x0000000786b00000, 0x0000000786b00000| Untracked 
| 107|0x0000000786b00000, 0x0000000786c00000, 0x0000000786c00000|100%| O|  |TAMS 0x0000000786c00000, 0x0000000786c00000| Untracked 
| 108|0x0000000786c00000, 0x0000000786d00000, 0x0000000786d00000|100%| O|  |TAMS 0x0000000786d00000, 0x0000000786d00000| Untracked 
| 109|0x0000000786d00000, 0x0000000786e00000, 0x0000000786e00000|100%| O|  |TAMS 0x0000000786e00000, 0x0000000786e00000| Untracked 
| 110|0x0000000786e00000, 0x0000000786f00000, 0x0000000786f00000|100%| O|  |TAMS 0x0000000786f00000, 0x0000000786f00000| Untracked 
| 111|0x0000000786f00000, 0x0000000787000000, 0x0000000787000000|100%| O|  |TAMS 0x0000000787000000, 0x0000000787000000| Untracked 
| 112|0x0000000787000000, 0x0000000787100000, 0x0000000787100000|100%| O|  |TAMS 0x0000000787100000, 0x0000000787100000| Untracked 
| 113|0x0000000787100000, 0x0000000787200000, 0x0000000787200000|100%| O|  |TAMS 0x0000000787200000, 0x0000000787200000| Untracked 
| 114|0x0000000787200000, 0x0000000787300000, 0x0000000787300000|100%| O|  |TAMS 0x0000000787300000, 0x0000000787300000| Untracked 
| 115|0x0000000787300000, 0x0000000787400000, 0x0000000787400000|100%| O|  |TAMS 0x0000000787400000, 0x0000000787400000| Untracked 
| 116|0x0000000787400000, 0x0000000787500000, 0x0000000787500000|100%| O|  |TAMS 0x0000000787500000, 0x0000000787500000| Untracked 
| 117|0x0000000787500000, 0x0000000787600000, 0x0000000787600000|100%| O|  |TAMS 0x0000000787600000, 0x0000000787600000| Untracked 
| 118|0x0000000787600000, 0x0000000787700000, 0x0000000787700000|100%| O|  |TAMS 0x0000000787700000, 0x0000000787700000| Untracked 
| 119|0x0000000787700000, 0x0000000787800000, 0x0000000787800000|100%| O|  |TAMS 0x0000000787800000, 0x0000000787800000| Untracked 
| 120|0x0000000787800000, 0x0000000787900000, 0x0000000787900000|100%| O|  |TAMS 0x0000000787900000, 0x0000000787900000| Untracked 
| 121|0x0000000787900000, 0x0000000787a00000, 0x0000000787a00000|100%| O|  |TAMS 0x0000000787a00000, 0x0000000787a00000| Untracked 
| 122|0x0000000787a00000, 0x0000000787b00000, 0x0000000787b00000|100%| O|  |TAMS 0x0000000787b00000, 0x0000000787b00000| Untracked 
| 123|0x0000000787b00000, 0x0000000787c00000, 0x0000000787c00000|100%| O|  |TAMS 0x0000000787c00000, 0x0000000787c00000| Untracked 
| 124|0x0000000787c00000, 0x0000000787d00000, 0x0000000787d00000|100%| O|  |TAMS 0x0000000787d00000, 0x0000000787d00000| Untracked 
| 125|0x0000000787d00000, 0x0000000787e00000, 0x0000000787e00000|100%| O|  |TAMS 0x0000000787e00000, 0x0000000787e00000| Untracked 
| 126|0x0000000787e00000, 0x0000000787f00000, 0x0000000787f00000|100%| O|  |TAMS 0x0000000787f00000, 0x0000000787f00000| Untracked 
| 127|0x0000000787f00000, 0x0000000788000000, 0x0000000788000000|100%| O|  |TAMS 0x0000000788000000, 0x0000000788000000| Untracked 
| 128|0x0000000788000000, 0x0000000788100000, 0x0000000788100000|100%| O|  |TAMS 0x0000000788100000, 0x0000000788100000| Untracked 
| 129|0x0000000788100000, 0x0000000788200000, 0x0000000788200000|100%| O|  |TAMS 0x0000000788200000, 0x0000000788200000| Untracked 
| 130|0x0000000788200000, 0x0000000788300000, 0x0000000788300000|100%| O|  |TAMS 0x0000000788300000, 0x0000000788300000| Untracked 
| 131|0x0000000788300000, 0x0000000788400000, 0x0000000788400000|100%| O|  |TAMS 0x0000000788400000, 0x0000000788400000| Untracked 
| 132|0x0000000788400000, 0x0000000788500000, 0x0000000788500000|100%| O|  |TAMS 0x0000000788500000, 0x0000000788500000| Untracked 
| 133|0x0000000788500000, 0x0000000788600000, 0x0000000788600000|100%| O|  |TAMS 0x0000000788600000, 0x0000000788600000| Untracked 
| 134|0x0000000788600000, 0x0000000788700000, 0x0000000788700000|100%| O|  |TAMS 0x0000000788700000, 0x0000000788700000| Untracked 
| 135|0x0000000788700000, 0x0000000788800000, 0x0000000788800000|100%| O|  |TAMS 0x0000000788800000, 0x0000000788800000| Untracked 
| 136|0x0000000788800000, 0x0000000788900000, 0x0000000788900000|100%| O|  |TAMS 0x0000000788900000, 0x0000000788900000| Untracked 
| 137|0x0000000788900000, 0x0000000788a00000, 0x0000000788a00000|100%| O|  |TAMS 0x0000000788a00000, 0x0000000788a00000| Untracked 
| 138|0x0000000788a00000, 0x0000000788b00000, 0x0000000788b00000|100%| O|  |TAMS 0x0000000788b00000, 0x0000000788b00000| Untracked 
| 139|0x0000000788b00000, 0x0000000788c00000, 0x0000000788c00000|100%| O|  |TAMS 0x0000000788c00000, 0x0000000788c00000| Untracked 
| 140|0x0000000788c00000, 0x0000000788d00000, 0x0000000788d00000|100%| O|  |TAMS 0x0000000788d00000, 0x0000000788d00000| Untracked 
| 141|0x0000000788d00000, 0x0000000788e00000, 0x0000000788e00000|100%| O|  |TAMS 0x0000000788e00000, 0x0000000788e00000| Untracked 
| 142|0x0000000788e00000, 0x0000000788f00000, 0x0000000788f00000|100%| O|  |TAMS 0x0000000788f00000, 0x0000000788f00000| Untracked 
| 143|0x0000000788f00000, 0x0000000789000000, 0x0000000789000000|100%| O|  |TAMS 0x0000000789000000, 0x0000000789000000| Untracked 
| 144|0x0000000789000000, 0x0000000789100000, 0x0000000789100000|100%| O|  |TAMS 0x0000000789100000, 0x0000000789100000| Untracked 
| 145|0x0000000789100000, 0x0000000789200000, 0x0000000789200000|100%| O|  |TAMS 0x0000000789200000, 0x0000000789200000| Untracked 
| 146|0x0000000789200000, 0x0000000789300000, 0x0000000789300000|100%| O|  |TAMS 0x0000000789300000, 0x0000000789300000| Untracked 
| 147|0x0000000789300000, 0x0000000789400000, 0x0000000789400000|100%| O|  |TAMS 0x0000000789400000, 0x0000000789400000| Untracked 
| 148|0x0000000789400000, 0x0000000789500000, 0x0000000789500000|100%| O|  |TAMS 0x0000000789500000, 0x0000000789500000| Untracked 
| 149|0x0000000789500000, 0x0000000789600000, 0x0000000789600000|100%| O|  |TAMS 0x0000000789600000, 0x0000000789600000| Untracked 
| 150|0x0000000789600000, 0x0000000789700000, 0x0000000789700000|100%| O|  |TAMS 0x0000000789700000, 0x0000000789700000| Untracked 
| 151|0x0000000789700000, 0x0000000789800000, 0x0000000789800000|100%| O|  |TAMS 0x0000000789800000, 0x0000000789800000| Untracked 
| 152|0x0000000789800000, 0x0000000789900000, 0x0000000789900000|100%| O|  |TAMS 0x0000000789900000, 0x0000000789900000| Untracked 
| 153|0x0000000789900000, 0x0000000789a00000, 0x0000000789a00000|100%| O|  |TAMS 0x0000000789a00000, 0x0000000789a00000| Untracked 
| 154|0x0000000789a00000, 0x0000000789b00000, 0x0000000789b00000|100%| O|  |TAMS 0x0000000789b00000, 0x0000000789b00000| Untracked 
| 155|0x0000000789b00000, 0x0000000789c00000, 0x0000000789c00000|100%| O|  |TAMS 0x0000000789c00000, 0x0000000789c00000| Untracked 
| 156|0x0000000789c00000, 0x0000000789d00000, 0x0000000789d00000|100%| O|  |TAMS 0x0000000789d00000, 0x0000000789d00000| Untracked 
| 157|0x0000000789d00000, 0x0000000789e00000, 0x0000000789e00000|100%| O|  |TAMS 0x0000000789e00000, 0x0000000789e00000| Untracked 
| 158|0x0000000789e00000, 0x0000000789f00000, 0x0000000789f00000|100%| O|  |TAMS 0x0000000789f00000, 0x0000000789f00000| Untracked 
| 159|0x0000000789f00000, 0x000000078a000000, 0x000000078a000000|100%| O|  |TAMS 0x000000078a000000, 0x000000078a000000| Untracked 
| 160|0x000000078a000000, 0x000000078a100000, 0x000000078a100000|100%| O|  |TAMS 0x000000078a100000, 0x000000078a100000| Untracked 
| 161|0x000000078a100000, 0x000000078a200000, 0x000000078a200000|100%| O|  |TAMS 0x000000078a200000, 0x000000078a200000| Untracked 
| 162|0x000000078a200000, 0x000000078a300000, 0x000000078a300000|100%| O|  |TAMS 0x000000078a300000, 0x000000078a300000| Untracked 
| 163|0x000000078a300000, 0x000000078a400000, 0x000000078a400000|100%| O|  |TAMS 0x000000078a400000, 0x000000078a400000| Untracked 
| 164|0x000000078a400000, 0x000000078a500000, 0x000000078a500000|100%| O|  |TAMS 0x000000078a500000, 0x000000078a500000| Untracked 
| 165|0x000000078a500000, 0x000000078a600000, 0x000000078a600000|100%| O|  |TAMS 0x000000078a600000, 0x000000078a600000| Untracked 
| 166|0x000000078a600000, 0x000000078a700000, 0x000000078a700000|100%| O|  |TAMS 0x000000078a700000, 0x000000078a700000| Untracked 
| 167|0x000000078a700000, 0x000000078a800000, 0x000000078a800000|100%| O|  |TAMS 0x000000078a800000, 0x000000078a800000| Untracked 
| 168|0x000000078a800000, 0x000000078a900000, 0x000000078a900000|100%| O|  |TAMS 0x000000078a900000, 0x000000078a900000| Untracked 
| 169|0x000000078a900000, 0x000000078aa00000, 0x000000078aa00000|100%| O|  |TAMS 0x000000078aa00000, 0x000000078aa00000| Untracked 
| 170|0x000000078aa00000, 0x000000078ab00000, 0x000000078ab00000|100%| O|  |TAMS 0x000000078ab00000, 0x000000078ab00000| Untracked 
| 171|0x000000078ab00000, 0x000000078ac00000, 0x000000078ac00000|100%| O|  |TAMS 0x000000078ac00000, 0x000000078ac00000| Untracked 
| 172|0x000000078ac00000, 0x000000078ac00000, 0x000000078ad00000|  0%| F|  |TAMS 0x000000078ac00000, 0x000000078ac00000| Untracked 
| 173|0x000000078ad00000, 0x000000078ae00000, 0x000000078ae00000|100%| O|  |TAMS 0x000000078ae00000, 0x000000078ae00000| Untracked 
| 174|0x000000078ae00000, 0x000000078af00000, 0x000000078af00000|100%| O|  |TAMS 0x000000078af00000, 0x000000078af00000| Untracked 
| 175|0x000000078af00000, 0x000000078b000000, 0x000000078b000000|100%| O|  |TAMS 0x000000078b000000, 0x000000078b000000| Untracked 
| 176|0x000000078b000000, 0x000000078b100000, 0x000000078b100000|100%| O|  |TAMS 0x000000078b100000, 0x000000078b100000| Untracked 
| 177|0x000000078b100000, 0x000000078b200000, 0x000000078b200000|100%| O|  |TAMS 0x000000078b200000, 0x000000078b200000| Untracked 
| 178|0x000000078b200000, 0x000000078b300000, 0x000000078b300000|100%| O|  |TAMS 0x000000078b300000, 0x000000078b300000| Untracked 
| 179|0x000000078b300000, 0x000000078b400000, 0x000000078b400000|100%| O|  |TAMS 0x000000078b400000, 0x000000078b400000| Untracked 
| 180|0x000000078b400000, 0x000000078b500000, 0x000000078b500000|100%| O|  |TAMS 0x000000078b500000, 0x000000078b500000| Untracked 
| 181|0x000000078b500000, 0x000000078b600000, 0x000000078b600000|100%| O|  |TAMS 0x000000078b600000, 0x000000078b600000| Untracked 
| 182|0x000000078b600000, 0x000000078b700000, 0x000000078b700000|100%| O|  |TAMS 0x000000078b700000, 0x000000078b700000| Untracked 
| 183|0x000000078b700000, 0x000000078b800000, 0x000000078b800000|100%| O|  |TAMS 0x000000078b800000, 0x000000078b800000| Untracked 
| 184|0x000000078b800000, 0x000000078b900000, 0x000000078b900000|100%| O|  |TAMS 0x000000078b900000, 0x000000078b900000| Untracked 
| 185|0x000000078b900000, 0x000000078ba00000, 0x000000078ba00000|100%| O|  |TAMS 0x000000078ba00000, 0x000000078ba00000| Untracked 
| 186|0x000000078ba00000, 0x000000078bb00000, 0x000000078bb00000|100%| O|  |TAMS 0x000000078bb00000, 0x000000078bb00000| Untracked 
| 187|0x000000078bb00000, 0x000000078bc00000, 0x000000078bc00000|100%| O|  |TAMS 0x000000078bc00000, 0x000000078bc00000| Untracked 
| 188|0x000000078bc00000, 0x000000078bd00000, 0x000000078bd00000|100%| O|  |TAMS 0x000000078bd00000, 0x000000078bd00000| Untracked 
| 189|0x000000078bd00000, 0x000000078be00000, 0x000000078be00000|100%| O|  |TAMS 0x000000078be00000, 0x000000078be00000| Untracked 
| 190|0x000000078be00000, 0x000000078bf00000, 0x000000078bf00000|100%| O|  |TAMS 0x000000078bf00000, 0x000000078bf00000| Untracked 
| 191|0x000000078bf00000, 0x000000078c000000, 0x000000078c000000|100%| O|  |TAMS 0x000000078c000000, 0x000000078c000000| Untracked 
| 192|0x000000078c000000, 0x000000078c100000, 0x000000078c100000|100%| O|  |TAMS 0x000000078c100000, 0x000000078c100000| Untracked 
| 193|0x000000078c100000, 0x000000078c200000, 0x000000078c200000|100%| O|  |TAMS 0x000000078c200000, 0x000000078c200000| Untracked 
| 194|0x000000078c200000, 0x000000078c300000, 0x000000078c300000|100%| O|  |TAMS 0x000000078c300000, 0x000000078c300000| Untracked 
| 195|0x000000078c300000, 0x000000078c400000, 0x000000078c400000|100%| O|  |TAMS 0x000000078c400000, 0x000000078c400000| Untracked 
| 196|0x000000078c400000, 0x000000078c500000, 0x000000078c500000|100%| O|  |TAMS 0x000000078c500000, 0x000000078c500000| Untracked 
| 197|0x000000078c500000, 0x000000078c600000, 0x000000078c600000|100%| O|  |TAMS 0x000000078c600000, 0x000000078c600000| Untracked 
| 198|0x000000078c600000, 0x000000078c700000, 0x000000078c700000|100%| O|  |TAMS 0x000000078c700000, 0x000000078c700000| Untracked 
| 199|0x000000078c700000, 0x000000078c800000, 0x000000078c800000|100%| O|  |TAMS 0x000000078c800000, 0x000000078c800000| Untracked 
| 200|0x000000078c800000, 0x000000078c900000, 0x000000078c900000|100%| O|  |TAMS 0x000000078c900000, 0x000000078c900000| Untracked 
| 201|0x000000078c900000, 0x000000078ca00000, 0x000000078ca00000|100%| O|  |TAMS 0x000000078ca00000, 0x000000078ca00000| Untracked 
| 202|0x000000078ca00000, 0x000000078cb00000, 0x000000078cb00000|100%| O|  |TAMS 0x000000078cb00000, 0x000000078cb00000| Untracked 
| 203|0x000000078cb00000, 0x000000078cc00000, 0x000000078cc00000|100%| O|  |TAMS 0x000000078cc00000, 0x000000078cc00000| Untracked 
| 204|0x000000078cc00000, 0x000000078cd00000, 0x000000078cd00000|100%| O|  |TAMS 0x000000078cd00000, 0x000000078cd00000| Untracked 
| 205|0x000000078cd00000, 0x000000078ce00000, 0x000000078ce00000|100%| O|  |TAMS 0x000000078ce00000, 0x000000078ce00000| Untracked 
| 206|0x000000078ce00000, 0x000000078cf00000, 0x000000078cf00000|100%| O|  |TAMS 0x000000078cf00000, 0x000000078cf00000| Untracked 
| 207|0x000000078cf00000, 0x000000078d000000, 0x000000078d000000|100%| O|  |TAMS 0x000000078d000000, 0x000000078d000000| Untracked 
| 208|0x000000078d000000, 0x000000078d100000, 0x000000078d100000|100%| O|  |TAMS 0x000000078d100000, 0x000000078d100000| Untracked 
| 209|0x000000078d100000, 0x000000078d200000, 0x000000078d200000|100%| O|  |TAMS 0x000000078d200000, 0x000000078d200000| Untracked 
| 210|0x000000078d200000, 0x000000078d300000, 0x000000078d300000|100%| O|  |TAMS 0x000000078d300000, 0x000000078d300000| Untracked 
| 211|0x000000078d300000, 0x000000078d400000, 0x000000078d400000|100%| O|  |TAMS 0x000000078d400000, 0x000000078d400000| Untracked 
| 212|0x000000078d400000, 0x000000078d500000, 0x000000078d500000|100%| O|  |TAMS 0x000000078d500000, 0x000000078d500000| Untracked 
| 213|0x000000078d500000, 0x000000078d600000, 0x000000078d600000|100%| O|  |TAMS 0x000000078d600000, 0x000000078d600000| Untracked 
| 214|0x000000078d600000, 0x000000078d700000, 0x000000078d700000|100%| O|  |TAMS 0x000000078d700000, 0x000000078d700000| Untracked 
| 215|0x000000078d700000, 0x000000078d800000, 0x000000078d800000|100%| O|  |TAMS 0x000000078d800000, 0x000000078d800000| Untracked 
| 216|0x000000078d800000, 0x000000078d900000, 0x000000078d900000|100%| O|  |TAMS 0x000000078d900000, 0x000000078d900000| Untracked 
| 217|0x000000078d900000, 0x000000078da00000, 0x000000078da00000|100%| O|  |TAMS 0x000000078da00000, 0x000000078da00000| Untracked 
| 218|0x000000078da00000, 0x000000078db00000, 0x000000078db00000|100%| O|  |TAMS 0x000000078db00000, 0x000000078db00000| Untracked 
| 219|0x000000078db00000, 0x000000078dc00000, 0x000000078dc00000|100%| O|  |TAMS 0x000000078dc00000, 0x000000078dc00000| Untracked 
| 220|0x000000078dc00000, 0x000000078dd00000, 0x000000078dd00000|100%| O|  |TAMS 0x000000078dd00000, 0x000000078dd00000| Untracked 
| 221|0x000000078dd00000, 0x000000078de00000, 0x000000078de00000|100%| O|  |TAMS 0x000000078de00000, 0x000000078de00000| Untracked 
| 222|0x000000078de00000, 0x000000078df00000, 0x000000078df00000|100%| O|  |TAMS 0x000000078df00000, 0x000000078df00000| Untracked 
| 223|0x000000078df00000, 0x000000078e000000, 0x000000078e000000|100%| O|  |TAMS 0x000000078e000000, 0x000000078e000000| Untracked 
| 224|0x000000078e000000, 0x000000078e100000, 0x000000078e100000|100%| O|  |TAMS 0x000000078e100000, 0x000000078e100000| Untracked 
| 225|0x000000078e100000, 0x000000078e200000, 0x000000078e200000|100%| O|  |TAMS 0x000000078e200000, 0x000000078e200000| Untracked 
| 226|0x000000078e200000, 0x000000078e300000, 0x000000078e300000|100%| O|  |TAMS 0x000000078e300000, 0x000000078e300000| Untracked 
| 227|0x000000078e300000, 0x000000078e400000, 0x000000078e400000|100%| O|  |TAMS 0x000000078e400000, 0x000000078e400000| Untracked 
| 228|0x000000078e400000, 0x000000078e500000, 0x000000078e500000|100%| O|  |TAMS 0x000000078e500000, 0x000000078e500000| Untracked 
| 229|0x000000078e500000, 0x000000078e600000, 0x000000078e600000|100%| O|  |TAMS 0x000000078e600000, 0x000000078e600000| Untracked 
| 230|0x000000078e600000, 0x000000078e700000, 0x000000078e700000|100%| O|  |TAMS 0x000000078e700000, 0x000000078e700000| Untracked 
| 231|0x000000078e700000, 0x000000078e700000, 0x000000078e800000|  0%| F|  |TAMS 0x000000078e700000, 0x000000078e700000| Untracked 
| 232|0x000000078e800000, 0x000000078e800000, 0x000000078e900000|  0%| F|  |TAMS 0x000000078e800000, 0x000000078e800000| Untracked 
| 233|0x000000078e900000, 0x000000078ea00000, 0x000000078ea00000|100%| O|  |TAMS 0x000000078ea00000, 0x000000078ea00000| Untracked 
| 234|0x000000078ea00000, 0x000000078eb00000, 0x000000078eb00000|100%| O|  |TAMS 0x000000078eb00000, 0x000000078eb00000| Untracked 
| 235|0x000000078eb00000, 0x000000078ec00000, 0x000000078ec00000|100%| O|  |TAMS 0x000000078ec00000, 0x000000078ec00000| Untracked 
| 236|0x000000078ec00000, 0x000000078ed00000, 0x000000078ed00000|100%| O|  |TAMS 0x000000078ed00000, 0x000000078ed00000| Untracked 
| 237|0x000000078ed00000, 0x000000078ee00000, 0x000000078ee00000|100%| O|  |TAMS 0x000000078ee00000, 0x000000078ee00000| Untracked 
| 238|0x000000078ee00000, 0x000000078ef00000, 0x000000078ef00000|100%| O|  |TAMS 0x000000078ef00000, 0x000000078ef00000| Untracked 
| 239|0x000000078ef00000, 0x000000078f000000, 0x000000078f000000|100%| O|  |TAMS 0x000000078f000000, 0x000000078f000000| Untracked 
| 240|0x000000078f000000, 0x000000078f100000, 0x000000078f100000|100%| O|  |TAMS 0x000000078f100000, 0x000000078f100000| Untracked 
| 241|0x000000078f100000, 0x000000078f200000, 0x000000078f200000|100%| O|  |TAMS 0x000000078f200000, 0x000000078f200000| Untracked 
| 242|0x000000078f200000, 0x000000078f300000, 0x000000078f300000|100%| O|  |TAMS 0x000000078f300000, 0x000000078f300000| Untracked 
| 243|0x000000078f300000, 0x000000078f400000, 0x000000078f400000|100%|HS|  |TAMS 0x000000078f400000, 0x000000078f400000| Complete 
| 244|0x000000078f400000, 0x000000078f500000, 0x000000078f500000|100%|HC|  |TAMS 0x000000078f500000, 0x000000078f500000| Complete 
| 245|0x000000078f500000, 0x000000078f600000, 0x000000078f600000|100%|HC|  |TAMS 0x000000078f600000, 0x000000078f600000| Complete 
| 246|0x000000078f600000, 0x000000078f700000, 0x000000078f700000|100%|HC|  |TAMS 0x000000078f700000, 0x000000078f700000| Complete 
| 247|0x000000078f700000, 0x000000078f800000, 0x000000078f800000|100%| O|  |TAMS 0x000000078f800000, 0x000000078f800000| Untracked 
| 248|0x000000078f800000, 0x000000078f900000, 0x000000078f900000|100%| O|  |TAMS 0x000000078f900000, 0x000000078f900000| Untracked 
| 249|0x000000078f900000, 0x000000078fa00000, 0x000000078fa00000|100%| O|  |TAMS 0x000000078fa00000, 0x000000078fa00000| Untracked 
| 250|0x000000078fa00000, 0x000000078fb00000, 0x000000078fb00000|100%| O|  |TAMS 0x000000078fb00000, 0x000000078fb00000| Untracked 
| 251|0x000000078fb00000, 0x000000078fc00000, 0x000000078fc00000|100%| O|  |TAMS 0x000000078fc00000, 0x000000078fc00000| Untracked 
| 252|0x000000078fc00000, 0x000000078fd00000, 0x000000078fd00000|100%| O|  |TAMS 0x000000078fd00000, 0x000000078fd00000| Untracked 
| 253|0x000000078fd00000, 0x000000078fe00000, 0x000000078fe00000|100%| O|  |TAMS 0x000000078fe00000, 0x000000078fe00000| Untracked 
| 254|0x000000078fe00000, 0x000000078ff00000, 0x000000078ff00000|100%| O|  |TAMS 0x000000078ff00000, 0x000000078ff00000| Untracked 
| 255|0x000000078ff00000, 0x0000000790000000, 0x0000000790000000|100%| O|  |TAMS 0x0000000790000000, 0x0000000790000000| Untracked 
| 256|0x0000000790000000, 0x0000000790100000, 0x0000000790100000|100%| O|  |TAMS 0x0000000790100000, 0x0000000790100000| Untracked 
| 257|0x0000000790100000, 0x0000000790200000, 0x0000000790200000|100%| O|  |TAMS 0x0000000790200000, 0x0000000790200000| Untracked 
| 258|0x0000000790200000, 0x0000000790300000, 0x0000000790300000|100%| O|  |TAMS 0x0000000790300000, 0x0000000790300000| Untracked 
| 259|0x0000000790300000, 0x0000000790400000, 0x0000000790400000|100%| O|  |TAMS 0x0000000790400000, 0x0000000790400000| Untracked 
| 260|0x0000000790400000, 0x0000000790500000, 0x0000000790500000|100%| O|  |TAMS 0x0000000790500000, 0x0000000790500000| Untracked 
| 261|0x0000000790500000, 0x0000000790600000, 0x0000000790600000|100%| O|  |TAMS 0x0000000790600000, 0x0000000790600000| Untracked 
| 262|0x0000000790600000, 0x0000000790700000, 0x0000000790700000|100%| O|  |TAMS 0x0000000790600000, 0x0000000790700000| Untracked 
| 263|0x0000000790700000, 0x0000000790700000, 0x0000000790800000|  0%| F|  |TAMS 0x0000000790700000, 0x0000000790700000| Untracked 
| 264|0x0000000790800000, 0x0000000790900000, 0x0000000790900000|100%| O|  |TAMS 0x0000000790900000, 0x0000000790900000| Untracked 
| 265|0x0000000790900000, 0x0000000790a00000, 0x0000000790a00000|100%| O|  |TAMS 0x0000000790a00000, 0x0000000790a00000| Untracked 
| 266|0x0000000790a00000, 0x0000000790b00000, 0x0000000790b00000|100%| O|  |TAMS 0x0000000790b00000, 0x0000000790b00000| Untracked 
| 267|0x0000000790b00000, 0x0000000790b00000, 0x0000000790c00000|  0%| F|  |TAMS 0x0000000790b00000, 0x0000000790b00000| Untracked 
| 268|0x0000000790c00000, 0x0000000790d00000, 0x0000000790d00000|100%| O|  |TAMS 0x0000000790c00000, 0x0000000790d00000| Untracked 
| 269|0x0000000790d00000, 0x0000000790e00000, 0x0000000790e00000|100%| O|  |TAMS 0x0000000790e00000, 0x0000000790e00000| Untracked 
| 270|0x0000000790e00000, 0x0000000790f00000, 0x0000000790f00000|100%| O|  |TAMS 0x0000000790f00000, 0x0000000790f00000| Untracked 
| 271|0x0000000790f00000, 0x0000000790f00000, 0x0000000791000000|  0%| F|  |TAMS 0x0000000790f00000, 0x0000000790f00000| Untracked 
| 272|0x0000000791000000, 0x0000000791100000, 0x0000000791100000|100%| O|  |TAMS 0x0000000791100000, 0x0000000791100000| Untracked 
| 273|0x0000000791100000, 0x0000000791200000, 0x0000000791200000|100%| O|  |TAMS 0x0000000791100000, 0x0000000791200000| Untracked 
| 274|0x0000000791200000, 0x0000000791200000, 0x0000000791300000|  0%| F|  |TAMS 0x0000000791200000, 0x0000000791200000| Untracked 
| 275|0x0000000791300000, 0x0000000791400000, 0x0000000791400000|100%| O|  |TAMS 0x0000000791400000, 0x0000000791400000| Untracked 
| 276|0x0000000791400000, 0x0000000791400000, 0x0000000791500000|  0%| F|  |TAMS 0x0000000791400000, 0x0000000791400000| Untracked 
| 277|0x0000000791500000, 0x0000000791600000, 0x0000000791600000|100%| O|  |TAMS 0x0000000791600000, 0x0000000791600000| Untracked 
| 278|0x0000000791600000, 0x0000000791700000, 0x0000000791700000|100%| O|  |TAMS 0x0000000791600000, 0x0000000791700000| Untracked 
| 279|0x0000000791700000, 0x0000000791800000, 0x0000000791800000|100%| O|  |TAMS 0x0000000791800000, 0x0000000791800000| Untracked 
| 280|0x0000000791800000, 0x0000000791900000, 0x0000000791900000|100%| O|  |TAMS 0x0000000791900000, 0x0000000791900000| Untracked 
| 281|0x0000000791900000, 0x0000000791a00000, 0x0000000791a00000|100%| O|  |TAMS 0x0000000791900000, 0x0000000791a00000| Untracked 
| 282|0x0000000791a00000, 0x0000000791b00000, 0x0000000791b00000|100%| O|  |TAMS 0x0000000791b00000, 0x0000000791b00000| Untracked 
| 283|0x0000000791b00000, 0x0000000791c00000, 0x0000000791c00000|100%| O|  |TAMS 0x0000000791c00000, 0x0000000791c00000| Untracked 
| 284|0x0000000791c00000, 0x0000000791d00000, 0x0000000791d00000|100%| O|  |TAMS 0x0000000791d00000, 0x0000000791d00000| Untracked 
| 285|0x0000000791d00000, 0x0000000791e00000, 0x0000000791e00000|100%| O|  |TAMS 0x0000000791e00000, 0x0000000791e00000| Untracked 
| 286|0x0000000791e00000, 0x0000000791f00000, 0x0000000791f00000|100%| O|  |TAMS 0x0000000791e00000, 0x0000000791f00000| Untracked 
| 287|0x0000000791f00000, 0x0000000791f00000, 0x0000000792000000|  0%| F|  |TAMS 0x0000000791f00000, 0x0000000791f00000| Untracked 
| 288|0x0000000792000000, 0x0000000792100000, 0x0000000792100000|100%| O|  |TAMS 0x0000000792100000, 0x0000000792100000| Untracked 
| 289|0x0000000792100000, 0x0000000792100000, 0x0000000792200000|  0%| F|  |TAMS 0x0000000792100000, 0x0000000792100000| Untracked 
| 290|0x0000000792200000, 0x0000000792300000, 0x0000000792300000|100%| O|  |TAMS 0x0000000792200000, 0x0000000792300000| Untracked 
| 291|0x0000000792300000, 0x0000000792400000, 0x0000000792400000|100%| O|  |TAMS 0x0000000792400000, 0x0000000792400000| Untracked 
| 292|0x0000000792400000, 0x0000000792500000, 0x0000000792500000|100%| O|  |TAMS 0x0000000792500000, 0x0000000792500000| Untracked 
| 293|0x0000000792500000, 0x0000000792600000, 0x0000000792600000|100%| O|  |TAMS 0x0000000792500000, 0x0000000792600000| Untracked 
| 294|0x0000000792600000, 0x0000000792700000, 0x0000000792700000|100%| O|  |TAMS 0x0000000792700000, 0x0000000792700000| Untracked 
| 295|0x0000000792700000, 0x0000000792700000, 0x0000000792800000|  0%| F|  |TAMS 0x0000000792700000, 0x0000000792700000| Untracked 
| 296|0x0000000792800000, 0x0000000792900000, 0x0000000792900000|100%| O|  |TAMS 0x0000000792900000, 0x0000000792900000| Untracked 
| 297|0x0000000792900000, 0x0000000792a00000, 0x0000000792a00000|100%| O|  |TAMS 0x0000000792900000, 0x0000000792a00000| Untracked 
| 298|0x0000000792a00000, 0x0000000792b00000, 0x0000000792b00000|100%| O|  |TAMS 0x0000000792a00000, 0x0000000792b00000| Untracked 
| 299|0x0000000792b00000, 0x0000000792c00000, 0x0000000792c00000|100%| O|  |TAMS 0x0000000792c00000, 0x0000000792c00000| Untracked 
| 300|0x0000000792c00000, 0x0000000792d00000, 0x0000000792d00000|100%| O|  |TAMS 0x0000000792d00000, 0x0000000792d00000| Untracked 
| 301|0x0000000792d00000, 0x0000000792e00000, 0x0000000792e00000|100%| O|  |TAMS 0x0000000792d00000, 0x0000000792e00000| Untracked 
| 302|0x0000000792e00000, 0x0000000792e00000, 0x0000000792f00000|  0%| F|  |TAMS 0x0000000792e00000, 0x0000000792e00000| Untracked 
| 303|0x0000000792f00000, 0x0000000793000000, 0x0000000793000000|100%| O|  |TAMS 0x0000000793000000, 0x0000000793000000| Untracked 
| 304|0x0000000793000000, 0x0000000793000000, 0x0000000793100000|  0%| F|  |TAMS 0x0000000793000000, 0x0000000793000000| Untracked 
| 305|0x0000000793100000, 0x0000000793200000, 0x0000000793200000|100%| O|  |TAMS 0x0000000793200000, 0x0000000793200000| Untracked 
| 306|0x0000000793200000, 0x0000000793200000, 0x0000000793300000|  0%| F|  |TAMS 0x0000000793200000, 0x0000000793200000| Untracked 
| 307|0x0000000793300000, 0x0000000793400000, 0x0000000793400000|100%| O|  |TAMS 0x0000000793400000, 0x0000000793400000| Untracked 
| 308|0x0000000793400000, 0x0000000793500000, 0x0000000793500000|100%| O|  |TAMS 0x0000000793400000, 0x0000000793500000| Untracked 
| 309|0x0000000793500000, 0x0000000793600000, 0x0000000793600000|100%| O|  |TAMS 0x0000000793600000, 0x0000000793600000| Untracked 
| 310|0x0000000793600000, 0x0000000793700000, 0x0000000793700000|100%| O|  |TAMS 0x0000000793600000, 0x0000000793700000| Untracked 
| 311|0x0000000793700000, 0x0000000793800000, 0x0000000793800000|100%| O|  |TAMS 0x0000000793800000, 0x0000000793800000| Untracked 
| 312|0x0000000793800000, 0x0000000793900000, 0x0000000793900000|100%| O|  |TAMS 0x0000000793900000, 0x0000000793900000| Untracked 
| 313|0x0000000793900000, 0x0000000793a00000, 0x0000000793a00000|100%| O|  |TAMS 0x0000000793a00000, 0x0000000793a00000| Untracked 
| 314|0x0000000793a00000, 0x0000000793a00000, 0x0000000793b00000|  0%| F|  |TAMS 0x0000000793a00000, 0x0000000793a00000| Untracked 
| 315|0x0000000793b00000, 0x0000000793c00000, 0x0000000793c00000|100%| O|  |TAMS 0x0000000793b00000, 0x0000000793c00000| Untracked 
| 316|0x0000000793c00000, 0x0000000793c00000, 0x0000000793d00000|  0%| F|  |TAMS 0x0000000793c00000, 0x0000000793c00000| Untracked 
| 317|0x0000000793d00000, 0x0000000793e00000, 0x0000000793e00000|100%| O|  |TAMS 0x0000000793e00000, 0x0000000793e00000| Untracked 
| 318|0x0000000793e00000, 0x0000000793f00000, 0x0000000793f00000|100%| O|  |TAMS 0x0000000793f00000, 0x0000000793f00000| Untracked 
| 319|0x0000000793f00000, 0x0000000794000000, 0x0000000794000000|100%| O|  |TAMS 0x0000000793f00000, 0x0000000794000000| Untracked 
| 320|0x0000000794000000, 0x0000000794100000, 0x0000000794100000|100%| O|  |TAMS 0x0000000794100000, 0x0000000794100000| Untracked 
| 321|0x0000000794100000, 0x0000000794100000, 0x0000000794200000|  0%| F|  |TAMS 0x0000000794100000, 0x0000000794100000| Untracked 
| 322|0x0000000794200000, 0x0000000794300000, 0x0000000794300000|100%| O|  |TAMS 0x0000000794300000, 0x0000000794300000| Untracked 
| 323|0x0000000794300000, 0x0000000794400000, 0x0000000794400000|100%| O|  |TAMS 0x0000000794400000, 0x0000000794400000| Untracked 
| 324|0x0000000794400000, 0x0000000794500000, 0x0000000794500000|100%| O|  |TAMS 0x0000000794500000, 0x0000000794500000| Untracked 
| 325|0x0000000794500000, 0x0000000794600000, 0x0000000794600000|100%| O|  |TAMS 0x0000000794600000, 0x0000000794600000| Untracked 
| 326|0x0000000794600000, 0x0000000794700000, 0x0000000794700000|100%| O|  |TAMS 0x0000000794700000, 0x0000000794700000| Untracked 
| 327|0x0000000794700000, 0x0000000794800000, 0x0000000794800000|100%| O|  |TAMS 0x0000000794800000, 0x0000000794800000| Untracked 
| 328|0x0000000794800000, 0x0000000794900000, 0x0000000794900000|100%| O|  |TAMS 0x0000000794900000, 0x0000000794900000| Untracked 
| 329|0x0000000794900000, 0x0000000794a00000, 0x0000000794a00000|100%| O|  |TAMS 0x0000000794a00000, 0x0000000794a00000| Untracked 
| 330|0x0000000794a00000, 0x0000000794b00000, 0x0000000794b00000|100%| O|  |TAMS 0x0000000794b00000, 0x0000000794b00000| Untracked 
| 331|0x0000000794b00000, 0x0000000794c00000, 0x0000000794c00000|100%| O|  |TAMS 0x0000000794c00000, 0x0000000794c00000| Untracked 
| 332|0x0000000794c00000, 0x0000000794d00000, 0x0000000794d00000|100%| O|  |TAMS 0x0000000794d00000, 0x0000000794d00000| Untracked 
| 333|0x0000000794d00000, 0x0000000794e00000, 0x0000000794e00000|100%| O|  |TAMS 0x0000000794e00000, 0x0000000794e00000| Untracked 
| 334|0x0000000794e00000, 0x0000000794f00000, 0x0000000794f00000|100%| O|  |TAMS 0x0000000794f00000, 0x0000000794f00000| Untracked 
| 335|0x0000000794f00000, 0x0000000795000000, 0x0000000795000000|100%| O|  |TAMS 0x0000000795000000, 0x0000000795000000| Untracked 
| 336|0x0000000795000000, 0x0000000795100000, 0x0000000795100000|100%| O|  |TAMS 0x0000000795100000, 0x0000000795100000| Untracked 
| 337|0x0000000795100000, 0x0000000795200000, 0x0000000795200000|100%| O|  |TAMS 0x0000000795200000, 0x0000000795200000| Untracked 
| 338|0x0000000795200000, 0x0000000795200000, 0x0000000795300000|  0%| F|  |TAMS 0x0000000795200000, 0x0000000795200000| Untracked 
| 339|0x0000000795300000, 0x0000000795400000, 0x0000000795400000|100%| O|  |TAMS 0x0000000795400000, 0x0000000795400000| Untracked 
| 340|0x0000000795400000, 0x0000000795500000, 0x0000000795500000|100%| O|  |TAMS 0x0000000795500000, 0x0000000795500000| Untracked 
| 341|0x0000000795500000, 0x0000000795500000, 0x0000000795600000|  0%| F|  |TAMS 0x0000000795500000, 0x0000000795500000| Untracked 
| 342|0x0000000795600000, 0x0000000795700000, 0x0000000795700000|100%| O|  |TAMS 0x0000000795700000, 0x0000000795700000| Untracked 
| 343|0x0000000795700000, 0x0000000795800000, 0x0000000795800000|100%| O|  |TAMS 0x0000000795800000, 0x0000000795800000| Untracked 
| 344|0x0000000795800000, 0x0000000795800000, 0x0000000795900000|  0%| F|  |TAMS 0x0000000795800000, 0x0000000795800000| Untracked 
| 345|0x0000000795900000, 0x0000000795a00000, 0x0000000795a00000|100%| O|  |TAMS 0x0000000795a00000, 0x0000000795a00000| Untracked 
| 346|0x0000000795a00000, 0x0000000795b00000, 0x0000000795b00000|100%| O|  |TAMS 0x0000000795b00000, 0x0000000795b00000| Untracked 
| 347|0x0000000795b00000, 0x0000000795c00000, 0x0000000795c00000|100%| O|  |TAMS 0x0000000795c00000, 0x0000000795c00000| Untracked 
| 348|0x0000000795c00000, 0x0000000795d00000, 0x0000000795d00000|100%| O|  |TAMS 0x0000000795d00000, 0x0000000795d00000| Untracked 
| 349|0x0000000795d00000, 0x0000000795e00000, 0x0000000795e00000|100%| O|  |TAMS 0x0000000795e00000, 0x0000000795e00000| Untracked 
| 350|0x0000000795e00000, 0x0000000795f00000, 0x0000000795f00000|100%| O|  |TAMS 0x0000000795f00000, 0x0000000795f00000| Untracked 
| 351|0x0000000795f00000, 0x0000000796000000, 0x0000000796000000|100%| O|  |TAMS 0x0000000796000000, 0x0000000796000000| Untracked 
| 352|0x0000000796000000, 0x0000000796100000, 0x0000000796100000|100%| O|  |TAMS 0x0000000796100000, 0x0000000796100000| Untracked 
| 353|0x0000000796100000, 0x0000000796200000, 0x0000000796200000|100%| O|  |TAMS 0x0000000796200000, 0x0000000796200000| Untracked 
| 354|0x0000000796200000, 0x0000000796300000, 0x0000000796300000|100%| O|  |TAMS 0x0000000796300000, 0x0000000796300000| Untracked 
| 355|0x0000000796300000, 0x0000000796400000, 0x0000000796400000|100%| O|  |TAMS 0x0000000796300000, 0x0000000796400000| Untracked 
| 356|0x0000000796400000, 0x0000000796500000, 0x0000000796500000|100%| O|  |TAMS 0x0000000796500000, 0x0000000796500000| Untracked 
| 357|0x0000000796500000, 0x0000000796600000, 0x0000000796600000|100%| O|  |TAMS 0x0000000796600000, 0x0000000796600000| Untracked 
| 358|0x0000000796600000, 0x0000000796700000, 0x0000000796700000|100%| O|  |TAMS 0x0000000796700000, 0x0000000796700000| Untracked 
| 359|0x0000000796700000, 0x0000000796800000, 0x0000000796800000|100%| O|  |TAMS 0x0000000796800000, 0x0000000796800000| Untracked 
| 360|0x0000000796800000, 0x0000000796900000, 0x0000000796900000|100%| O|  |TAMS 0x0000000796800000, 0x0000000796900000| Untracked 
| 361|0x0000000796900000, 0x0000000796a00000, 0x0000000796a00000|100%| O|  |TAMS 0x0000000796a00000, 0x0000000796a00000| Untracked 
| 362|0x0000000796a00000, 0x0000000796b00000, 0x0000000796b00000|100%| O|  |TAMS 0x0000000796b00000, 0x0000000796b00000| Untracked 
| 363|0x0000000796b00000, 0x0000000796b00000, 0x0000000796c00000|  0%| F|  |TAMS 0x0000000796b00000, 0x0000000796b00000| Untracked 
| 364|0x0000000796c00000, 0x0000000796d00000, 0x0000000796d00000|100%| O|  |TAMS 0x0000000796c00000, 0x0000000796d00000| Untracked 
| 365|0x0000000796d00000, 0x0000000796e00000, 0x0000000796e00000|100%| O|  |TAMS 0x0000000796e00000, 0x0000000796e00000| Untracked 
| 366|0x0000000796e00000, 0x0000000796e00000, 0x0000000796f00000|  0%| F|  |TAMS 0x0000000796e00000, 0x0000000796e00000| Untracked 
| 367|0x0000000796f00000, 0x0000000797000000, 0x0000000797000000|100%| O|  |TAMS 0x0000000797000000, 0x0000000797000000| Untracked 
| 368|0x0000000797000000, 0x0000000797100000, 0x0000000797100000|100%| O|  |TAMS 0x0000000797100000, 0x0000000797100000| Untracked 
| 369|0x0000000797100000, 0x0000000797200000, 0x0000000797200000|100%| O|  |TAMS 0x0000000797200000, 0x0000000797200000| Untracked 
| 370|0x0000000797200000, 0x0000000797300000, 0x0000000797300000|100%| O|  |TAMS 0x0000000797300000, 0x0000000797300000| Untracked 
| 371|0x0000000797300000, 0x0000000797400000, 0x0000000797400000|100%| O|  |TAMS 0x0000000797400000, 0x0000000797400000| Untracked 
| 372|0x0000000797400000, 0x0000000797500000, 0x0000000797500000|100%| O|  |TAMS 0x0000000797500000, 0x0000000797500000| Untracked 
| 373|0x0000000797500000, 0x0000000797600000, 0x0000000797600000|100%| O|  |TAMS 0x0000000797600000, 0x0000000797600000| Untracked 
| 374|0x0000000797600000, 0x0000000797700000, 0x0000000797700000|100%| O|  |TAMS 0x0000000797700000, 0x0000000797700000| Untracked 
| 375|0x0000000797700000, 0x0000000797700000, 0x0000000797800000|  0%| F|  |TAMS 0x0000000797700000, 0x0000000797700000| Untracked 
| 376|0x0000000797800000, 0x0000000797900000, 0x0000000797900000|100%| O|  |TAMS 0x0000000797900000, 0x0000000797900000| Untracked 
| 377|0x0000000797900000, 0x0000000797a00000, 0x0000000797a00000|100%| O|  |TAMS 0x0000000797a00000, 0x0000000797a00000| Untracked 
| 378|0x0000000797a00000, 0x0000000797b00000, 0x0000000797b00000|100%| O|  |TAMS 0x0000000797b00000, 0x0000000797b00000| Untracked 
| 379|0x0000000797b00000, 0x0000000797b00000, 0x0000000797c00000|  0%| F|  |TAMS 0x0000000797b00000, 0x0000000797b00000| Untracked 
| 380|0x0000000797c00000, 0x0000000797d00000, 0x0000000797d00000|100%| O|  |TAMS 0x0000000797c00000, 0x0000000797d00000| Untracked 
| 381|0x0000000797d00000, 0x0000000797e00000, 0x0000000797e00000|100%| O|  |TAMS 0x0000000797e00000, 0x0000000797e00000| Untracked 
| 382|0x0000000797e00000, 0x0000000797f00000, 0x0000000797f00000|100%| O|  |TAMS 0x0000000797f00000, 0x0000000797f00000| Untracked 
| 383|0x0000000797f00000, 0x0000000798000000, 0x0000000798000000|100%| O|  |TAMS 0x0000000798000000, 0x0000000798000000| Untracked 
| 384|0x0000000798000000, 0x0000000798100000, 0x0000000798100000|100%| O|  |TAMS 0x0000000798100000, 0x0000000798100000| Untracked 
| 385|0x0000000798100000, 0x0000000798100000, 0x0000000798200000|  0%| F|  |TAMS 0x0000000798100000, 0x0000000798100000| Untracked 
| 386|0x0000000798200000, 0x0000000798300000, 0x0000000798300000|100%| O|  |TAMS 0x0000000798300000, 0x0000000798300000| Untracked 
| 387|0x0000000798300000, 0x0000000798300000, 0x0000000798400000|  0%| F|  |TAMS 0x0000000798300000, 0x0000000798300000| Untracked 
| 388|0x0000000798400000, 0x0000000798500000, 0x0000000798500000|100%| O|  |TAMS 0x0000000798500000, 0x0000000798500000| Untracked 
| 389|0x0000000798500000, 0x0000000798500000, 0x0000000798600000|  0%| F|  |TAMS 0x0000000798500000, 0x0000000798500000| Untracked 
| 390|0x0000000798600000, 0x0000000798700000, 0x0000000798700000|100%| O|  |TAMS 0x0000000798700000, 0x0000000798700000| Untracked 
| 391|0x0000000798700000, 0x0000000798800000, 0x0000000798800000|100%| O|  |TAMS 0x0000000798800000, 0x0000000798800000| Untracked 
| 392|0x0000000798800000, 0x0000000798900000, 0x0000000798900000|100%| O|  |TAMS 0x0000000798900000, 0x0000000798900000| Untracked 
| 393|0x0000000798900000, 0x0000000798a00000, 0x0000000798a00000|100%| O|  |TAMS 0x0000000798a00000, 0x0000000798a00000| Untracked 
| 394|0x0000000798a00000, 0x0000000798b00000, 0x0000000798b00000|100%| O|  |TAMS 0x0000000798b00000, 0x0000000798b00000| Untracked 
| 395|0x0000000798b00000, 0x0000000798c00000, 0x0000000798c00000|100%| O|  |TAMS 0x0000000798c00000, 0x0000000798c00000| Untracked 
| 396|0x0000000798c00000, 0x0000000798d00000, 0x0000000798d00000|100%| O|  |TAMS 0x0000000798c00000, 0x0000000798d00000| Untracked 
| 397|0x0000000798d00000, 0x0000000798e00000, 0x0000000798e00000|100%| O|  |TAMS 0x0000000798e00000, 0x0000000798e00000| Untracked 
| 398|0x0000000798e00000, 0x0000000798f00000, 0x0000000798f00000|100%| O|  |TAMS 0x0000000798e00000, 0x0000000798f00000| Untracked 
| 399|0x0000000798f00000, 0x0000000799000000, 0x0000000799000000|100%| O|  |TAMS 0x0000000798f00000, 0x0000000799000000| Untracked 
| 400|0x0000000799000000, 0x0000000799100000, 0x0000000799100000|100%| O|  |TAMS 0x0000000799100000, 0x0000000799100000| Untracked 
| 401|0x0000000799100000, 0x0000000799200000, 0x0000000799200000|100%| O|  |TAMS 0x0000000799100000, 0x0000000799200000| Untracked 
| 402|0x0000000799200000, 0x0000000799300000, 0x0000000799300000|100%| O|  |TAMS 0x0000000799300000, 0x0000000799300000| Untracked 
| 403|0x0000000799300000, 0x0000000799400000, 0x0000000799400000|100%| O|  |TAMS 0x0000000799400000, 0x0000000799400000| Untracked 
| 404|0x0000000799400000, 0x0000000799500000, 0x0000000799500000|100%| O|  |TAMS 0x0000000799500000, 0x0000000799500000| Untracked 
| 405|0x0000000799500000, 0x0000000799600000, 0x0000000799600000|100%| O|  |TAMS 0x0000000799500000, 0x0000000799600000| Untracked 
| 406|0x0000000799600000, 0x0000000799700000, 0x0000000799700000|100%| O|  |TAMS 0x0000000799600000, 0x0000000799700000| Untracked 
| 407|0x0000000799700000, 0x0000000799800000, 0x0000000799800000|100%| O|  |TAMS 0x0000000799800000, 0x0000000799800000| Untracked 
| 408|0x0000000799800000, 0x0000000799900000, 0x0000000799900000|100%| O|  |TAMS 0x0000000799900000, 0x0000000799900000| Untracked 
| 409|0x0000000799900000, 0x0000000799a00000, 0x0000000799a00000|100%| O|  |TAMS 0x0000000799a00000, 0x0000000799a00000| Untracked 
| 410|0x0000000799a00000, 0x0000000799b00000, 0x0000000799b00000|100%| O|  |TAMS 0x0000000799b00000, 0x0000000799b00000| Untracked 
| 411|0x0000000799b00000, 0x0000000799c00000, 0x0000000799c00000|100%| O|  |TAMS 0x0000000799b00000, 0x0000000799c00000| Untracked 
| 412|0x0000000799c00000, 0x0000000799d00000, 0x0000000799d00000|100%| O|  |TAMS 0x0000000799d00000, 0x0000000799d00000| Untracked 
| 413|0x0000000799d00000, 0x0000000799e00000, 0x0000000799e00000|100%| O|  |TAMS 0x0000000799e00000, 0x0000000799e00000| Untracked 
| 414|0x0000000799e00000, 0x0000000799f00000, 0x0000000799f00000|100%| O|  |TAMS 0x0000000799f00000, 0x0000000799f00000| Untracked 
| 415|0x0000000799f00000, 0x000000079a000000, 0x000000079a000000|100%| O|  |TAMS 0x000000079a000000, 0x000000079a000000| Untracked 
| 416|0x000000079a000000, 0x000000079a100000, 0x000000079a100000|100%| O|  |TAMS 0x000000079a100000, 0x000000079a100000| Untracked 
| 417|0x000000079a100000, 0x000000079a200000, 0x000000079a200000|100%| O|  |TAMS 0x000000079a200000, 0x000000079a200000| Untracked 
| 418|0x000000079a200000, 0x000000079a300000, 0x000000079a300000|100%| O|  |TAMS 0x000000079a300000, 0x000000079a300000| Untracked 
| 419|0x000000079a300000, 0x000000079a400000, 0x000000079a400000|100%| O|  |TAMS 0x000000079a400000, 0x000000079a400000| Untracked 
| 420|0x000000079a400000, 0x000000079a500000, 0x000000079a500000|100%| O|  |TAMS 0x000000079a500000, 0x000000079a500000| Untracked 
| 421|0x000000079a500000, 0x000000079a600000, 0x000000079a600000|100%| O|  |TAMS 0x000000079a500000, 0x000000079a600000| Untracked 
| 422|0x000000079a600000, 0x000000079a700000, 0x000000079a700000|100%| O|  |TAMS 0x000000079a700000, 0x000000079a700000| Untracked 
| 423|0x000000079a700000, 0x000000079a800000, 0x000000079a800000|100%| O|  |TAMS 0x000000079a800000, 0x000000079a800000| Untracked 
| 424|0x000000079a800000, 0x000000079a900000, 0x000000079a900000|100%| O|  |TAMS 0x000000079a900000, 0x000000079a900000| Untracked 
| 425|0x000000079a900000, 0x000000079aa00000, 0x000000079aa00000|100%| O|  |TAMS 0x000000079aa00000, 0x000000079aa00000| Untracked 
| 426|0x000000079aa00000, 0x000000079ab00000, 0x000000079ab00000|100%| O|  |TAMS 0x000000079ab00000, 0x000000079ab00000| Untracked 
| 427|0x000000079ab00000, 0x000000079ac00000, 0x000000079ac00000|100%| O|  |TAMS 0x000000079ac00000, 0x000000079ac00000| Untracked 
| 428|0x000000079ac00000, 0x000000079ad00000, 0x000000079ad00000|100%| O|  |TAMS 0x000000079ad00000, 0x000000079ad00000| Untracked 
| 429|0x000000079ad00000, 0x000000079ae00000, 0x000000079ae00000|100%| O|  |TAMS 0x000000079ae00000, 0x000000079ae00000| Untracked 
| 430|0x000000079ae00000, 0x000000079af00000, 0x000000079af00000|100%| O|  |TAMS 0x000000079af00000, 0x000000079af00000| Untracked 
| 431|0x000000079af00000, 0x000000079b000000, 0x000000079b000000|100%| O|  |TAMS 0x000000079af00000, 0x000000079b000000| Untracked 
| 432|0x000000079b000000, 0x000000079b100000, 0x000000079b100000|100%| O|  |TAMS 0x000000079b100000, 0x000000079b100000| Untracked 
| 433|0x000000079b100000, 0x000000079b200000, 0x000000079b200000|100%| O|  |TAMS 0x000000079b200000, 0x000000079b200000| Untracked 
| 434|0x000000079b200000, 0x000000079b300000, 0x000000079b300000|100%| O|  |TAMS 0x000000079b300000, 0x000000079b300000| Untracked 
| 435|0x000000079b300000, 0x000000079b400000, 0x000000079b400000|100%| O|  |TAMS 0x000000079b400000, 0x000000079b400000| Untracked 
| 436|0x000000079b400000, 0x000000079b500000, 0x000000079b500000|100%| O|  |TAMS 0x000000079b500000, 0x000000079b500000| Untracked 
| 437|0x000000079b500000, 0x000000079b600000, 0x000000079b600000|100%| O|  |TAMS 0x000000079b600000, 0x000000079b600000| Untracked 
| 438|0x000000079b600000, 0x000000079b700000, 0x000000079b700000|100%| O|  |TAMS 0x000000079b700000, 0x000000079b700000| Untracked 
| 439|0x000000079b700000, 0x000000079b700000, 0x000000079b800000|  0%| F|  |TAMS 0x000000079b700000, 0x000000079b700000| Untracked 
| 440|0x000000079b800000, 0x000000079b900000, 0x000000079b900000|100%| O|  |TAMS 0x000000079b900000, 0x000000079b900000| Untracked 
| 441|0x000000079b900000, 0x000000079ba00000, 0x000000079ba00000|100%| O|  |TAMS 0x000000079ba00000, 0x000000079ba00000| Untracked 
| 442|0x000000079ba00000, 0x000000079bb00000, 0x000000079bb00000|100%| O|  |TAMS 0x000000079bb00000, 0x000000079bb00000| Untracked 
| 443|0x000000079bb00000, 0x000000079bc00000, 0x000000079bc00000|100%| O|  |TAMS 0x000000079bc00000, 0x000000079bc00000| Untracked 
| 444|0x000000079bc00000, 0x000000079bd00000, 0x000000079bd00000|100%| O|  |TAMS 0x000000079bd00000, 0x000000079bd00000| Untracked 
| 445|0x000000079bd00000, 0x000000079be00000, 0x000000079be00000|100%| O|  |TAMS 0x000000079be00000, 0x000000079be00000| Untracked 
| 446|0x000000079be00000, 0x000000079bf00000, 0x000000079bf00000|100%| O|  |TAMS 0x000000079bf00000, 0x000000079bf00000| Untracked 
| 447|0x000000079bf00000, 0x000000079c000000, 0x000000079c000000|100%| O|  |TAMS 0x000000079c000000, 0x000000079c000000| Untracked 
| 448|0x000000079c000000, 0x000000079c100000, 0x000000079c100000|100%| O|  |TAMS 0x000000079c000000, 0x000000079c100000| Untracked 
| 449|0x000000079c100000, 0x000000079c100000, 0x000000079c200000|  0%| F|  |TAMS 0x000000079c100000, 0x000000079c100000| Untracked 
| 450|0x000000079c200000, 0x000000079c300000, 0x000000079c300000|100%| O|  |TAMS 0x000000079c300000, 0x000000079c300000| Untracked 
| 451|0x000000079c300000, 0x000000079c400000, 0x000000079c400000|100%|HS|  |TAMS 0x000000079c400000, 0x000000079c400000| Complete 
| 452|0x000000079c400000, 0x000000079c500000, 0x000000079c500000|100%|HC|  |TAMS 0x000000079c500000, 0x000000079c500000| Complete 
| 453|0x000000079c500000, 0x000000079c600000, 0x000000079c600000|100%|HC|  |TAMS 0x000000079c600000, 0x000000079c600000| Complete 
| 454|0x000000079c600000, 0x000000079c700000, 0x000000079c700000|100%|HC|  |TAMS 0x000000079c700000, 0x000000079c700000| Complete 
| 455|0x000000079c700000, 0x000000079c800000, 0x000000079c800000|100%|HC|  |TAMS 0x000000079c800000, 0x000000079c800000| Complete 
| 456|0x000000079c800000, 0x000000079c900000, 0x000000079c900000|100%| O|  |TAMS 0x000000079c900000, 0x000000079c900000| Untracked 
| 457|0x000000079c900000, 0x000000079ca00000, 0x000000079ca00000|100%| O|  |TAMS 0x000000079ca00000, 0x000000079ca00000| Untracked 
| 458|0x000000079ca00000, 0x000000079cb00000, 0x000000079cb00000|100%| O|  |TAMS 0x000000079ca00000, 0x000000079cb00000| Untracked 
| 459|0x000000079cb00000, 0x000000079cb00000, 0x000000079cc00000|  0%| F|  |TAMS 0x000000079cb00000, 0x000000079cb00000| Untracked 
| 460|0x000000079cc00000, 0x000000079cc00000, 0x000000079cd00000|  0%| F|  |TAMS 0x000000079cc00000, 0x000000079cc00000| Untracked 
| 461|0x000000079cd00000, 0x000000079cd00000, 0x000000079ce00000|  0%| F|  |TAMS 0x000000079cd00000, 0x000000079cd00000| Untracked 
| 462|0x000000079ce00000, 0x000000079cf00000, 0x000000079cf00000|100%| O|  |TAMS 0x000000079cf00000, 0x000000079cf00000| Untracked 
| 463|0x000000079cf00000, 0x000000079d000000, 0x000000079d000000|100%| O|  |TAMS 0x000000079cf00000, 0x000000079d000000| Untracked 
| 464|0x000000079d000000, 0x000000079d000000, 0x000000079d100000|  0%| F|  |TAMS 0x000000079d000000, 0x000000079d000000| Untracked 
| 465|0x000000079d100000, 0x000000079d200000, 0x000000079d200000|100%| O|  |TAMS 0x000000079d100000, 0x000000079d200000| Untracked 
| 466|0x000000079d200000, 0x000000079d200000, 0x000000079d300000|  0%| F|  |TAMS 0x000000079d200000, 0x000000079d200000| Untracked 
| 467|0x000000079d300000, 0x000000079d400000, 0x000000079d400000|100%| O|  |TAMS 0x000000079d400000, 0x000000079d400000| Untracked 
| 468|0x000000079d400000, 0x000000079d400000, 0x000000079d500000|  0%| F|  |TAMS 0x000000079d400000, 0x000000079d400000| Untracked 
| 469|0x000000079d500000, 0x000000079d600000, 0x000000079d600000|100%| O|  |TAMS 0x000000079d600000, 0x000000079d600000| Untracked 
| 470|0x000000079d600000, 0x000000079d600000, 0x000000079d700000|  0%| F|  |TAMS 0x000000079d600000, 0x000000079d600000| Untracked 
| 471|0x000000079d700000, 0x000000079d800000, 0x000000079d800000|100%| O|  |TAMS 0x000000079d800000, 0x000000079d800000| Untracked 
| 472|0x000000079d800000, 0x000000079d900000, 0x000000079d900000|100%| O|  |TAMS 0x000000079d800000, 0x000000079d900000| Untracked 
| 473|0x000000079d900000, 0x000000079da00000, 0x000000079da00000|100%| O|  |TAMS 0x000000079da00000, 0x000000079da00000| Untracked 
| 474|0x000000079da00000, 0x000000079da00000, 0x000000079db00000|  0%| F|  |TAMS 0x000000079da00000, 0x000000079da00000| Untracked 
| 475|0x000000079db00000, 0x000000079db00000, 0x000000079dc00000|  0%| F|  |TAMS 0x000000079db00000, 0x000000079db00000| Untracked 
| 476|0x000000079dc00000, 0x000000079dd00000, 0x000000079dd00000|100%| O|  |TAMS 0x000000079dc00000, 0x000000079dd00000| Untracked 
| 477|0x000000079dd00000, 0x000000079de00000, 0x000000079de00000|100%| O|  |TAMS 0x000000079de00000, 0x000000079de00000| Untracked 
| 478|0x000000079de00000, 0x000000079df00000, 0x000000079df00000|100%| O|  |TAMS 0x000000079de00000, 0x000000079df00000| Untracked 
| 479|0x000000079df00000, 0x000000079e000000, 0x000000079e000000|100%| O|  |TAMS 0x000000079e000000, 0x000000079e000000| Untracked 
| 480|0x000000079e000000, 0x000000079e100000, 0x000000079e100000|100%| O|  |TAMS 0x000000079e100000, 0x000000079e100000| Untracked 
| 481|0x000000079e100000, 0x000000079e200000, 0x000000079e200000|100%| O|  |TAMS 0x000000079e100000, 0x000000079e200000| Untracked 
| 482|0x000000079e200000, 0x000000079e300000, 0x000000079e300000|100%| O|  |TAMS 0x000000079e300000, 0x000000079e300000| Untracked 
| 483|0x000000079e300000, 0x000000079e400000, 0x000000079e400000|100%| O|  |TAMS 0x000000079e400000, 0x000000079e400000| Untracked 
| 484|0x000000079e400000, 0x000000079e500000, 0x000000079e500000|100%| O|  |TAMS 0x000000079e500000, 0x000000079e500000| Untracked 
| 485|0x000000079e500000, 0x000000079e600000, 0x000000079e600000|100%| O|  |TAMS 0x000000079e600000, 0x000000079e600000| Untracked 
| 486|0x000000079e600000, 0x000000079e700000, 0x000000079e700000|100%| O|  |TAMS 0x000000079e700000, 0x000000079e700000| Untracked 
| 487|0x000000079e700000, 0x000000079e800000, 0x000000079e800000|100%| O|  |TAMS 0x000000079e800000, 0x000000079e800000| Untracked 
| 488|0x000000079e800000, 0x000000079e900000, 0x000000079e900000|100%| O|  |TAMS 0x000000079e900000, 0x000000079e900000| Untracked 
| 489|0x000000079e900000, 0x000000079ea00000, 0x000000079ea00000|100%| O|  |TAMS 0x000000079ea00000, 0x000000079ea00000| Untracked 
| 490|0x000000079ea00000, 0x000000079eb00000, 0x000000079eb00000|100%| O|  |TAMS 0x000000079eb00000, 0x000000079eb00000| Untracked 
| 491|0x000000079eb00000, 0x000000079ec00000, 0x000000079ec00000|100%| O|  |TAMS 0x000000079ec00000, 0x000000079ec00000| Untracked 
| 492|0x000000079ec00000, 0x000000079ed00000, 0x000000079ed00000|100%| O|  |TAMS 0x000000079ed00000, 0x000000079ed00000| Untracked 
| 493|0x000000079ed00000, 0x000000079ee00000, 0x000000079ee00000|100%| O|  |TAMS 0x000000079ee00000, 0x000000079ee00000| Untracked 
| 494|0x000000079ee00000, 0x000000079ef00000, 0x000000079ef00000|100%| O|  |TAMS 0x000000079ef00000, 0x000000079ef00000| Untracked 
| 495|0x000000079ef00000, 0x000000079f000000, 0x000000079f000000|100%| O|  |TAMS 0x000000079f000000, 0x000000079f000000| Untracked 
| 496|0x000000079f000000, 0x000000079f100000, 0x000000079f100000|100%| O|  |TAMS 0x000000079f100000, 0x000000079f100000| Untracked 
| 497|0x000000079f100000, 0x000000079f200000, 0x000000079f200000|100%| O|  |TAMS 0x000000079f200000, 0x000000079f200000| Untracked 
| 498|0x000000079f200000, 0x000000079f300000, 0x000000079f300000|100%| O|  |TAMS 0x000000079f300000, 0x000000079f300000| Untracked 
| 499|0x000000079f300000, 0x000000079f400000, 0x000000079f400000|100%| O|  |TAMS 0x000000079f400000, 0x000000079f400000| Untracked 
| 500|0x000000079f400000, 0x000000079f500000, 0x000000079f500000|100%| O|  |TAMS 0x000000079f500000, 0x000000079f500000| Untracked 
| 501|0x000000079f500000, 0x000000079f600000, 0x000000079f600000|100%| O|  |TAMS 0x000000079f600000, 0x000000079f600000| Untracked 
| 502|0x000000079f600000, 0x000000079f700000, 0x000000079f700000|100%| O|  |TAMS 0x000000079f700000, 0x000000079f700000| Untracked 
| 503|0x000000079f700000, 0x000000079f800000, 0x000000079f800000|100%| O|  |TAMS 0x000000079f800000, 0x000000079f800000| Untracked 
| 504|0x000000079f800000, 0x000000079f900000, 0x000000079f900000|100%| O|  |TAMS 0x000000079f900000, 0x000000079f900000| Untracked 
| 505|0x000000079f900000, 0x000000079fa00000, 0x000000079fa00000|100%| O|  |TAMS 0x000000079fa00000, 0x000000079fa00000| Untracked 
| 506|0x000000079fa00000, 0x000000079fb00000, 0x000000079fb00000|100%| O|  |TAMS 0x000000079fb00000, 0x000000079fb00000| Untracked 
| 507|0x000000079fb00000, 0x000000079fc00000, 0x000000079fc00000|100%| O|  |TAMS 0x000000079fc00000, 0x000000079fc00000| Untracked 
| 508|0x000000079fc00000, 0x000000079fd00000, 0x000000079fd00000|100%| O|  |TAMS 0x000000079fd00000, 0x000000079fd00000| Untracked 
| 509|0x000000079fd00000, 0x000000079fe00000, 0x000000079fe00000|100%| O|  |TAMS 0x000000079fe00000, 0x000000079fe00000| Untracked 
| 510|0x000000079fe00000, 0x000000079ff00000, 0x000000079ff00000|100%| O|  |TAMS 0x000000079ff00000, 0x000000079ff00000| Untracked 
| 511|0x000000079ff00000, 0x00000007a0000000, 0x00000007a0000000|100%| O|  |TAMS 0x00000007a0000000, 0x00000007a0000000| Untracked 
| 512|0x00000007a0000000, 0x00000007a0100000, 0x00000007a0100000|100%| O|  |TAMS 0x00000007a0100000, 0x00000007a0100000| Untracked 
| 513|0x00000007a0100000, 0x00000007a0200000, 0x00000007a0200000|100%| O|  |TAMS 0x00000007a0200000, 0x00000007a0200000| Untracked 
| 514|0x00000007a0200000, 0x00000007a0300000, 0x00000007a0300000|100%| O|  |TAMS 0x00000007a0300000, 0x00000007a0300000| Untracked 
| 515|0x00000007a0300000, 0x00000007a0400000, 0x00000007a0400000|100%| O|  |TAMS 0x00000007a0400000, 0x00000007a0400000| Untracked 
| 516|0x00000007a0400000, 0x00000007a0500000, 0x00000007a0500000|100%| O|  |TAMS 0x00000007a0500000, 0x00000007a0500000| Untracked 
| 517|0x00000007a0500000, 0x00000007a0600000, 0x00000007a0600000|100%| O|  |TAMS 0x00000007a0600000, 0x00000007a0600000| Untracked 
| 518|0x00000007a0600000, 0x00000007a0700000, 0x00000007a0700000|100%| O|  |TAMS 0x00000007a0700000, 0x00000007a0700000| Untracked 
| 519|0x00000007a0700000, 0x00000007a0800000, 0x00000007a0800000|100%| O|  |TAMS 0x00000007a0800000, 0x00000007a0800000| Untracked 
| 520|0x00000007a0800000, 0x00000007a0900000, 0x00000007a0900000|100%| O|  |TAMS 0x00000007a0900000, 0x00000007a0900000| Untracked 
| 521|0x00000007a0900000, 0x00000007a0a00000, 0x00000007a0a00000|100%| O|  |TAMS 0x00000007a0a00000, 0x00000007a0a00000| Untracked 
| 522|0x00000007a0a00000, 0x00000007a0b00000, 0x00000007a0b00000|100%| O|  |TAMS 0x00000007a0b00000, 0x00000007a0b00000| Untracked 
| 523|0x00000007a0b00000, 0x00000007a0c00000, 0x00000007a0c00000|100%| O|  |TAMS 0x00000007a0c00000, 0x00000007a0c00000| Untracked 
| 524|0x00000007a0c00000, 0x00000007a0d00000, 0x00000007a0d00000|100%| O|  |TAMS 0x00000007a0d00000, 0x00000007a0d00000| Untracked 
| 525|0x00000007a0d00000, 0x00000007a0e00000, 0x00000007a0e00000|100%| O|  |TAMS 0x00000007a0e00000, 0x00000007a0e00000| Untracked 
| 526|0x00000007a0e00000, 0x00000007a0f00000, 0x00000007a0f00000|100%| O|  |TAMS 0x00000007a0f00000, 0x00000007a0f00000| Untracked 
| 527|0x00000007a0f00000, 0x00000007a1000000, 0x00000007a1000000|100%| O|  |TAMS 0x00000007a1000000, 0x00000007a1000000| Untracked 
| 528|0x00000007a1000000, 0x00000007a1100000, 0x00000007a1100000|100%| O|  |TAMS 0x00000007a1100000, 0x00000007a1100000| Untracked 
| 529|0x00000007a1100000, 0x00000007a1200000, 0x00000007a1200000|100%| O|  |TAMS 0x00000007a1200000, 0x00000007a1200000| Untracked 
| 530|0x00000007a1200000, 0x00000007a1300000, 0x00000007a1300000|100%| O|  |TAMS 0x00000007a1300000, 0x00000007a1300000| Untracked 
| 531|0x00000007a1300000, 0x00000007a1400000, 0x00000007a1400000|100%| O|  |TAMS 0x00000007a1400000, 0x00000007a1400000| Untracked 
| 532|0x00000007a1400000, 0x00000007a1500000, 0x00000007a1500000|100%| O|  |TAMS 0x00000007a1500000, 0x00000007a1500000| Untracked 
| 533|0x00000007a1500000, 0x00000007a1600000, 0x00000007a1600000|100%| O|  |TAMS 0x00000007a1600000, 0x00000007a1600000| Untracked 
| 534|0x00000007a1600000, 0x00000007a1700000, 0x00000007a1700000|100%| O|  |TAMS 0x00000007a1700000, 0x00000007a1700000| Untracked 
| 535|0x00000007a1700000, 0x00000007a1800000, 0x00000007a1800000|100%| O|  |TAMS 0x00000007a1800000, 0x00000007a1800000| Untracked 
| 536|0x00000007a1800000, 0x00000007a1900000, 0x00000007a1900000|100%| O|  |TAMS 0x00000007a1900000, 0x00000007a1900000| Untracked 
| 537|0x00000007a1900000, 0x00000007a1a00000, 0x00000007a1a00000|100%| O|  |TAMS 0x00000007a1a00000, 0x00000007a1a00000| Untracked 
| 538|0x00000007a1a00000, 0x00000007a1b00000, 0x00000007a1b00000|100%| O|  |TAMS 0x00000007a1b00000, 0x00000007a1b00000| Untracked 
| 539|0x00000007a1b00000, 0x00000007a1c00000, 0x00000007a1c00000|100%| O|  |TAMS 0x00000007a1c00000, 0x00000007a1c00000| Untracked 
| 540|0x00000007a1c00000, 0x00000007a1d00000, 0x00000007a1d00000|100%| O|  |TAMS 0x00000007a1d00000, 0x00000007a1d00000| Untracked 
| 541|0x00000007a1d00000, 0x00000007a1e00000, 0x00000007a1e00000|100%| O|  |TAMS 0x00000007a1e00000, 0x00000007a1e00000| Untracked 
| 542|0x00000007a1e00000, 0x00000007a1f00000, 0x00000007a1f00000|100%| O|  |TAMS 0x00000007a1f00000, 0x00000007a1f00000| Untracked 
| 543|0x00000007a1f00000, 0x00000007a2000000, 0x00000007a2000000|100%| O|  |TAMS 0x00000007a2000000, 0x00000007a2000000| Untracked 
| 544|0x00000007a2000000, 0x00000007a2100000, 0x00000007a2100000|100%| O|  |TAMS 0x00000007a2100000, 0x00000007a2100000| Untracked 
| 545|0x00000007a2100000, 0x00000007a2200000, 0x00000007a2200000|100%| O|  |TAMS 0x00000007a2200000, 0x00000007a2200000| Untracked 
| 546|0x00000007a2200000, 0x00000007a2300000, 0x00000007a2300000|100%| O|  |TAMS 0x00000007a2300000, 0x00000007a2300000| Untracked 
| 547|0x00000007a2300000, 0x00000007a2400000, 0x00000007a2400000|100%| O|  |TAMS 0x00000007a2400000, 0x00000007a2400000| Untracked 
| 548|0x00000007a2400000, 0x00000007a2500000, 0x00000007a2500000|100%| O|  |TAMS 0x00000007a2500000, 0x00000007a2500000| Untracked 
| 549|0x00000007a2500000, 0x00000007a2600000, 0x00000007a2600000|100%| O|  |TAMS 0x00000007a2600000, 0x00000007a2600000| Untracked 
| 550|0x00000007a2600000, 0x00000007a2700000, 0x00000007a2700000|100%| O|  |TAMS 0x00000007a2700000, 0x00000007a2700000| Untracked 
| 551|0x00000007a2700000, 0x00000007a2800000, 0x00000007a2800000|100%| O|  |TAMS 0x00000007a2800000, 0x00000007a2800000| Untracked 
| 552|0x00000007a2800000, 0x00000007a2900000, 0x00000007a2900000|100%| O|  |TAMS 0x00000007a2800000, 0x00000007a2900000| Untracked 
| 553|0x00000007a2900000, 0x00000007a2a00000, 0x00000007a2a00000|100%| O|  |TAMS 0x00000007a2a00000, 0x00000007a2a00000| Untracked 
| 554|0x00000007a2a00000, 0x00000007a2b00000, 0x00000007a2b00000|100%| O|  |TAMS 0x00000007a2b00000, 0x00000007a2b00000| Untracked 
| 555|0x00000007a2b00000, 0x00000007a2c00000, 0x00000007a2c00000|100%| O|  |TAMS 0x00000007a2c00000, 0x00000007a2c00000| Untracked 
| 556|0x00000007a2c00000, 0x00000007a2d00000, 0x00000007a2d00000|100%| O|  |TAMS 0x00000007a2d00000, 0x00000007a2d00000| Untracked 
| 557|0x00000007a2d00000, 0x00000007a2e00000, 0x00000007a2e00000|100%| O|  |TAMS 0x00000007a2e00000, 0x00000007a2e00000| Untracked 
| 558|0x00000007a2e00000, 0x00000007a2f00000, 0x00000007a2f00000|100%| O|  |TAMS 0x00000007a2f00000, 0x00000007a2f00000| Untracked 
| 559|0x00000007a2f00000, 0x00000007a3000000, 0x00000007a3000000|100%| O|  |TAMS 0x00000007a3000000, 0x00000007a3000000| Untracked 
| 560|0x00000007a3000000, 0x00000007a3100000, 0x00000007a3100000|100%| O|  |TAMS 0x00000007a3100000, 0x00000007a3100000| Untracked 
| 561|0x00000007a3100000, 0x00000007a3200000, 0x00000007a3200000|100%| O|  |TAMS 0x00000007a3200000, 0x00000007a3200000| Untracked 
| 562|0x00000007a3200000, 0x00000007a3300000, 0x00000007a3300000|100%| O|  |TAMS 0x00000007a3300000, 0x00000007a3300000| Untracked 
| 563|0x00000007a3300000, 0x00000007a3400000, 0x00000007a3400000|100%| O|  |TAMS 0x00000007a3400000, 0x00000007a3400000| Untracked 
| 564|0x00000007a3400000, 0x00000007a3500000, 0x00000007a3500000|100%| O|  |TAMS 0x00000007a3400000, 0x00000007a3500000| Untracked 
| 565|0x00000007a3500000, 0x00000007a3600000, 0x00000007a3600000|100%| O|  |TAMS 0x00000007a35e4c00, 0x00000007a3600000| Untracked 
| 566|0x00000007a3600000, 0x00000007a3700000, 0x00000007a3700000|100%| O|  |TAMS 0x00000007a3700000, 0x00000007a3700000| Untracked 
| 567|0x00000007a3700000, 0x00000007a3800000, 0x00000007a3800000|100%| O|  |TAMS 0x00000007a3700000, 0x00000007a3800000| Untracked 
| 568|0x00000007a3800000, 0x00000007a3900000, 0x00000007a3900000|100%| O|  |TAMS 0x00000007a3800000, 0x00000007a3900000| Untracked 
| 569|0x00000007a3900000, 0x00000007a3a00000, 0x00000007a3a00000|100%| O|  |TAMS 0x00000007a3a00000, 0x00000007a3a00000| Untracked 
| 570|0x00000007a3a00000, 0x00000007a3b00000, 0x00000007a3b00000|100%| O|  |TAMS 0x00000007a3a00000, 0x00000007a3b00000| Untracked 
| 571|0x00000007a3b00000, 0x00000007a3c00000, 0x00000007a3c00000|100%| O|  |TAMS 0x00000007a3c00000, 0x00000007a3c00000| Untracked 
| 572|0x00000007a3c00000, 0x00000007a3d00000, 0x00000007a3d00000|100%| O|  |TAMS 0x00000007a3d00000, 0x00000007a3d00000| Untracked 
| 573|0x00000007a3d00000, 0x00000007a3e00000, 0x00000007a3e00000|100%| O|  |TAMS 0x00000007a3e00000, 0x00000007a3e00000| Untracked 
| 574|0x00000007a3e00000, 0x00000007a3e30800, 0x00000007a3f00000| 18%| O|  |TAMS 0x00000007a3e00000, 0x00000007a3e30800| Untracked 
| 575|0x00000007a3f00000, 0x00000007a3f00000, 0x00000007a4000000|  0%| F|  |TAMS 0x00000007a3f00000, 0x00000007a3f00000| Untracked 
| 576|0x00000007a4000000, 0x00000007a4100000, 0x00000007a4100000|100%| O|  |TAMS 0x00000007a4100000, 0x00000007a4100000| Untracked 
| 577|0x00000007a4100000, 0x00000007a4200000, 0x00000007a4200000|100%| O|  |TAMS 0x00000007a4200000, 0x00000007a4200000| Untracked 
| 578|0x00000007a4200000, 0x00000007a4300000, 0x00000007a4300000|100%| O|  |TAMS 0x00000007a4300000, 0x00000007a4300000| Untracked 
| 579|0x00000007a4300000, 0x00000007a4400000, 0x00000007a4400000|100%| O|  |TAMS 0x00000007a4400000, 0x00000007a4400000| Untracked 
| 580|0x00000007a4400000, 0x00000007a4500000, 0x00000007a4500000|100%| O|  |TAMS 0x00000007a4500000, 0x00000007a4500000| Untracked 
| 581|0x00000007a4500000, 0x00000007a4500000, 0x00000007a4600000|  0%| F|  |TAMS 0x00000007a4500000, 0x00000007a4500000| Untracked 
| 582|0x00000007a4600000, 0x00000007a4600000, 0x00000007a4700000|  0%| F|  |TAMS 0x00000007a4600000, 0x00000007a4600000| Untracked 
| 583|0x00000007a4700000, 0x00000007a4700000, 0x00000007a4800000|  0%| F|  |TAMS 0x00000007a4700000, 0x00000007a4700000| Untracked 
| 584|0x00000007a4800000, 0x00000007a4800000, 0x00000007a4900000|  0%| F|  |TAMS 0x00000007a4800000, 0x00000007a4800000| Untracked 
| 585|0x00000007a4900000, 0x00000007a4900000, 0x00000007a4a00000|  0%| F|  |TAMS 0x00000007a4900000, 0x00000007a4900000| Untracked 
| 586|0x00000007a4a00000, 0x00000007a4a00000, 0x00000007a4b00000|  0%| F|  |TAMS 0x00000007a4a00000, 0x00000007a4a00000| Untracked 
| 587|0x00000007a4b00000, 0x00000007a4b00000, 0x00000007a4c00000|  0%| F|  |TAMS 0x00000007a4b00000, 0x00000007a4b00000| Untracked 
| 588|0x00000007a4c00000, 0x00000007a4c00000, 0x00000007a4d00000|  0%| F|  |TAMS 0x00000007a4c00000, 0x00000007a4c00000| Untracked 
| 589|0x00000007a4d00000, 0x00000007a4d00000, 0x00000007a4e00000|  0%| F|  |TAMS 0x00000007a4d00000, 0x00000007a4d00000| Untracked 
| 590|0x00000007a4e00000, 0x00000007a4e00000, 0x00000007a4f00000|  0%| F|  |TAMS 0x00000007a4e00000, 0x00000007a4e00000| Untracked 
| 591|0x00000007a4f00000, 0x00000007a4f00000, 0x00000007a5000000|  0%| F|  |TAMS 0x00000007a4f00000, 0x00000007a4f00000| Untracked 
| 592|0x00000007a5000000, 0x00000007a5000000, 0x00000007a5100000|  0%| F|  |TAMS 0x00000007a5000000, 0x00000007a5000000| Untracked 
| 593|0x00000007a5100000, 0x00000007a5100000, 0x00000007a5200000|  0%| F|  |TAMS 0x00000007a5100000, 0x00000007a5100000| Untracked 
| 594|0x00000007a5200000, 0x00000007a5200000, 0x00000007a5300000|  0%| F|  |TAMS 0x00000007a5200000, 0x00000007a5200000| Untracked 
| 595|0x00000007a5300000, 0x00000007a5300000, 0x00000007a5400000|  0%| F|  |TAMS 0x00000007a5300000, 0x00000007a5300000| Untracked 
| 596|0x00000007a5400000, 0x00000007a5400000, 0x00000007a5500000|  0%| F|  |TAMS 0x00000007a5400000, 0x00000007a5400000| Untracked 
| 597|0x00000007a5500000, 0x00000007a5600000, 0x00000007a5600000|100%| O|  |TAMS 0x00000007a5600000, 0x00000007a5600000| Untracked 
| 598|0x00000007a5600000, 0x00000007a5600000, 0x00000007a5700000|  0%| F|  |TAMS 0x00000007a5600000, 0x00000007a5600000| Untracked 
| 599|0x00000007a5700000, 0x00000007a5700000, 0x00000007a5800000|  0%| F|  |TAMS 0x00000007a5700000, 0x00000007a5700000| Untracked 
| 600|0x00000007a5800000, 0x00000007a5800000, 0x00000007a5900000|  0%| F|  |TAMS 0x00000007a5800000, 0x00000007a5800000| Untracked 
| 601|0x00000007a5900000, 0x00000007a5900000, 0x00000007a5a00000|  0%| F|  |TAMS 0x00000007a5900000, 0x00000007a5900000| Untracked 
| 602|0x00000007a5a00000, 0x00000007a5a00000, 0x00000007a5b00000|  0%| F|  |TAMS 0x00000007a5a00000, 0x00000007a5a00000| Untracked 
| 603|0x00000007a5b00000, 0x00000007a5b00000, 0x00000007a5c00000|  0%| F|  |TAMS 0x00000007a5b00000, 0x00000007a5b00000| Untracked 
| 604|0x00000007a5c00000, 0x00000007a5c00000, 0x00000007a5d00000|  0%| F|  |TAMS 0x00000007a5c00000, 0x00000007a5c00000| Untracked 
| 605|0x00000007a5d00000, 0x00000007a5d00000, 0x00000007a5e00000|  0%| F|  |TAMS 0x00000007a5d00000, 0x00000007a5d00000| Untracked 
| 606|0x00000007a5e00000, 0x00000007a5e00000, 0x00000007a5f00000|  0%| F|  |TAMS 0x00000007a5e00000, 0x00000007a5e00000| Untracked 
| 607|0x00000007a5f00000, 0x00000007a5f00000, 0x00000007a6000000|  0%| F|  |TAMS 0x00000007a5f00000, 0x00000007a5f00000| Untracked 
| 608|0x00000007a6000000, 0x00000007a6000000, 0x00000007a6100000|  0%| F|  |TAMS 0x00000007a6000000, 0x00000007a6000000| Untracked 
| 609|0x00000007a6100000, 0x00000007a6100000, 0x00000007a6200000|  0%| F|  |TAMS 0x00000007a6100000, 0x00000007a6100000| Untracked 
| 610|0x00000007a6200000, 0x00000007a6200000, 0x00000007a6300000|  0%| F|  |TAMS 0x00000007a6200000, 0x00000007a6200000| Untracked 
| 611|0x00000007a6300000, 0x00000007a6300000, 0x00000007a6400000|  0%| F|  |TAMS 0x00000007a6300000, 0x00000007a6300000| Untracked 
| 612|0x00000007a6400000, 0x00000007a6400000, 0x00000007a6500000|  0%| F|  |TAMS 0x00000007a6400000, 0x00000007a6400000| Untracked 
| 613|0x00000007a6500000, 0x00000007a6500000, 0x00000007a6600000|  0%| F|  |TAMS 0x00000007a6500000, 0x00000007a6500000| Untracked 
| 614|0x00000007a6600000, 0x00000007a6600000, 0x00000007a6700000|  0%| F|  |TAMS 0x00000007a6600000, 0x00000007a6600000| Untracked 
| 615|0x00000007a6700000, 0x00000007a6700000, 0x00000007a6800000|  0%| F|  |TAMS 0x00000007a6700000, 0x00000007a6700000| Untracked 
| 616|0x00000007a6800000, 0x00000007a6800000, 0x00000007a6900000|  0%| F|  |TAMS 0x00000007a6800000, 0x00000007a6800000| Untracked 
| 617|0x00000007a6900000, 0x00000007a6900000, 0x00000007a6a00000|  0%| F|  |TAMS 0x00000007a6900000, 0x00000007a6900000| Untracked 
| 618|0x00000007a6a00000, 0x00000007a6a00000, 0x00000007a6b00000|  0%| F|  |TAMS 0x00000007a6a00000, 0x00000007a6a00000| Untracked 
| 619|0x00000007a6b00000, 0x00000007a6b00000, 0x00000007a6c00000|  0%| F|  |TAMS 0x00000007a6b00000, 0x00000007a6b00000| Untracked 
| 620|0x00000007a6c00000, 0x00000007a6c00000, 0x00000007a6d00000|  0%| F|  |TAMS 0x00000007a6c00000, 0x00000007a6c00000| Untracked 
| 621|0x00000007a6d00000, 0x00000007a6d00000, 0x00000007a6e00000|  0%| F|  |TAMS 0x00000007a6d00000, 0x00000007a6d00000| Untracked 
| 622|0x00000007a6e00000, 0x00000007a6e00000, 0x00000007a6f00000|  0%| F|  |TAMS 0x00000007a6e00000, 0x00000007a6e00000| Untracked 
| 623|0x00000007a6f00000, 0x00000007a6f00000, 0x00000007a7000000|  0%| F|  |TAMS 0x00000007a6f00000, 0x00000007a6f00000| Untracked 
| 624|0x00000007a7000000, 0x00000007a7000000, 0x00000007a7100000|  0%| F|  |TAMS 0x00000007a7000000, 0x00000007a7000000| Untracked 
| 625|0x00000007a7100000, 0x00000007a7100000, 0x00000007a7200000|  0%| F|  |TAMS 0x00000007a7100000, 0x00000007a7100000| Untracked 
| 626|0x00000007a7200000, 0x00000007a7200000, 0x00000007a7300000|  0%| F|  |TAMS 0x00000007a7200000, 0x00000007a7200000| Untracked 
| 627|0x00000007a7300000, 0x00000007a7300000, 0x00000007a7400000|  0%| F|  |TAMS 0x00000007a7300000, 0x00000007a7300000| Untracked 
| 628|0x00000007a7400000, 0x00000007a7400000, 0x00000007a7500000|  0%| F|  |TAMS 0x00000007a7400000, 0x00000007a7400000| Untracked 
| 629|0x00000007a7500000, 0x00000007a7500000, 0x00000007a7600000|  0%| F|  |TAMS 0x00000007a7500000, 0x00000007a7500000| Untracked 
| 630|0x00000007a7600000, 0x00000007a7600000, 0x00000007a7700000|  0%| F|  |TAMS 0x00000007a7600000, 0x00000007a7600000| Untracked 
| 631|0x00000007a7700000, 0x00000007a7700000, 0x00000007a7800000|  0%| F|  |TAMS 0x00000007a7700000, 0x00000007a7700000| Untracked 
| 632|0x00000007a7800000, 0x00000007a7800000, 0x00000007a7900000|  0%| F|  |TAMS 0x00000007a7800000, 0x00000007a7800000| Untracked 
| 633|0x00000007a7900000, 0x00000007a7a00000, 0x00000007a7a00000|100%| O|  |TAMS 0x00000007a7a00000, 0x00000007a7a00000| Untracked 
| 634|0x00000007a7a00000, 0x00000007a7a00000, 0x00000007a7b00000|  0%| F|  |TAMS 0x00000007a7a00000, 0x00000007a7a00000| Untracked 
| 635|0x00000007a7b00000, 0x00000007a7b00000, 0x00000007a7c00000|  0%| F|  |TAMS 0x00000007a7b00000, 0x00000007a7b00000| Untracked 
| 636|0x00000007a7c00000, 0x00000007a7c00000, 0x00000007a7d00000|  0%| F|  |TAMS 0x00000007a7c00000, 0x00000007a7c00000| Untracked 
| 637|0x00000007a7d00000, 0x00000007a7d00000, 0x00000007a7e00000|  0%| F|  |TAMS 0x00000007a7d00000, 0x00000007a7d00000| Untracked 
| 638|0x00000007a7e00000, 0x00000007a7e00000, 0x00000007a7f00000|  0%| F|  |TAMS 0x00000007a7e00000, 0x00000007a7e00000| Untracked 
| 639|0x00000007a7f00000, 0x00000007a7f00000, 0x00000007a8000000|  0%| F|  |TAMS 0x00000007a7f00000, 0x00000007a7f00000| Untracked 
| 640|0x00000007a8000000, 0x00000007a8000000, 0x00000007a8100000|  0%| F|  |TAMS 0x00000007a8000000, 0x00000007a8000000| Untracked 
| 641|0x00000007a8100000, 0x00000007a8100000, 0x00000007a8200000|  0%| F|  |TAMS 0x00000007a8100000, 0x00000007a8100000| Untracked 
| 642|0x00000007a8200000, 0x00000007a8200000, 0x00000007a8300000|  0%| F|  |TAMS 0x00000007a8200000, 0x00000007a8200000| Untracked 
| 643|0x00000007a8300000, 0x00000007a8300000, 0x00000007a8400000|  0%| F|  |TAMS 0x00000007a8300000, 0x00000007a8300000| Untracked 
| 644|0x00000007a8400000, 0x00000007a8400000, 0x00000007a8500000|  0%| F|  |TAMS 0x00000007a8400000, 0x00000007a8400000| Untracked 
| 645|0x00000007a8500000, 0x00000007a8600000, 0x00000007a8600000|100%| O|  |TAMS 0x00000007a8600000, 0x00000007a8600000| Untracked 
| 646|0x00000007a8600000, 0x00000007a8600000, 0x00000007a8700000|  0%| F|  |TAMS 0x00000007a8600000, 0x00000007a8600000| Untracked 
| 647|0x00000007a8700000, 0x00000007a8700000, 0x00000007a8800000|  0%| F|  |TAMS 0x00000007a8700000, 0x00000007a8700000| Untracked 
| 648|0x00000007a8800000, 0x00000007a8800000, 0x00000007a8900000|  0%| F|  |TAMS 0x00000007a8800000, 0x00000007a8800000| Untracked 
| 649|0x00000007a8900000, 0x00000007a8900000, 0x00000007a8a00000|  0%| F|  |TAMS 0x00000007a8900000, 0x00000007a8900000| Untracked 
| 650|0x00000007a8a00000, 0x00000007a8a00000, 0x00000007a8b00000|  0%| F|  |TAMS 0x00000007a8a00000, 0x00000007a8a00000| Untracked 
| 651|0x00000007a8b00000, 0x00000007a8b00000, 0x00000007a8c00000|  0%| F|  |TAMS 0x00000007a8b00000, 0x00000007a8b00000| Untracked 
| 652|0x00000007a8c00000, 0x00000007a8c00000, 0x00000007a8d00000|  0%| F|  |TAMS 0x00000007a8c00000, 0x00000007a8c00000| Untracked 
| 653|0x00000007a8d00000, 0x00000007a8d00000, 0x00000007a8e00000|  0%| F|  |TAMS 0x00000007a8d00000, 0x00000007a8d00000| Untracked 
| 654|0x00000007a8e00000, 0x00000007a8e00000, 0x00000007a8f00000|  0%| F|  |TAMS 0x00000007a8e00000, 0x00000007a8e00000| Untracked 
| 655|0x00000007a8f00000, 0x00000007a8f00000, 0x00000007a9000000|  0%| F|  |TAMS 0x00000007a8f00000, 0x00000007a8f00000| Untracked 
| 656|0x00000007a9000000, 0x00000007a9000000, 0x00000007a9100000|  0%| F|  |TAMS 0x00000007a9000000, 0x00000007a9000000| Untracked 
| 657|0x00000007a9100000, 0x00000007a9200000, 0x00000007a9200000|100%| O|  |TAMS 0x00000007a9200000, 0x00000007a9200000| Untracked 
| 658|0x00000007a9200000, 0x00000007a9200000, 0x00000007a9300000|  0%| F|  |TAMS 0x00000007a9200000, 0x00000007a9200000| Untracked 
| 659|0x00000007a9300000, 0x00000007a9300000, 0x00000007a9400000|  0%| F|  |TAMS 0x00000007a9300000, 0x00000007a9300000| Untracked 
| 660|0x00000007a9400000, 0x00000007a9400000, 0x00000007a9500000|  0%| F|  |TAMS 0x00000007a9400000, 0x00000007a9400000| Untracked 
| 661|0x00000007a9500000, 0x00000007a9500000, 0x00000007a9600000|  0%| F|  |TAMS 0x00000007a9500000, 0x00000007a9500000| Untracked 
| 662|0x00000007a9600000, 0x00000007a9600000, 0x00000007a9700000|  0%| F|  |TAMS 0x00000007a9600000, 0x00000007a9600000| Untracked 
| 663|0x00000007a9700000, 0x00000007a9700000, 0x00000007a9800000|  0%| F|  |TAMS 0x00000007a9700000, 0x00000007a9700000| Untracked 
| 664|0x00000007a9800000, 0x00000007a9800000, 0x00000007a9900000|  0%| F|  |TAMS 0x00000007a9800000, 0x00000007a9800000| Untracked 
| 665|0x00000007a9900000, 0x00000007a9900000, 0x00000007a9a00000|  0%| F|  |TAMS 0x00000007a9900000, 0x00000007a9900000| Untracked 
| 666|0x00000007a9a00000, 0x00000007a9a00000, 0x00000007a9b00000|  0%| F|  |TAMS 0x00000007a9a00000, 0x00000007a9a00000| Untracked 
| 667|0x00000007a9b00000, 0x00000007a9b00000, 0x00000007a9c00000|  0%| F|  |TAMS 0x00000007a9b00000, 0x00000007a9b00000| Untracked 
| 668|0x00000007a9c00000, 0x00000007a9c00000, 0x00000007a9d00000|  0%| F|  |TAMS 0x00000007a9c00000, 0x00000007a9c00000| Untracked 
| 669|0x00000007a9d00000, 0x00000007a9d00000, 0x00000007a9e00000|  0%| F|  |TAMS 0x00000007a9d00000, 0x00000007a9d00000| Untracked 
| 670|0x00000007a9e00000, 0x00000007a9e00000, 0x00000007a9f00000|  0%| F|  |TAMS 0x00000007a9e00000, 0x00000007a9e00000| Untracked 
| 671|0x00000007a9f00000, 0x00000007a9f00000, 0x00000007aa000000|  0%| F|  |TAMS 0x00000007a9f00000, 0x00000007a9f00000| Untracked 
| 672|0x00000007aa000000, 0x00000007aa000000, 0x00000007aa100000|  0%| F|  |TAMS 0x00000007aa000000, 0x00000007aa000000| Untracked 
| 673|0x00000007aa100000, 0x00000007aa100000, 0x00000007aa200000|  0%| F|  |TAMS 0x00000007aa100000, 0x00000007aa100000| Untracked 
| 674|0x00000007aa200000, 0x00000007aa200000, 0x00000007aa300000|  0%| F|  |TAMS 0x00000007aa200000, 0x00000007aa200000| Untracked 
| 675|0x00000007aa300000, 0x00000007aa300000, 0x00000007aa400000|  0%| F|  |TAMS 0x00000007aa300000, 0x00000007aa300000| Untracked 
| 676|0x00000007aa400000, 0x00000007aa400000, 0x00000007aa500000|  0%| F|  |TAMS 0x00000007aa400000, 0x00000007aa400000| Untracked 
| 677|0x00000007aa500000, 0x00000007aa500000, 0x00000007aa600000|  0%| F|  |TAMS 0x00000007aa500000, 0x00000007aa500000| Untracked 
| 678|0x00000007aa600000, 0x00000007aa700000, 0x00000007aa700000|100%| O|  |TAMS 0x00000007aa700000, 0x00000007aa700000| Untracked 
| 679|0x00000007aa700000, 0x00000007aa700000, 0x00000007aa800000|  0%| F|  |TAMS 0x00000007aa700000, 0x00000007aa700000| Untracked 
| 680|0x00000007aa800000, 0x00000007aa800000, 0x00000007aa900000|  0%| F|  |TAMS 0x00000007aa800000, 0x00000007aa800000| Untracked 
| 681|0x00000007aa900000, 0x00000007aa900000, 0x00000007aaa00000|  0%| F|  |TAMS 0x00000007aa900000, 0x00000007aa900000| Untracked 
| 682|0x00000007aaa00000, 0x00000007aaa00000, 0x00000007aab00000|  0%| F|  |TAMS 0x00000007aaa00000, 0x00000007aaa00000| Untracked 
| 683|0x00000007aab00000, 0x00000007aab00000, 0x00000007aac00000|  0%| F|  |TAMS 0x00000007aab00000, 0x00000007aab00000| Untracked 
| 684|0x00000007aac00000, 0x00000007aac00000, 0x00000007aad00000|  0%| F|  |TAMS 0x00000007aac00000, 0x00000007aac00000| Untracked 
| 685|0x00000007aad00000, 0x00000007aad00000, 0x00000007aae00000|  0%| F|  |TAMS 0x00000007aad00000, 0x00000007aad00000| Untracked 
| 686|0x00000007aae00000, 0x00000007aae00000, 0x00000007aaf00000|  0%| F|  |TAMS 0x00000007aae00000, 0x00000007aae00000| Untracked 
| 687|0x00000007aaf00000, 0x00000007aaf00000, 0x00000007ab000000|  0%| F|  |TAMS 0x00000007aaf00000, 0x00000007aaf00000| Untracked 
| 688|0x00000007ab000000, 0x00000007ab000000, 0x00000007ab100000|  0%| F|  |TAMS 0x00000007ab000000, 0x00000007ab000000| Untracked 
| 689|0x00000007ab100000, 0x00000007ab100000, 0x00000007ab200000|  0%| F|  |TAMS 0x00000007ab100000, 0x00000007ab100000| Untracked 
| 690|0x00000007ab200000, 0x00000007ab200000, 0x00000007ab300000|  0%| F|  |TAMS 0x00000007ab200000, 0x00000007ab200000| Untracked 
| 691|0x00000007ab300000, 0x00000007ab300000, 0x00000007ab400000|  0%| F|  |TAMS 0x00000007ab300000, 0x00000007ab300000| Untracked 
| 692|0x00000007ab400000, 0x00000007ab400000, 0x00000007ab500000|  0%| F|  |TAMS 0x00000007ab400000, 0x00000007ab400000| Untracked 
| 693|0x00000007ab500000, 0x00000007ab500000, 0x00000007ab600000|  0%| F|  |TAMS 0x00000007ab500000, 0x00000007ab500000| Untracked 
| 694|0x00000007ab600000, 0x00000007ab600000, 0x00000007ab700000|  0%| F|  |TAMS 0x00000007ab600000, 0x00000007ab600000| Untracked 
| 695|0x00000007ab700000, 0x00000007ab700000, 0x00000007ab800000|  0%| F|  |TAMS 0x00000007ab700000, 0x00000007ab700000| Untracked 
| 696|0x00000007ab800000, 0x00000007ab800000, 0x00000007ab900000|  0%| F|  |TAMS 0x00000007ab800000, 0x00000007ab800000| Untracked 
| 697|0x00000007ab900000, 0x00000007ab900000, 0x00000007aba00000|  0%| F|  |TAMS 0x00000007ab900000, 0x00000007ab900000| Untracked 
| 698|0x00000007aba00000, 0x00000007aba00000, 0x00000007abb00000|  0%| F|  |TAMS 0x00000007aba00000, 0x00000007aba00000| Untracked 
| 699|0x00000007abb00000, 0x00000007abb00000, 0x00000007abc00000|  0%| F|  |TAMS 0x00000007abb00000, 0x00000007abb00000| Untracked 
| 700|0x00000007abc00000, 0x00000007abc00000, 0x00000007abd00000|  0%| F|  |TAMS 0x00000007abc00000, 0x00000007abc00000| Untracked 
| 701|0x00000007abd00000, 0x00000007abd00000, 0x00000007abe00000|  0%| F|  |TAMS 0x00000007abd00000, 0x00000007abd00000| Untracked 
| 702|0x00000007abe00000, 0x00000007abe00000, 0x00000007abf00000|  0%| F|  |TAMS 0x00000007abe00000, 0x00000007abe00000| Untracked 
| 703|0x00000007abf00000, 0x00000007abf00000, 0x00000007ac000000|  0%| F|  |TAMS 0x00000007abf00000, 0x00000007abf00000| Untracked 
| 704|0x00000007ac000000, 0x00000007ac000000, 0x00000007ac100000|  0%| F|  |TAMS 0x00000007ac000000, 0x00000007ac000000| Untracked 
| 705|0x00000007ac100000, 0x00000007ac100000, 0x00000007ac200000|  0%| F|  |TAMS 0x00000007ac100000, 0x00000007ac100000| Untracked 
| 706|0x00000007ac200000, 0x00000007ac200000, 0x00000007ac300000|  0%| F|  |TAMS 0x00000007ac200000, 0x00000007ac200000| Untracked 
| 707|0x00000007ac300000, 0x00000007ac300000, 0x00000007ac400000|  0%| F|  |TAMS 0x00000007ac300000, 0x00000007ac300000| Untracked 
| 708|0x00000007ac400000, 0x00000007ac400000, 0x00000007ac500000|  0%| F|  |TAMS 0x00000007ac400000, 0x00000007ac400000| Untracked 
| 709|0x00000007ac500000, 0x00000007ac500000, 0x00000007ac600000|  0%| F|  |TAMS 0x00000007ac500000, 0x00000007ac500000| Untracked 
| 710|0x00000007ac600000, 0x00000007ac600000, 0x00000007ac700000|  0%| F|  |TAMS 0x00000007ac600000, 0x00000007ac600000| Untracked 
| 711|0x00000007ac700000, 0x00000007ac700000, 0x00000007ac800000|  0%| F|  |TAMS 0x00000007ac700000, 0x00000007ac700000| Untracked 
| 712|0x00000007ac800000, 0x00000007ac800000, 0x00000007ac900000|  0%| F|  |TAMS 0x00000007ac800000, 0x00000007ac800000| Untracked 
| 713|0x00000007ac900000, 0x00000007ac900000, 0x00000007aca00000|  0%| F|  |TAMS 0x00000007ac900000, 0x00000007ac900000| Untracked 
| 714|0x00000007aca00000, 0x00000007aca00000, 0x00000007acb00000|  0%| F|  |TAMS 0x00000007aca00000, 0x00000007aca00000| Untracked 
| 715|0x00000007acb00000, 0x00000007acb00000, 0x00000007acc00000|  0%| F|  |TAMS 0x00000007acb00000, 0x00000007acb00000| Untracked 
| 716|0x00000007acc00000, 0x00000007acc00000, 0x00000007acd00000|  0%| F|  |TAMS 0x00000007acc00000, 0x00000007acc00000| Untracked 
| 717|0x00000007acd00000, 0x00000007acd00000, 0x00000007ace00000|  0%| F|  |TAMS 0x00000007acd00000, 0x00000007acd00000| Untracked 
| 718|0x00000007ace00000, 0x00000007ace00000, 0x00000007acf00000|  0%| F|  |TAMS 0x00000007ace00000, 0x00000007ace00000| Untracked 
| 719|0x00000007acf00000, 0x00000007acf00000, 0x00000007ad000000|  0%| F|  |TAMS 0x00000007acf00000, 0x00000007acf00000| Untracked 
| 720|0x00000007ad000000, 0x00000007ad000000, 0x00000007ad100000|  0%| F|  |TAMS 0x00000007ad000000, 0x00000007ad000000| Untracked 
| 721|0x00000007ad100000, 0x00000007ad100000, 0x00000007ad200000|  0%| F|  |TAMS 0x00000007ad100000, 0x00000007ad100000| Untracked 
| 722|0x00000007ad200000, 0x00000007ad200000, 0x00000007ad300000|  0%| F|  |TAMS 0x00000007ad200000, 0x00000007ad200000| Untracked 
| 723|0x00000007ad300000, 0x00000007ad300000, 0x00000007ad400000|  0%| F|  |TAMS 0x00000007ad300000, 0x00000007ad300000| Untracked 
| 724|0x00000007ad400000, 0x00000007ad400000, 0x00000007ad500000|  0%| F|  |TAMS 0x00000007ad400000, 0x00000007ad400000| Untracked 
| 725|0x00000007ad500000, 0x00000007ad500000, 0x00000007ad600000|  0%| F|  |TAMS 0x00000007ad500000, 0x00000007ad500000| Untracked 
| 726|0x00000007ad600000, 0x00000007ad600000, 0x00000007ad700000|  0%| F|  |TAMS 0x00000007ad600000, 0x00000007ad600000| Untracked 
| 727|0x00000007ad700000, 0x00000007ad700000, 0x00000007ad800000|  0%| F|  |TAMS 0x00000007ad700000, 0x00000007ad700000| Untracked 
| 728|0x00000007ad800000, 0x00000007ad800000, 0x00000007ad900000|  0%| F|  |TAMS 0x00000007ad800000, 0x00000007ad800000| Untracked 
| 729|0x00000007ad900000, 0x00000007ad900000, 0x00000007ada00000|  0%| F|  |TAMS 0x00000007ad900000, 0x00000007ad900000| Untracked 
| 730|0x00000007ada00000, 0x00000007ada00000, 0x00000007adb00000|  0%| F|  |TAMS 0x00000007ada00000, 0x00000007ada00000| Untracked 
| 731|0x00000007adb00000, 0x00000007adb00000, 0x00000007adc00000|  0%| F|  |TAMS 0x00000007adb00000, 0x00000007adb00000| Untracked 
| 732|0x00000007adc00000, 0x00000007adc00000, 0x00000007add00000|  0%| F|  |TAMS 0x00000007adc00000, 0x00000007adc00000| Untracked 
| 733|0x00000007add00000, 0x00000007add00000, 0x00000007ade00000|  0%| F|  |TAMS 0x00000007add00000, 0x00000007add00000| Untracked 
| 734|0x00000007ade00000, 0x00000007ade00000, 0x00000007adf00000|  0%| F|  |TAMS 0x00000007ade00000, 0x00000007ade00000| Untracked 
| 735|0x00000007adf00000, 0x00000007adf00000, 0x00000007ae000000|  0%| F|  |TAMS 0x00000007adf00000, 0x00000007adf00000| Untracked 
| 736|0x00000007ae000000, 0x00000007ae000000, 0x00000007ae100000|  0%| F|  |TAMS 0x00000007ae000000, 0x00000007ae000000| Untracked 
| 737|0x00000007ae100000, 0x00000007ae100000, 0x00000007ae200000|  0%| F|  |TAMS 0x00000007ae100000, 0x00000007ae100000| Untracked 
| 738|0x00000007ae200000, 0x00000007ae200000, 0x00000007ae300000|  0%| F|  |TAMS 0x00000007ae200000, 0x00000007ae200000| Untracked 
| 739|0x00000007ae300000, 0x00000007ae300000, 0x00000007ae400000|  0%| F|  |TAMS 0x00000007ae300000, 0x00000007ae300000| Untracked 
| 740|0x00000007ae400000, 0x00000007ae400000, 0x00000007ae500000|  0%| F|  |TAMS 0x00000007ae400000, 0x00000007ae400000| Untracked 
| 741|0x00000007ae500000, 0x00000007ae600000, 0x00000007ae600000|100%| O|  |TAMS 0x00000007ae600000, 0x00000007ae600000| Untracked 
| 742|0x00000007ae600000, 0x00000007ae600000, 0x00000007ae700000|  0%| F|  |TAMS 0x00000007ae600000, 0x00000007ae600000| Untracked 
| 743|0x00000007ae700000, 0x00000007ae700000, 0x00000007ae800000|  0%| F|  |TAMS 0x00000007ae700000, 0x00000007ae700000| Untracked 
| 744|0x00000007ae800000, 0x00000007ae800000, 0x00000007ae900000|  0%| F|  |TAMS 0x00000007ae800000, 0x00000007ae800000| Untracked 
| 745|0x00000007ae900000, 0x00000007ae900000, 0x00000007aea00000|  0%| F|  |TAMS 0x00000007ae900000, 0x00000007ae900000| Untracked 
| 746|0x00000007aea00000, 0x00000007aea00000, 0x00000007aeb00000|  0%| F|  |TAMS 0x00000007aea00000, 0x00000007aea00000| Untracked 
| 747|0x00000007aeb00000, 0x00000007aeb00000, 0x00000007aec00000|  0%| F|  |TAMS 0x00000007aeb00000, 0x00000007aeb00000| Untracked 
| 748|0x00000007aec00000, 0x00000007aec00000, 0x00000007aed00000|  0%| F|  |TAMS 0x00000007aec00000, 0x00000007aec00000| Untracked 
| 749|0x00000007aed00000, 0x00000007aed00000, 0x00000007aee00000|  0%| F|  |TAMS 0x00000007aed00000, 0x00000007aed00000| Untracked 
| 750|0x00000007aee00000, 0x00000007aee00000, 0x00000007aef00000|  0%| F|  |TAMS 0x00000007aee00000, 0x00000007aee00000| Untracked 
| 751|0x00000007aef00000, 0x00000007aef00000, 0x00000007af000000|  0%| F|  |TAMS 0x00000007aef00000, 0x00000007aef00000| Untracked 
| 752|0x00000007af000000, 0x00000007af100000, 0x00000007af100000|100%| O|  |TAMS 0x00000007af100000, 0x00000007af100000| Untracked 
| 753|0x00000007af100000, 0x00000007af100000, 0x00000007af200000|  0%| F|  |TAMS 0x00000007af100000, 0x00000007af100000| Untracked 
| 754|0x00000007af200000, 0x00000007af200000, 0x00000007af300000|  0%| F|  |TAMS 0x00000007af200000, 0x00000007af200000| Untracked 
| 755|0x00000007af300000, 0x00000007af300000, 0x00000007af400000|  0%| F|  |TAMS 0x00000007af300000, 0x00000007af300000| Untracked 
| 756|0x00000007af400000, 0x00000007af400000, 0x00000007af500000|  0%| F|  |TAMS 0x00000007af400000, 0x00000007af400000| Untracked 
| 757|0x00000007af500000, 0x00000007af500000, 0x00000007af600000|  0%| F|  |TAMS 0x00000007af500000, 0x00000007af500000| Untracked 
| 758|0x00000007af600000, 0x00000007af700000, 0x00000007af700000|100%| O|  |TAMS 0x00000007af700000, 0x00000007af700000| Untracked 
| 759|0x00000007af700000, 0x00000007af800000, 0x00000007af800000|100%| O|  |TAMS 0x00000007af800000, 0x00000007af800000| Untracked 
| 760|0x00000007af800000, 0x00000007af800000, 0x00000007af900000|  0%| F|  |TAMS 0x00000007af800000, 0x00000007af800000| Untracked 
| 761|0x00000007af900000, 0x00000007af900000, 0x00000007afa00000|  0%| F|  |TAMS 0x00000007af900000, 0x00000007af900000| Untracked 
| 762|0x00000007afa00000, 0x00000007afb00000, 0x00000007afb00000|100%| O|  |TAMS 0x00000007afb00000, 0x00000007afb00000| Untracked 
| 763|0x00000007afb00000, 0x00000007afb00000, 0x00000007afc00000|  0%| F|  |TAMS 0x00000007afb00000, 0x00000007afb00000| Untracked 
| 764|0x00000007afc00000, 0x00000007afd00000, 0x00000007afd00000|100%| O|  |TAMS 0x00000007afd00000, 0x00000007afd00000| Untracked 
| 765|0x00000007afd00000, 0x00000007afd00000, 0x00000007afe00000|  0%| F|  |TAMS 0x00000007afd00000, 0x00000007afd00000| Untracked 
| 766|0x00000007afe00000, 0x00000007aff00000, 0x00000007aff00000|100%| O|  |TAMS 0x00000007aff00000, 0x00000007aff00000| Untracked 
| 767|0x00000007aff00000, 0x00000007aff00000, 0x00000007b0000000|  0%| F|  |TAMS 0x00000007aff00000, 0x00000007aff00000| Untracked 
| 768|0x00000007b0000000, 0x00000007b0100000, 0x00000007b0100000|100%| O|  |TAMS 0x00000007b0100000, 0x00000007b0100000| Untracked 
| 769|0x00000007b0100000, 0x00000007b0100000, 0x00000007b0200000|  0%| F|  |TAMS 0x00000007b0100000, 0x00000007b0100000| Untracked 
| 770|0x00000007b0200000, 0x00000007b0300000, 0x00000007b0300000|100%| O|  |TAMS 0x00000007b0300000, 0x00000007b0300000| Untracked 
| 771|0x00000007b0300000, 0x00000007b0300000, 0x00000007b0400000|  0%| F|  |TAMS 0x00000007b0300000, 0x00000007b0300000| Untracked 
| 772|0x00000007b0400000, 0x00000007b0400000, 0x00000007b0500000|  0%| F|  |TAMS 0x00000007b0400000, 0x00000007b0400000| Untracked 
| 773|0x00000007b0500000, 0x00000007b0500000, 0x00000007b0600000|  0%| F|  |TAMS 0x00000007b0500000, 0x00000007b0500000| Untracked 
| 774|0x00000007b0600000, 0x00000007b0700000, 0x00000007b0700000|100%| O|  |TAMS 0x00000007b0700000, 0x00000007b0700000| Untracked 
| 775|0x00000007b0700000, 0x00000007b0800000, 0x00000007b0800000|100%| O|  |TAMS 0x00000007b0800000, 0x00000007b0800000| Untracked 
| 776|0x00000007b0800000, 0x00000007b0900000, 0x00000007b0900000|100%| O|  |TAMS 0x00000007b0900000, 0x00000007b0900000| Untracked 
| 777|0x00000007b0900000, 0x00000007b0a00000, 0x00000007b0a00000|100%| O|  |TAMS 0x00000007b0a00000, 0x00000007b0a00000| Untracked 
| 778|0x00000007b0a00000, 0x00000007b0b00000, 0x00000007b0b00000|100%| O|  |TAMS 0x00000007b0b00000, 0x00000007b0b00000| Untracked 
| 779|0x00000007b0b00000, 0x00000007b0c00000, 0x00000007b0c00000|100%| O|  |TAMS 0x00000007b0c00000, 0x00000007b0c00000| Untracked 
| 780|0x00000007b0c00000, 0x00000007b0c00000, 0x00000007b0d00000|  0%| F|  |TAMS 0x00000007b0c00000, 0x00000007b0c00000| Untracked 
| 781|0x00000007b0d00000, 0x00000007b0e00000, 0x00000007b0e00000|100%| O|  |TAMS 0x00000007b0e00000, 0x00000007b0e00000| Untracked 
| 782|0x00000007b0e00000, 0x00000007b0f00000, 0x00000007b0f00000|100%| O|  |TAMS 0x00000007b0f00000, 0x00000007b0f00000| Untracked 
| 783|0x00000007b0f00000, 0x00000007b1000000, 0x00000007b1000000|100%| O|  |TAMS 0x00000007b1000000, 0x00000007b1000000| Untracked 
| 784|0x00000007b1000000, 0x00000007b1100000, 0x00000007b1100000|100%| O|  |TAMS 0x00000007b1100000, 0x00000007b1100000| Untracked 
| 785|0x00000007b1100000, 0x00000007b1100000, 0x00000007b1200000|  0%| F|  |TAMS 0x00000007b1100000, 0x00000007b1100000| Untracked 
| 786|0x00000007b1200000, 0x00000007b1200000, 0x00000007b1300000|  0%| F|  |TAMS 0x00000007b1200000, 0x00000007b1200000| Untracked 
| 787|0x00000007b1300000, 0x00000007b1300000, 0x00000007b1400000|  0%| F|  |TAMS 0x00000007b1300000, 0x00000007b1300000| Untracked 
| 788|0x00000007b1400000, 0x00000007b1400000, 0x00000007b1500000|  0%| F|  |TAMS 0x00000007b1400000, 0x00000007b1400000| Untracked 
| 789|0x00000007b1500000, 0x00000007b1500000, 0x00000007b1600000|  0%| F|  |TAMS 0x00000007b1500000, 0x00000007b1500000| Untracked 
| 790|0x00000007b1600000, 0x00000007b1600000, 0x00000007b1700000|  0%| F|  |TAMS 0x00000007b1600000, 0x00000007b1600000| Untracked 
| 791|0x00000007b1700000, 0x00000007b1700000, 0x00000007b1800000|  0%| F|  |TAMS 0x00000007b1700000, 0x00000007b1700000| Untracked 
| 792|0x00000007b1800000, 0x00000007b1800000, 0x00000007b1900000|  0%| F|  |TAMS 0x00000007b1800000, 0x00000007b1800000| Untracked 
| 793|0x00000007b1900000, 0x00000007b1900000, 0x00000007b1a00000|  0%| F|  |TAMS 0x00000007b1900000, 0x00000007b1900000| Untracked 
| 794|0x00000007b1a00000, 0x00000007b1a00000, 0x00000007b1b00000|  0%| F|  |TAMS 0x00000007b1a00000, 0x00000007b1a00000| Untracked 
| 795|0x00000007b1b00000, 0x00000007b1b00000, 0x00000007b1c00000|  0%| F|  |TAMS 0x00000007b1b00000, 0x00000007b1b00000| Untracked 
| 796|0x00000007b1c00000, 0x00000007b1c00000, 0x00000007b1d00000|  0%| F|  |TAMS 0x00000007b1c00000, 0x00000007b1c00000| Untracked 
| 797|0x00000007b1d00000, 0x00000007b1d00000, 0x00000007b1e00000|  0%| F|  |TAMS 0x00000007b1d00000, 0x00000007b1d00000| Untracked 
| 798|0x00000007b1e00000, 0x00000007b1e00000, 0x00000007b1f00000|  0%| F|  |TAMS 0x00000007b1e00000, 0x00000007b1e00000| Untracked 
| 799|0x00000007b1f00000, 0x00000007b2000000, 0x00000007b2000000|100%| O|  |TAMS 0x00000007b2000000, 0x00000007b2000000| Untracked 
| 800|0x00000007b2000000, 0x00000007b2000000, 0x00000007b2100000|  0%| F|  |TAMS 0x00000007b2000000, 0x00000007b2000000| Untracked 
| 801|0x00000007b2100000, 0x00000007b2100000, 0x00000007b2200000|  0%| F|  |TAMS 0x00000007b2100000, 0x00000007b2100000| Untracked 
| 802|0x00000007b2200000, 0x00000007b2300000, 0x00000007b2300000|100%| O|  |TAMS 0x00000007b2300000, 0x00000007b2300000| Untracked 
| 803|0x00000007b2300000, 0x00000007b2300000, 0x00000007b2400000|  0%| F|  |TAMS 0x00000007b2300000, 0x00000007b2300000| Untracked 
| 804|0x00000007b2400000, 0x00000007b2500000, 0x00000007b2500000|100%| O|  |TAMS 0x00000007b2500000, 0x00000007b2500000| Untracked 
| 805|0x00000007b2500000, 0x00000007b2500000, 0x00000007b2600000|  0%| F|  |TAMS 0x00000007b2500000, 0x00000007b2500000| Untracked 
| 806|0x00000007b2600000, 0x00000007b2600000, 0x00000007b2700000|  0%| F|  |TAMS 0x00000007b2600000, 0x00000007b2600000| Untracked 
| 807|0x00000007b2700000, 0x00000007b273e9f0, 0x00000007b2800000| 24%| S|CS|TAMS 0x00000007b2700000, 0x00000007b2700000| Complete 
| 808|0x00000007b2800000, 0x00000007b2900000, 0x00000007b2900000|100%| S|CS|TAMS 0x00000007b2800000, 0x00000007b2800000| Complete 
| 809|0x00000007b2900000, 0x00000007b2a00000, 0x00000007b2a00000|100%| S|CS|TAMS 0x00000007b2900000, 0x00000007b2900000| Complete 
| 810|0x00000007b2a00000, 0x00000007b2b00000, 0x00000007b2b00000|100%| S|CS|TAMS 0x00000007b2a00000, 0x00000007b2a00000| Complete 
| 811|0x00000007b2b00000, 0x00000007b2c00000, 0x00000007b2c00000|100%| S|CS|TAMS 0x00000007b2b00000, 0x00000007b2b00000| Complete 
| 812|0x00000007b2c00000, 0x00000007b2d00000, 0x00000007b2d00000|100%| S|CS|TAMS 0x00000007b2c00000, 0x00000007b2c00000| Complete 
| 813|0x00000007b2d00000, 0x00000007b2e00000, 0x00000007b2e00000|100%| S|CS|TAMS 0x00000007b2d00000, 0x00000007b2d00000| Complete 
| 814|0x00000007b2e00000, 0x00000007b2f00000, 0x00000007b2f00000|100%| S|CS|TAMS 0x00000007b2e00000, 0x00000007b2e00000| Complete 
| 815|0x00000007b2f00000, 0x00000007b3000000, 0x00000007b3000000|100%| S|CS|TAMS 0x00000007b2f00000, 0x00000007b2f00000| Complete 
| 816|0x00000007b3000000, 0x00000007b3100000, 0x00000007b3100000|100%| S|CS|TAMS 0x00000007b3000000, 0x00000007b3000000| Complete 
| 817|0x00000007b3100000, 0x00000007b3200000, 0x00000007b3200000|100%| S|CS|TAMS 0x00000007b3100000, 0x00000007b3100000| Complete 
| 818|0x00000007b3200000, 0x00000007b3300000, 0x00000007b3300000|100%| S|CS|TAMS 0x00000007b3200000, 0x00000007b3200000| Complete 
| 819|0x00000007b3300000, 0x00000007b3400000, 0x00000007b3400000|100%| S|CS|TAMS 0x00000007b3300000, 0x00000007b3300000| Complete 
| 820|0x00000007b3400000, 0x00000007b3500000, 0x00000007b3500000|100%| S|CS|TAMS 0x00000007b3400000, 0x00000007b3400000| Complete 
| 821|0x00000007b3500000, 0x00000007b3600000, 0x00000007b3600000|100%| S|CS|TAMS 0x00000007b3500000, 0x00000007b3500000| Complete 
| 822|0x00000007b3600000, 0x00000007b3700000, 0x00000007b3700000|100%| S|CS|TAMS 0x00000007b3600000, 0x00000007b3600000| Complete 
| 823|0x00000007b3700000, 0x00000007b3700000, 0x00000007b3800000|  0%| F|  |TAMS 0x00000007b3700000, 0x00000007b3700000| Untracked 
| 824|0x00000007b3800000, 0x00000007b3800000, 0x00000007b3900000|  0%| F|  |TAMS 0x00000007b3800000, 0x00000007b3800000| Untracked 
| 825|0x00000007b3900000, 0x00000007b3900000, 0x00000007b3a00000|  0%| F|  |TAMS 0x00000007b3900000, 0x00000007b3900000| Untracked 
| 826|0x00000007b3a00000, 0x00000007b3a00000, 0x00000007b3b00000|  0%| F|  |TAMS 0x00000007b3a00000, 0x00000007b3a00000| Untracked 
| 827|0x00000007b3b00000, 0x00000007b3b00000, 0x00000007b3c00000|  0%| F|  |TAMS 0x00000007b3b00000, 0x00000007b3b00000| Untracked 
| 828|0x00000007b3c00000, 0x00000007b3c00000, 0x00000007b3d00000|  0%| F|  |TAMS 0x00000007b3c00000, 0x00000007b3c00000| Untracked 
| 829|0x00000007b3d00000, 0x00000007b3d00000, 0x00000007b3e00000|  0%| F|  |TAMS 0x00000007b3d00000, 0x00000007b3d00000| Untracked 
| 830|0x00000007b3e00000, 0x00000007b3e00000, 0x00000007b3f00000|  0%| F|  |TAMS 0x00000007b3e00000, 0x00000007b3e00000| Untracked 
| 831|0x00000007b3f00000, 0x00000007b3f00000, 0x00000007b4000000|  0%| F|  |TAMS 0x00000007b3f00000, 0x00000007b3f00000| Untracked 
| 832|0x00000007b4000000, 0x00000007b4000000, 0x00000007b4100000|  0%| F|  |TAMS 0x00000007b4000000, 0x00000007b4000000| Untracked 
| 833|0x00000007b4100000, 0x00000007b4100000, 0x00000007b4200000|  0%| F|  |TAMS 0x00000007b4100000, 0x00000007b4100000| Untracked 
| 834|0x00000007b4200000, 0x00000007b4200000, 0x00000007b4300000|  0%| F|  |TAMS 0x00000007b4200000, 0x00000007b4200000| Untracked 
| 835|0x00000007b4300000, 0x00000007b4300000, 0x00000007b4400000|  0%| F|  |TAMS 0x00000007b4300000, 0x00000007b4300000| Untracked 
| 836|0x00000007b4400000, 0x00000007b4400000, 0x00000007b4500000|  0%| F|  |TAMS 0x00000007b4400000, 0x00000007b4400000| Untracked 
| 837|0x00000007b4500000, 0x00000007b4500000, 0x00000007b4600000|  0%| F|  |TAMS 0x00000007b4500000, 0x00000007b4500000| Untracked 
| 838|0x00000007b4600000, 0x00000007b4600000, 0x00000007b4700000|  0%| F|  |TAMS 0x00000007b4600000, 0x00000007b4600000| Untracked 
| 839|0x00000007b4700000, 0x00000007b4700000, 0x00000007b4800000|  0%| F|  |TAMS 0x00000007b4700000, 0x00000007b4700000| Untracked 
| 840|0x00000007b4800000, 0x00000007b4800000, 0x00000007b4900000|  0%| F|  |TAMS 0x00000007b4800000, 0x00000007b4800000| Untracked 
| 841|0x00000007b4900000, 0x00000007b4900000, 0x00000007b4a00000|  0%| F|  |TAMS 0x00000007b4900000, 0x00000007b4900000| Untracked 
| 842|0x00000007b4a00000, 0x00000007b4a00000, 0x00000007b4b00000|  0%| F|  |TAMS 0x00000007b4a00000, 0x00000007b4a00000| Untracked 
| 843|0x00000007b4b00000, 0x00000007b4b00000, 0x00000007b4c00000|  0%| F|  |TAMS 0x00000007b4b00000, 0x00000007b4b00000| Untracked 
| 844|0x00000007b4c00000, 0x00000007b4c00000, 0x00000007b4d00000|  0%| F|  |TAMS 0x00000007b4c00000, 0x00000007b4c00000| Untracked 
| 845|0x00000007b4d00000, 0x00000007b4d00000, 0x00000007b4e00000|  0%| F|  |TAMS 0x00000007b4d00000, 0x00000007b4d00000| Untracked 
| 846|0x00000007b4e00000, 0x00000007b4e00000, 0x00000007b4f00000|  0%| F|  |TAMS 0x00000007b4e00000, 0x00000007b4e00000| Untracked 
| 847|0x00000007b4f00000, 0x00000007b4f00000, 0x00000007b5000000|  0%| F|  |TAMS 0x00000007b4f00000, 0x00000007b4f00000| Untracked 
| 848|0x00000007b5000000, 0x00000007b5000000, 0x00000007b5100000|  0%| F|  |TAMS 0x00000007b5000000, 0x00000007b5000000| Untracked 
| 849|0x00000007b5100000, 0x00000007b5100000, 0x00000007b5200000|  0%| F|  |TAMS 0x00000007b5100000, 0x00000007b5100000| Untracked 
| 850|0x00000007b5200000, 0x00000007b5200000, 0x00000007b5300000|  0%| F|  |TAMS 0x00000007b5200000, 0x00000007b5200000| Untracked 
| 851|0x00000007b5300000, 0x00000007b5300000, 0x00000007b5400000|  0%| F|  |TAMS 0x00000007b5300000, 0x00000007b5300000| Untracked 
| 852|0x00000007b5400000, 0x00000007b5400000, 0x00000007b5500000|  0%| F|  |TAMS 0x00000007b5400000, 0x00000007b5400000| Untracked 
| 853|0x00000007b5500000, 0x00000007b5500000, 0x00000007b5600000|  0%| F|  |TAMS 0x00000007b5500000, 0x00000007b5500000| Untracked 
| 854|0x00000007b5600000, 0x00000007b5600000, 0x00000007b5700000|  0%| F|  |TAMS 0x00000007b5600000, 0x00000007b5600000| Untracked 
| 855|0x00000007b5700000, 0x00000007b5700000, 0x00000007b5800000|  0%| F|  |TAMS 0x00000007b5700000, 0x00000007b5700000| Untracked 
| 856|0x00000007b5800000, 0x00000007b5800000, 0x00000007b5900000|  0%| F|  |TAMS 0x00000007b5800000, 0x00000007b5800000| Untracked 
| 857|0x00000007b5900000, 0x00000007b5900000, 0x00000007b5a00000|  0%| F|  |TAMS 0x00000007b5900000, 0x00000007b5900000| Untracked 
| 858|0x00000007b5a00000, 0x00000007b5a00000, 0x00000007b5b00000|  0%| F|  |TAMS 0x00000007b5a00000, 0x00000007b5a00000| Untracked 
| 859|0x00000007b5b00000, 0x00000007b5b00000, 0x00000007b5c00000|  0%| F|  |TAMS 0x00000007b5b00000, 0x00000007b5b00000| Untracked 
| 860|0x00000007b5c00000, 0x00000007b5c00000, 0x00000007b5d00000|  0%| F|  |TAMS 0x00000007b5c00000, 0x00000007b5c00000| Untracked 
| 861|0x00000007b5d00000, 0x00000007b5d00000, 0x00000007b5e00000|  0%| F|  |TAMS 0x00000007b5d00000, 0x00000007b5d00000| Untracked 
| 862|0x00000007b5e00000, 0x00000007b5e00000, 0x00000007b5f00000|  0%| F|  |TAMS 0x00000007b5e00000, 0x00000007b5e00000| Untracked 
| 863|0x00000007b5f00000, 0x00000007b5f00000, 0x00000007b6000000|  0%| F|  |TAMS 0x00000007b5f00000, 0x00000007b5f00000| Untracked 
| 864|0x00000007b6000000, 0x00000007b6000000, 0x00000007b6100000|  0%| F|  |TAMS 0x00000007b6000000, 0x00000007b6000000| Untracked 
| 865|0x00000007b6100000, 0x00000007b6100000, 0x00000007b6200000|  0%| F|  |TAMS 0x00000007b6100000, 0x00000007b6100000| Untracked 
| 866|0x00000007b6200000, 0x00000007b6200000, 0x00000007b6300000|  0%| F|  |TAMS 0x00000007b6200000, 0x00000007b6200000| Untracked 
| 867|0x00000007b6300000, 0x00000007b6300000, 0x00000007b6400000|  0%| F|  |TAMS 0x00000007b6300000, 0x00000007b6300000| Untracked 
| 868|0x00000007b6400000, 0x00000007b6400000, 0x00000007b6500000|  0%| F|  |TAMS 0x00000007b6400000, 0x00000007b6400000| Untracked 
| 869|0x00000007b6500000, 0x00000007b6500000, 0x00000007b6600000|  0%| F|  |TAMS 0x00000007b6500000, 0x00000007b6500000| Untracked 
| 870|0x00000007b6600000, 0x00000007b6600000, 0x00000007b6700000|  0%| F|  |TAMS 0x00000007b6600000, 0x00000007b6600000| Untracked 
| 871|0x00000007b6700000, 0x00000007b6700000, 0x00000007b6800000|  0%| F|  |TAMS 0x00000007b6700000, 0x00000007b6700000| Untracked 
| 872|0x00000007b6800000, 0x00000007b6800000, 0x00000007b6900000|  0%| F|  |TAMS 0x00000007b6800000, 0x00000007b6800000| Untracked 
| 873|0x00000007b6900000, 0x00000007b6900000, 0x00000007b6a00000|  0%| F|  |TAMS 0x00000007b6900000, 0x00000007b6900000| Untracked 
| 874|0x00000007b6a00000, 0x00000007b6b00000, 0x00000007b6b00000|100%| O|  |TAMS 0x00000007b6b00000, 0x00000007b6b00000| Untracked 
| 875|0x00000007b6b00000, 0x00000007b6c00000, 0x00000007b6c00000|100%|HS|  |TAMS 0x00000007b6c00000, 0x00000007b6c00000| Complete 
| 876|0x00000007b6c00000, 0x00000007b6d00000, 0x00000007b6d00000|100%|HS|  |TAMS 0x00000007b6d00000, 0x00000007b6d00000| Complete 
| 877|0x00000007b6d00000, 0x00000007b6e00000, 0x00000007b6e00000|100%|HC|  |TAMS 0x00000007b6e00000, 0x00000007b6e00000| Complete 
| 878|0x00000007b6e00000, 0x00000007b6e00000, 0x00000007b6f00000|  0%| F|  |TAMS 0x00000007b6e00000, 0x00000007b6e00000| Untracked 
| 879|0x00000007b6f00000, 0x00000007b6f00000, 0x00000007b7000000|  0%| F|  |TAMS 0x00000007b6f00000, 0x00000007b6f00000| Untracked 
| 880|0x00000007b7000000, 0x00000007b7000000, 0x00000007b7100000|  0%| F|  |TAMS 0x00000007b7000000, 0x00000007b7000000| Untracked 
| 881|0x00000007b7100000, 0x00000007b7100000, 0x00000007b7200000|  0%| F|  |TAMS 0x00000007b7100000, 0x00000007b7100000| Untracked 
| 882|0x00000007b7200000, 0x00000007b7200000, 0x00000007b7300000|  0%| F|  |TAMS 0x00000007b7200000, 0x00000007b7200000| Untracked 
| 883|0x00000007b7300000, 0x00000007b7300000, 0x00000007b7400000|  0%| F|  |TAMS 0x00000007b7300000, 0x00000007b7300000| Untracked 
| 884|0x00000007b7400000, 0x00000007b7400000, 0x00000007b7500000|  0%| F|  |TAMS 0x00000007b7400000, 0x00000007b7400000| Untracked 
| 885|0x00000007b7500000, 0x00000007b7500000, 0x00000007b7600000|  0%| F|  |TAMS 0x00000007b7500000, 0x00000007b7500000| Untracked 
| 886|0x00000007b7600000, 0x00000007b7600000, 0x00000007b7700000|  0%| F|  |TAMS 0x00000007b7600000, 0x00000007b7600000| Untracked 
| 887|0x00000007b7700000, 0x00000007b7700000, 0x00000007b7800000|  0%| F|  |TAMS 0x00000007b7700000, 0x00000007b7700000| Untracked 
| 888|0x00000007b7800000, 0x00000007b7800000, 0x00000007b7900000|  0%| F|  |TAMS 0x00000007b7800000, 0x00000007b7800000| Untracked 
| 889|0x00000007b7900000, 0x00000007b7900000, 0x00000007b7a00000|  0%| F|  |TAMS 0x00000007b7900000, 0x00000007b7900000| Untracked 
| 890|0x00000007b7a00000, 0x00000007b7a00000, 0x00000007b7b00000|  0%| F|  |TAMS 0x00000007b7a00000, 0x00000007b7a00000| Untracked 
| 891|0x00000007b7b00000, 0x00000007b7c00000, 0x00000007b7c00000|100%| O|  |TAMS 0x00000007b7c00000, 0x00000007b7c00000| Untracked 
| 892|0x00000007b7c00000, 0x00000007b7d00000, 0x00000007b7d00000|100%| O|  |TAMS 0x00000007b7d00000, 0x00000007b7d00000| Untracked 
| 893|0x00000007b7d00000, 0x00000007b7d00000, 0x00000007b7e00000|  0%| F|  |TAMS 0x00000007b7d00000, 0x00000007b7d00000| Untracked 
| 894|0x00000007b7e00000, 0x00000007b7e00000, 0x00000007b7f00000|  0%| F|  |TAMS 0x00000007b7e00000, 0x00000007b7e00000| Untracked 
| 895|0x00000007b7f00000, 0x00000007b7f00000, 0x00000007b8000000|  0%| F|  |TAMS 0x00000007b7f00000, 0x00000007b7f00000| Untracked 
| 896|0x00000007b8000000, 0x00000007b8000000, 0x00000007b8100000|  0%| F|  |TAMS 0x00000007b8000000, 0x00000007b8000000| Untracked 
| 897|0x00000007b8100000, 0x00000007b8100000, 0x00000007b8200000|  0%| F|  |TAMS 0x00000007b8100000, 0x00000007b8100000| Untracked 
| 898|0x00000007b8200000, 0x00000007b8200000, 0x00000007b8300000|  0%| F|  |TAMS 0x00000007b8200000, 0x00000007b8200000| Untracked 
| 899|0x00000007b8300000, 0x00000007b8300000, 0x00000007b8400000|  0%| F|  |TAMS 0x00000007b8300000, 0x00000007b8300000| Untracked 
| 900|0x00000007b8400000, 0x00000007b8400000, 0x00000007b8500000|  0%| F|  |TAMS 0x00000007b8400000, 0x00000007b8400000| Untracked 
| 901|0x00000007b8500000, 0x00000007b8500000, 0x00000007b8600000|  0%| F|  |TAMS 0x00000007b8500000, 0x00000007b8500000| Untracked 
| 902|0x00000007b8600000, 0x00000007b8600000, 0x00000007b8700000|  0%| F|  |TAMS 0x00000007b8600000, 0x00000007b8600000| Untracked 
| 903|0x00000007b8700000, 0x00000007b8700000, 0x00000007b8800000|  0%| F|  |TAMS 0x00000007b8700000, 0x00000007b8700000| Untracked 
| 904|0x00000007b8800000, 0x00000007b8800000, 0x00000007b8900000|  0%| F|  |TAMS 0x00000007b8800000, 0x00000007b8800000| Untracked 
| 905|0x00000007b8900000, 0x00000007b8900000, 0x00000007b8a00000|  0%| F|  |TAMS 0x00000007b8900000, 0x00000007b8900000| Untracked 
| 906|0x00000007b8a00000, 0x00000007b8a00000, 0x00000007b8b00000|  0%| F|  |TAMS 0x00000007b8a00000, 0x00000007b8a00000| Untracked 
| 907|0x00000007b8b00000, 0x00000007b8b00000, 0x00000007b8c00000|  0%| F|  |TAMS 0x00000007b8b00000, 0x00000007b8b00000| Untracked 
| 908|0x00000007b8c00000, 0x00000007b8c00000, 0x00000007b8d00000|  0%| F|  |TAMS 0x00000007b8c00000, 0x00000007b8c00000| Untracked 
| 909|0x00000007b8d00000, 0x00000007b8d00000, 0x00000007b8e00000|  0%| F|  |TAMS 0x00000007b8d00000, 0x00000007b8d00000| Untracked 
| 910|0x00000007b8e00000, 0x00000007b8e00000, 0x00000007b8f00000|  0%| F|  |TAMS 0x00000007b8e00000, 0x00000007b8e00000| Untracked 
| 911|0x00000007b8f00000, 0x00000007b8f00000, 0x00000007b9000000|  0%| F|  |TAMS 0x00000007b8f00000, 0x00000007b8f00000| Untracked 
| 912|0x00000007b9000000, 0x00000007b9000000, 0x00000007b9100000|  0%| F|  |TAMS 0x00000007b9000000, 0x00000007b9000000| Untracked 
| 913|0x00000007b9100000, 0x00000007b9100000, 0x00000007b9200000|  0%| F|  |TAMS 0x00000007b9100000, 0x00000007b9100000| Untracked 
| 914|0x00000007b9200000, 0x00000007b9200000, 0x00000007b9300000|  0%| F|  |TAMS 0x00000007b9200000, 0x00000007b9200000| Untracked 
| 915|0x00000007b9300000, 0x00000007b9300000, 0x00000007b9400000|  0%| F|  |TAMS 0x00000007b9300000, 0x00000007b9300000| Untracked 
| 916|0x00000007b9400000, 0x00000007b9400000, 0x00000007b9500000|  0%| F|  |TAMS 0x00000007b9400000, 0x00000007b9400000| Untracked 
| 917|0x00000007b9500000, 0x00000007b9500000, 0x00000007b9600000|  0%| F|  |TAMS 0x00000007b9500000, 0x00000007b9500000| Untracked 
| 918|0x00000007b9600000, 0x00000007b9600000, 0x00000007b9700000|  0%| F|  |TAMS 0x00000007b9600000, 0x00000007b9600000| Untracked 
| 919|0x00000007b9700000, 0x00000007b9700000, 0x00000007b9800000|  0%| F|  |TAMS 0x00000007b9700000, 0x00000007b9700000| Untracked 
| 920|0x00000007b9800000, 0x00000007b9800000, 0x00000007b9900000|  0%| F|  |TAMS 0x00000007b9800000, 0x00000007b9800000| Untracked 
| 921|0x00000007b9900000, 0x00000007b9900000, 0x00000007b9a00000|  0%| F|  |TAMS 0x00000007b9900000, 0x00000007b9900000| Untracked 
| 922|0x00000007b9a00000, 0x00000007b9a00000, 0x00000007b9b00000|  0%| F|  |TAMS 0x00000007b9a00000, 0x00000007b9a00000| Untracked 
| 923|0x00000007b9b00000, 0x00000007b9b00000, 0x00000007b9c00000|  0%| F|  |TAMS 0x00000007b9b00000, 0x00000007b9b00000| Untracked 
| 924|0x00000007b9c00000, 0x00000007b9c00000, 0x00000007b9d00000|  0%| F|  |TAMS 0x00000007b9c00000, 0x00000007b9c00000| Untracked 
| 925|0x00000007b9d00000, 0x00000007b9d00000, 0x00000007b9e00000|  0%| F|  |TAMS 0x00000007b9d00000, 0x00000007b9d00000| Untracked 
| 926|0x00000007b9e00000, 0x00000007b9e00000, 0x00000007b9f00000|  0%| F|  |TAMS 0x00000007b9e00000, 0x00000007b9e00000| Untracked 
| 927|0x00000007b9f00000, 0x00000007b9f00000, 0x00000007ba000000|  0%| F|  |TAMS 0x00000007b9f00000, 0x00000007b9f00000| Untracked 
| 928|0x00000007ba000000, 0x00000007ba000000, 0x00000007ba100000|  0%| F|  |TAMS 0x00000007ba000000, 0x00000007ba000000| Untracked 
| 929|0x00000007ba100000, 0x00000007ba200000, 0x00000007ba200000|100%| O|  |TAMS 0x00000007ba200000, 0x00000007ba200000| Untracked 
| 930|0x00000007ba200000, 0x00000007ba200000, 0x00000007ba300000|  0%| F|  |TAMS 0x00000007ba200000, 0x00000007ba200000| Untracked 
| 931|0x00000007ba300000, 0x00000007ba300000, 0x00000007ba400000|  0%| F|  |TAMS 0x00000007ba300000, 0x00000007ba300000| Untracked 
| 932|0x00000007ba400000, 0x00000007ba400000, 0x00000007ba500000|  0%| F|  |TAMS 0x00000007ba400000, 0x00000007ba400000| Untracked 
| 933|0x00000007ba500000, 0x00000007ba500000, 0x00000007ba600000|  0%| F|  |TAMS 0x00000007ba500000, 0x00000007ba500000| Untracked 
| 934|0x00000007ba600000, 0x00000007ba600000, 0x00000007ba700000|  0%| F|  |TAMS 0x00000007ba600000, 0x00000007ba600000| Untracked 
| 935|0x00000007ba700000, 0x00000007ba700000, 0x00000007ba800000|  0%| F|  |TAMS 0x00000007ba700000, 0x00000007ba700000| Untracked 
| 936|0x00000007ba800000, 0x00000007ba800000, 0x00000007ba900000|  0%| F|  |TAMS 0x00000007ba800000, 0x00000007ba800000| Untracked 
| 937|0x00000007ba900000, 0x00000007ba900000, 0x00000007baa00000|  0%| F|  |TAMS 0x00000007ba900000, 0x00000007ba900000| Untracked 
| 938|0x00000007baa00000, 0x00000007baa00000, 0x00000007bab00000|  0%| F|  |TAMS 0x00000007baa00000, 0x00000007baa00000| Untracked 
| 939|0x00000007bab00000, 0x00000007bab00000, 0x00000007bac00000|  0%| F|  |TAMS 0x00000007bab00000, 0x00000007bab00000| Untracked 
| 940|0x00000007bac00000, 0x00000007bac00000, 0x00000007bad00000|  0%| F|  |TAMS 0x00000007bac00000, 0x00000007bac00000| Untracked 
| 941|0x00000007bad00000, 0x00000007bad00000, 0x00000007bae00000|  0%| F|  |TAMS 0x00000007bad00000, 0x00000007bad00000| Untracked 
| 942|0x00000007bae00000, 0x00000007bae00000, 0x00000007baf00000|  0%| F|  |TAMS 0x00000007bae00000, 0x00000007bae00000| Untracked 
| 943|0x00000007baf00000, 0x00000007baf00000, 0x00000007bb000000|  0%| F|  |TAMS 0x00000007baf00000, 0x00000007baf00000| Untracked 
| 944|0x00000007bb000000, 0x00000007bb000000, 0x00000007bb100000|  0%| F|  |TAMS 0x00000007bb000000, 0x00000007bb000000| Untracked 
| 945|0x00000007bb100000, 0x00000007bb200000, 0x00000007bb200000|100%| O|  |TAMS 0x00000007bb200000, 0x00000007bb200000| Untracked 
| 946|0x00000007bb200000, 0x00000007bb200000, 0x00000007bb300000|  0%| F|  |TAMS 0x00000007bb200000, 0x00000007bb200000| Untracked 
| 947|0x00000007bb300000, 0x00000007bb300000, 0x00000007bb400000|  0%| F|  |TAMS 0x00000007bb300000, 0x00000007bb300000| Untracked 
| 948|0x00000007bb400000, 0x00000007bb400000, 0x00000007bb500000|  0%| F|  |TAMS 0x00000007bb400000, 0x00000007bb400000| Untracked 
| 949|0x00000007bb500000, 0x00000007bb500000, 0x00000007bb600000|  0%| F|  |TAMS 0x00000007bb500000, 0x00000007bb500000| Untracked 
| 950|0x00000007bb600000, 0x00000007bb600000, 0x00000007bb700000|  0%| F|  |TAMS 0x00000007bb600000, 0x00000007bb600000| Untracked 
| 951|0x00000007bb700000, 0x00000007bb700000, 0x00000007bb800000|  0%| F|  |TAMS 0x00000007bb700000, 0x00000007bb700000| Untracked 
| 952|0x00000007bb800000, 0x00000007bb800000, 0x00000007bb900000|  0%| F|  |TAMS 0x00000007bb800000, 0x00000007bb800000| Untracked 
| 953|0x00000007bb900000, 0x00000007bb900000, 0x00000007bba00000|  0%| F|  |TAMS 0x00000007bb900000, 0x00000007bb900000| Untracked 
| 954|0x00000007bba00000, 0x00000007bba00000, 0x00000007bbb00000|  0%| F|  |TAMS 0x00000007bba00000, 0x00000007bba00000| Untracked 
| 955|0x00000007bbb00000, 0x00000007bbb00000, 0x00000007bbc00000|  0%| F|  |TAMS 0x00000007bbb00000, 0x00000007bbb00000| Untracked 
| 956|0x00000007bbc00000, 0x00000007bbc00000, 0x00000007bbd00000|  0%| F|  |TAMS 0x00000007bbc00000, 0x00000007bbc00000| Untracked 
| 957|0x00000007bbd00000, 0x00000007bbd00000, 0x00000007bbe00000|  0%| F|  |TAMS 0x00000007bbd00000, 0x00000007bbd00000| Untracked 
| 958|0x00000007bbe00000, 0x00000007bbe00000, 0x00000007bbf00000|  0%| F|  |TAMS 0x00000007bbe00000, 0x00000007bbe00000| Untracked 
| 959|0x00000007bbf00000, 0x00000007bbf00000, 0x00000007bc000000|  0%| F|  |TAMS 0x00000007bbf00000, 0x00000007bbf00000| Untracked 
| 960|0x00000007bc000000, 0x00000007bc000000, 0x00000007bc100000|  0%| F|  |TAMS 0x00000007bc000000, 0x00000007bc000000| Untracked 
| 961|0x00000007bc100000, 0x00000007bc100000, 0x00000007bc200000|  0%| F|  |TAMS 0x00000007bc100000, 0x00000007bc100000| Untracked 
| 962|0x00000007bc200000, 0x00000007bc200000, 0x00000007bc300000|  0%| F|  |TAMS 0x00000007bc200000, 0x00000007bc200000| Untracked 
| 963|0x00000007bc300000, 0x00000007bc300000, 0x00000007bc400000|  0%| F|  |TAMS 0x00000007bc300000, 0x00000007bc300000| Untracked 
| 964|0x00000007bc400000, 0x00000007bc400000, 0x00000007bc500000|  0%| F|  |TAMS 0x00000007bc400000, 0x00000007bc400000| Untracked 
| 965|0x00000007bc500000, 0x00000007bc500000, 0x00000007bc600000|  0%| F|  |TAMS 0x00000007bc500000, 0x00000007bc500000| Untracked 
| 966|0x00000007bc600000, 0x00000007bc600000, 0x00000007bc700000|  0%| F|  |TAMS 0x00000007bc600000, 0x00000007bc600000| Untracked 
| 967|0x00000007bc700000, 0x00000007bc700000, 0x00000007bc800000|  0%| F|  |TAMS 0x00000007bc700000, 0x00000007bc700000| Untracked 
| 968|0x00000007bc800000, 0x00000007bc800000, 0x00000007bc900000|  0%| F|  |TAMS 0x00000007bc800000, 0x00000007bc800000| Untracked 
| 969|0x00000007bc900000, 0x00000007bc900000, 0x00000007bca00000|  0%| F|  |TAMS 0x00000007bc900000, 0x00000007bc900000| Untracked 
| 970|0x00000007bca00000, 0x00000007bca00000, 0x00000007bcb00000|  0%| F|  |TAMS 0x00000007bca00000, 0x00000007bca00000| Untracked 
| 971|0x00000007bcb00000, 0x00000007bcb00000, 0x00000007bcc00000|  0%| F|  |TAMS 0x00000007bcb00000, 0x00000007bcb00000| Untracked 
| 972|0x00000007bcc00000, 0x00000007bcc00000, 0x00000007bcd00000|  0%| F|  |TAMS 0x00000007bcc00000, 0x00000007bcc00000| Untracked 
| 973|0x00000007bcd00000, 0x00000007bcd00000, 0x00000007bce00000|  0%| F|  |TAMS 0x00000007bcd00000, 0x00000007bcd00000| Untracked 
| 974|0x00000007bce00000, 0x00000007bce00000, 0x00000007bcf00000|  0%| F|  |TAMS 0x00000007bce00000, 0x00000007bce00000| Untracked 
| 975|0x00000007bcf00000, 0x00000007bcf00000, 0x00000007bd000000|  0%| F|  |TAMS 0x00000007bcf00000, 0x00000007bcf00000| Untracked 
| 976|0x00000007bd000000, 0x00000007bd000000, 0x00000007bd100000|  0%| F|  |TAMS 0x00000007bd000000, 0x00000007bd000000| Untracked 
| 977|0x00000007bd100000, 0x00000007bd100000, 0x00000007bd200000|  0%| F|  |TAMS 0x00000007bd100000, 0x00000007bd100000| Untracked 
| 978|0x00000007bd200000, 0x00000007bd200000, 0x00000007bd300000|  0%| F|  |TAMS 0x00000007bd200000, 0x00000007bd200000| Untracked 
| 979|0x00000007bd300000, 0x00000007bd300000, 0x00000007bd400000|  0%| F|  |TAMS 0x00000007bd300000, 0x00000007bd300000| Untracked 
| 980|0x00000007bd400000, 0x00000007bd400000, 0x00000007bd500000|  0%| F|  |TAMS 0x00000007bd400000, 0x00000007bd400000| Untracked 
| 981|0x00000007bd500000, 0x00000007bd500000, 0x00000007bd600000|  0%| F|  |TAMS 0x00000007bd500000, 0x00000007bd500000| Untracked 
| 982|0x00000007bd600000, 0x00000007bd600000, 0x00000007bd700000|  0%| F|  |TAMS 0x00000007bd600000, 0x00000007bd600000| Untracked 
| 983|0x00000007bd700000, 0x00000007bd700000, 0x00000007bd800000|  0%| F|  |TAMS 0x00000007bd700000, 0x00000007bd700000| Untracked 
| 984|0x00000007bd800000, 0x00000007bd800000, 0x00000007bd900000|  0%| F|  |TAMS 0x00000007bd800000, 0x00000007bd800000| Untracked 
| 985|0x00000007bd900000, 0x00000007bd900000, 0x00000007bda00000|  0%| F|  |TAMS 0x00000007bd900000, 0x00000007bd900000| Untracked 
| 986|0x00000007bda00000, 0x00000007bda00000, 0x00000007bdb00000|  0%| F|  |TAMS 0x00000007bda00000, 0x00000007bda00000| Untracked 
| 987|0x00000007bdb00000, 0x00000007bdb00000, 0x00000007bdc00000|  0%| F|  |TAMS 0x00000007bdb00000, 0x00000007bdb00000| Untracked 
| 988|0x00000007bdc00000, 0x00000007bdc00000, 0x00000007bdd00000|  0%| F|  |TAMS 0x00000007bdc00000, 0x00000007bdc00000| Untracked 
| 989|0x00000007bdd00000, 0x00000007bdd00000, 0x00000007bde00000|  0%| F|  |TAMS 0x00000007bdd00000, 0x00000007bdd00000| Untracked 
| 990|0x00000007bde00000, 0x00000007bde00000, 0x00000007bdf00000|  0%| F|  |TAMS 0x00000007bde00000, 0x00000007bde00000| Untracked 
| 991|0x00000007bdf00000, 0x00000007bdf00000, 0x00000007be000000|  0%| F|  |TAMS 0x00000007bdf00000, 0x00000007bdf00000| Untracked 
| 992|0x00000007be000000, 0x00000007be100000, 0x00000007be100000|100%| O|  |TAMS 0x00000007be100000, 0x00000007be100000| Untracked 
| 993|0x00000007be100000, 0x00000007be100000, 0x00000007be200000|  0%| F|  |TAMS 0x00000007be100000, 0x00000007be100000| Untracked 
| 994|0x00000007be200000, 0x00000007be200000, 0x00000007be300000|  0%| F|  |TAMS 0x00000007be200000, 0x00000007be200000| Untracked 
| 995|0x00000007be300000, 0x00000007be300000, 0x00000007be400000|  0%| F|  |TAMS 0x00000007be300000, 0x00000007be300000| Untracked 
| 996|0x00000007be400000, 0x00000007be400000, 0x00000007be500000|  0%| F|  |TAMS 0x00000007be400000, 0x00000007be400000| Untracked 
| 997|0x00000007be500000, 0x00000007be500000, 0x00000007be600000|  0%| F|  |TAMS 0x00000007be500000, 0x00000007be500000| Untracked 
| 998|0x00000007be600000, 0x00000007be600000, 0x00000007be700000|  0%| F|  |TAMS 0x00000007be600000, 0x00000007be600000| Untracked 
| 999|0x00000007be700000, 0x00000007be700000, 0x00000007be800000|  0%| F|  |TAMS 0x00000007be700000, 0x00000007be700000| Untracked 
|1000|0x00000007be800000, 0x00000007be800000, 0x00000007be900000|  0%| F|  |TAMS 0x00000007be800000, 0x00000007be800000| Untracked 
|1001|0x00000007be900000, 0x00000007be900000, 0x00000007bea00000|  0%| F|  |TAMS 0x00000007be900000, 0x00000007be900000| Untracked 
|1002|0x00000007bea00000, 0x00000007bea00000, 0x00000007beb00000|  0%| F|  |TAMS 0x00000007bea00000, 0x00000007bea00000| Untracked 
|1003|0x00000007beb00000, 0x00000007beb00000, 0x00000007bec00000|  0%| F|  |TAMS 0x00000007beb00000, 0x00000007beb00000| Untracked 
|1004|0x00000007bec00000, 0x00000007bec00000, 0x00000007bed00000|  0%| F|  |TAMS 0x00000007bec00000, 0x00000007bec00000| Untracked 
|1005|0x00000007bed00000, 0x00000007bed00000, 0x00000007bee00000|  0%| F|  |TAMS 0x00000007bed00000, 0x00000007bed00000| Untracked 
|1006|0x00000007bee00000, 0x00000007bee00000, 0x00000007bef00000|  0%| F|  |TAMS 0x00000007bee00000, 0x00000007bee00000| Untracked 
|1007|0x00000007bef00000, 0x00000007bef00000, 0x00000007bf000000|  0%| F|  |TAMS 0x00000007bef00000, 0x00000007bef00000| Untracked 
|1008|0x00000007bf000000, 0x00000007bf000000, 0x00000007bf100000|  0%| F|  |TAMS 0x00000007bf000000, 0x00000007bf000000| Untracked 
|1009|0x00000007bf100000, 0x00000007bf100000, 0x00000007bf200000|  0%| F|  |TAMS 0x00000007bf100000, 0x00000007bf100000| Untracked 
|1010|0x00000007bf200000, 0x00000007bf200000, 0x00000007bf300000|  0%| F|  |TAMS 0x00000007bf200000, 0x00000007bf200000| Untracked 
|1011|0x00000007bf300000, 0x00000007bf300000, 0x00000007bf400000|  0%| F|  |TAMS 0x00000007bf300000, 0x00000007bf300000| Untracked 
|1012|0x00000007bf400000, 0x00000007bf400000, 0x00000007bf500000|  0%| F|  |TAMS 0x00000007bf400000, 0x00000007bf400000| Untracked 
|1013|0x00000007bf500000, 0x00000007bf600000, 0x00000007bf600000|100%| O|  |TAMS 0x00000007bf600000, 0x00000007bf600000| Untracked 
|1014|0x00000007bf600000, 0x00000007bf600000, 0x00000007bf700000|  0%| F|  |TAMS 0x00000007bf600000, 0x00000007bf600000| Untracked 
|1015|0x00000007bf700000, 0x00000007bf700000, 0x00000007bf800000|  0%| F|  |TAMS 0x00000007bf700000, 0x00000007bf700000| Untracked 
|1016|0x00000007bf800000, 0x00000007bf800000, 0x00000007bf900000|  0%| F|  |TAMS 0x00000007bf800000, 0x00000007bf800000| Untracked 
|1017|0x00000007bf900000, 0x00000007bf900000, 0x00000007bfa00000|  0%| F|  |TAMS 0x00000007bf900000, 0x00000007bf900000| Untracked 
|1018|0x00000007bfa00000, 0x00000007bfa00000, 0x00000007bfb00000|  0%| F|  |TAMS 0x00000007bfa00000, 0x00000007bfa00000| Untracked 
|1019|0x00000007bfb00000, 0x00000007bfb00000, 0x00000007bfc00000|  0%| F|  |TAMS 0x00000007bfb00000, 0x00000007bfb00000| Untracked 
|1020|0x00000007bfc00000, 0x00000007bfc00000, 0x00000007bfd00000|  0%| F|  |TAMS 0x00000007bfc00000, 0x00000007bfc00000| Untracked 
|1021|0x00000007bfd00000, 0x00000007bfe00000, 0x00000007bfe00000|100%| O|  |TAMS 0x00000007bfe00000, 0x00000007bfe00000| Untracked 
|1022|0x00000007bfe00000, 0x00000007bfe00000, 0x00000007bff00000|  0%| F|  |TAMS 0x00000007bfe00000, 0x00000007bfe00000| Untracked 
|1023|0x00000007bff00000, 0x00000007bff00000, 0x00000007c0000000|  0%| F|  |TAMS 0x00000007bff00000, 0x00000007bff00000| Untracked 
|1024|0x00000007c0000000, 0x00000007c0000000, 0x00000007c0100000|  0%| F|  |TAMS 0x00000007c0000000, 0x00000007c0000000| Untracked 
|1025|0x00000007c0100000, 0x00000007c0200000, 0x00000007c0200000|100%| O|  |TAMS 0x00000007c0200000, 0x00000007c0200000| Untracked 
|1026|0x00000007c0200000, 0x00000007c0300000, 0x00000007c0300000|100%| O|  |TAMS 0x00000007c0300000, 0x00000007c0300000| Untracked 
|1027|0x00000007c0300000, 0x00000007c0400000, 0x00000007c0400000|100%| O|  |TAMS 0x00000007c0400000, 0x00000007c0400000| Untracked 
|1028|0x00000007c0400000, 0x00000007c0400000, 0x00000007c0500000|  0%| F|  |TAMS 0x00000007c0400000, 0x00000007c0400000| Untracked 
|1029|0x00000007c0500000, 0x00000007c0500000, 0x00000007c0600000|  0%| F|  |TAMS 0x00000007c0500000, 0x00000007c0500000| Untracked 
|1030|0x00000007c0600000, 0x00000007c0700000, 0x00000007c0700000|100%| O|  |TAMS 0x00000007c0700000, 0x00000007c0700000| Untracked 
|1031|0x00000007c0700000, 0x00000007c0700000, 0x00000007c0800000|  0%| F|  |TAMS 0x00000007c0700000, 0x00000007c0700000| Untracked 
|1032|0x00000007c0800000, 0x00000007c0900000, 0x00000007c0900000|100%| O|  |TAMS 0x00000007c0900000, 0x00000007c0900000| Untracked 
|1033|0x00000007c0900000, 0x00000007c0900000, 0x00000007c0a00000|  0%| F|  |TAMS 0x00000007c0900000, 0x00000007c0900000| Untracked 
|1034|0x00000007c0a00000, 0x00000007c0a00000, 0x00000007c0b00000|  0%| F|  |TAMS 0x00000007c0a00000, 0x00000007c0a00000| Untracked 
|1035|0x00000007c0b00000, 0x00000007c0b00000, 0x00000007c0c00000|  0%| F|  |TAMS 0x00000007c0b00000, 0x00000007c0b00000| Untracked 
|1036|0x00000007c0c00000, 0x00000007c0c00000, 0x00000007c0d00000|  0%| F|  |TAMS 0x00000007c0c00000, 0x00000007c0c00000| Untracked 
|1037|0x00000007c0d00000, 0x00000007c0d00000, 0x00000007c0e00000|  0%| F|  |TAMS 0x00000007c0d00000, 0x00000007c0d00000| Untracked 
|1038|0x00000007c0e00000, 0x00000007c0e00000, 0x00000007c0f00000|  0%| F|  |TAMS 0x00000007c0e00000, 0x00000007c0e00000| Untracked 
|1039|0x00000007c0f00000, 0x00000007c0f00000, 0x00000007c1000000|  0%| F|  |TAMS 0x00000007c0f00000, 0x00000007c0f00000| Untracked 
|1040|0x00000007c1000000, 0x00000007c1000000, 0x00000007c1100000|  0%| F|  |TAMS 0x00000007c1000000, 0x00000007c1000000| Untracked 
|1041|0x00000007c1100000, 0x00000007c1100000, 0x00000007c1200000|  0%| F|  |TAMS 0x00000007c1100000, 0x00000007c1100000| Untracked 
|1042|0x00000007c1200000, 0x00000007c1200000, 0x00000007c1300000|  0%| F|  |TAMS 0x00000007c1200000, 0x00000007c1200000| Untracked 
|1043|0x00000007c1300000, 0x00000007c1300000, 0x00000007c1400000|  0%| F|  |TAMS 0x00000007c1300000, 0x00000007c1300000| Untracked 
|1044|0x00000007c1400000, 0x00000007c1400000, 0x00000007c1500000|  0%| F|  |TAMS 0x00000007c1400000, 0x00000007c1400000| Untracked 
|1045|0x00000007c1500000, 0x00000007c1500000, 0x00000007c1600000|  0%| F|  |TAMS 0x00000007c1500000, 0x00000007c1500000| Untracked 
|1046|0x00000007c1600000, 0x00000007c1600000, 0x00000007c1700000|  0%| F|  |TAMS 0x00000007c1600000, 0x00000007c1600000| Untracked 
|1047|0x00000007c1700000, 0x00000007c1700000, 0x00000007c1800000|  0%| F|  |TAMS 0x00000007c1700000, 0x00000007c1700000| Untracked 
|1048|0x00000007c1800000, 0x00000007c1800000, 0x00000007c1900000|  0%| F|  |TAMS 0x00000007c1800000, 0x00000007c1800000| Untracked 
|1049|0x00000007c1900000, 0x00000007c1900000, 0x00000007c1a00000|  0%| F|  |TAMS 0x00000007c1900000, 0x00000007c1900000| Untracked 
|1050|0x00000007c1a00000, 0x00000007c1a00000, 0x00000007c1b00000|  0%| F|  |TAMS 0x00000007c1a00000, 0x00000007c1a00000| Untracked 
|1051|0x00000007c1b00000, 0x00000007c1b00000, 0x00000007c1c00000|  0%| F|  |TAMS 0x00000007c1b00000, 0x00000007c1b00000| Untracked 
|1052|0x00000007c1c00000, 0x00000007c1c00000, 0x00000007c1d00000|  0%| F|  |TAMS 0x00000007c1c00000, 0x00000007c1c00000| Untracked 
|1053|0x00000007c1d00000, 0x00000007c1d00000, 0x00000007c1e00000|  0%| F|  |TAMS 0x00000007c1d00000, 0x00000007c1d00000| Untracked 
|1054|0x00000007c1e00000, 0x00000007c1e00000, 0x00000007c1f00000|  0%| F|  |TAMS 0x00000007c1e00000, 0x00000007c1e00000| Untracked 
|1055|0x00000007c1f00000, 0x00000007c1f00000, 0x00000007c2000000|  0%| F|  |TAMS 0x00000007c1f00000, 0x00000007c1f00000| Untracked 
|1056|0x00000007c2000000, 0x00000007c2000000, 0x00000007c2100000|  0%| F|  |TAMS 0x00000007c2000000, 0x00000007c2000000| Untracked 
|1057|0x00000007c2100000, 0x00000007c2100000, 0x00000007c2200000|  0%| F|  |TAMS 0x00000007c2100000, 0x00000007c2100000| Untracked 
|1058|0x00000007c2200000, 0x00000007c2200000, 0x00000007c2300000|  0%| F|  |TAMS 0x00000007c2200000, 0x00000007c2200000| Untracked 
|1059|0x00000007c2300000, 0x00000007c2300000, 0x00000007c2400000|  0%| F|  |TAMS 0x00000007c2300000, 0x00000007c2300000| Untracked 
|1060|0x00000007c2400000, 0x00000007c2400000, 0x00000007c2500000|  0%| F|  |TAMS 0x00000007c2400000, 0x00000007c2400000| Untracked 
|1061|0x00000007c2500000, 0x00000007c2500000, 0x00000007c2600000|  0%| F|  |TAMS 0x00000007c2500000, 0x00000007c2500000| Untracked 
|1062|0x00000007c2600000, 0x00000007c2600000, 0x00000007c2700000|  0%| F|  |TAMS 0x00000007c2600000, 0x00000007c2600000| Untracked 
|1063|0x00000007c2700000, 0x00000007c2700000, 0x00000007c2800000|  0%| F|  |TAMS 0x00000007c2700000, 0x00000007c2700000| Untracked 
|1064|0x00000007c2800000, 0x00000007c2800000, 0x00000007c2900000|  0%| F|  |TAMS 0x00000007c2800000, 0x00000007c2800000| Untracked 
|1065|0x00000007c2900000, 0x00000007c2900000, 0x00000007c2a00000|  0%| F|  |TAMS 0x00000007c2900000, 0x00000007c2900000| Untracked 
|1066|0x00000007c2a00000, 0x00000007c2a00000, 0x00000007c2b00000|  0%| F|  |TAMS 0x00000007c2a00000, 0x00000007c2a00000| Untracked 
|1067|0x00000007c2b00000, 0x00000007c2b00000, 0x00000007c2c00000|  0%| F|  |TAMS 0x00000007c2b00000, 0x00000007c2b00000| Untracked 
|1068|0x00000007c2c00000, 0x00000007c2c00000, 0x00000007c2d00000|  0%| F|  |TAMS 0x00000007c2c00000, 0x00000007c2c00000| Untracked 
|1069|0x00000007c2d00000, 0x00000007c2d00000, 0x00000007c2e00000|  0%| F|  |TAMS 0x00000007c2d00000, 0x00000007c2d00000| Untracked 
|1070|0x00000007c2e00000, 0x00000007c2e00000, 0x00000007c2f00000|  0%| F|  |TAMS 0x00000007c2e00000, 0x00000007c2e00000| Untracked 
|1071|0x00000007c2f00000, 0x00000007c2f00000, 0x00000007c3000000|  0%| F|  |TAMS 0x00000007c2f00000, 0x00000007c2f00000| Untracked 
|1072|0x00000007c3000000, 0x00000007c3000000, 0x00000007c3100000|  0%| F|  |TAMS 0x00000007c3000000, 0x00000007c3000000| Untracked 
|1073|0x00000007c3100000, 0x00000007c3100000, 0x00000007c3200000|  0%| F|  |TAMS 0x00000007c3100000, 0x00000007c3100000| Untracked 
|1074|0x00000007c3200000, 0x00000007c3200000, 0x00000007c3300000|  0%| F|  |TAMS 0x00000007c3200000, 0x00000007c3200000| Untracked 
|1075|0x00000007c3300000, 0x00000007c3300000, 0x00000007c3400000|  0%| F|  |TAMS 0x00000007c3300000, 0x00000007c3300000| Untracked 
|1076|0x00000007c3400000, 0x00000007c3400000, 0x00000007c3500000|  0%| F|  |TAMS 0x00000007c3400000, 0x00000007c3400000| Untracked 
|1077|0x00000007c3500000, 0x00000007c3500000, 0x00000007c3600000|  0%| F|  |TAMS 0x00000007c3500000, 0x00000007c3500000| Untracked 
|1078|0x00000007c3600000, 0x00000007c3600000, 0x00000007c3700000|  0%| F|  |TAMS 0x00000007c3600000, 0x00000007c3600000| Untracked 
|1079|0x00000007c3700000, 0x00000007c3700000, 0x00000007c3800000|  0%| F|  |TAMS 0x00000007c3700000, 0x00000007c3700000| Untracked 
|1080|0x00000007c3800000, 0x00000007c3800000, 0x00000007c3900000|  0%| F|  |TAMS 0x00000007c3800000, 0x00000007c3800000| Untracked 
|1081|0x00000007c3900000, 0x00000007c3900000, 0x00000007c3a00000|  0%| F|  |TAMS 0x00000007c3900000, 0x00000007c3900000| Untracked 
|1082|0x00000007c3a00000, 0x00000007c3a00000, 0x00000007c3b00000|  0%| F|  |TAMS 0x00000007c3a00000, 0x00000007c3a00000| Untracked 
|1083|0x00000007c3b00000, 0x00000007c3b00000, 0x00000007c3c00000|  0%| F|  |TAMS 0x00000007c3b00000, 0x00000007c3b00000| Untracked 
|1084|0x00000007c3c00000, 0x00000007c3c00000, 0x00000007c3d00000|  0%| F|  |TAMS 0x00000007c3c00000, 0x00000007c3c00000| Untracked 
|1085|0x00000007c3d00000, 0x00000007c3d00000, 0x00000007c3e00000|  0%| F|  |TAMS 0x00000007c3d00000, 0x00000007c3d00000| Untracked 
|1086|0x00000007c3e00000, 0x00000007c3e00000, 0x00000007c3f00000|  0%| F|  |TAMS 0x00000007c3e00000, 0x00000007c3e00000| Untracked 
|1087|0x00000007c3f00000, 0x00000007c3f00000, 0x00000007c4000000|  0%| F|  |TAMS 0x00000007c3f00000, 0x00000007c3f00000| Untracked 
|1088|0x00000007c4000000, 0x00000007c4000000, 0x00000007c4100000|  0%| F|  |TAMS 0x00000007c4000000, 0x00000007c4000000| Untracked 
|1089|0x00000007c4100000, 0x00000007c4100000, 0x00000007c4200000|  0%| F|  |TAMS 0x00000007c4100000, 0x00000007c4100000| Untracked 
|1090|0x00000007c4200000, 0x00000007c4200000, 0x00000007c4300000|  0%| F|  |TAMS 0x00000007c4200000, 0x00000007c4200000| Untracked 
|1091|0x00000007c4300000, 0x00000007c4300000, 0x00000007c4400000|  0%| F|  |TAMS 0x00000007c4300000, 0x00000007c4300000| Untracked 
|1092|0x00000007c4400000, 0x00000007c4400000, 0x00000007c4500000|  0%| F|  |TAMS 0x00000007c4400000, 0x00000007c4400000| Untracked 
|1093|0x00000007c4500000, 0x00000007c4500000, 0x00000007c4600000|  0%| F|  |TAMS 0x00000007c4500000, 0x00000007c4500000| Untracked 
|1094|0x00000007c4600000, 0x00000007c4600000, 0x00000007c4700000|  0%| F|  |TAMS 0x00000007c4600000, 0x00000007c4600000| Untracked 
|1095|0x00000007c4700000, 0x00000007c4700000, 0x00000007c4800000|  0%| F|  |TAMS 0x00000007c4700000, 0x00000007c4700000| Untracked 
|1096|0x00000007c4800000, 0x00000007c4800000, 0x00000007c4900000|  0%| F|  |TAMS 0x00000007c4800000, 0x00000007c4800000| Untracked 
|1097|0x00000007c4900000, 0x00000007c4900000, 0x00000007c4a00000|  0%| F|  |TAMS 0x00000007c4900000, 0x00000007c4900000| Untracked 
|1098|0x00000007c4a00000, 0x00000007c4a00000, 0x00000007c4b00000|  0%| F|  |TAMS 0x00000007c4a00000, 0x00000007c4a00000| Untracked 
|1099|0x00000007c4b00000, 0x00000007c4b00000, 0x00000007c4c00000|  0%| F|  |TAMS 0x00000007c4b00000, 0x00000007c4b00000| Untracked 
|1100|0x00000007c4c00000, 0x00000007c4c00000, 0x00000007c4d00000|  0%| F|  |TAMS 0x00000007c4c00000, 0x00000007c4c00000| Untracked 
|1101|0x00000007c4d00000, 0x00000007c4d00000, 0x00000007c4e00000|  0%| F|  |TAMS 0x00000007c4d00000, 0x00000007c4d00000| Untracked 
|1102|0x00000007c4e00000, 0x00000007c4e00000, 0x00000007c4f00000|  0%| F|  |TAMS 0x00000007c4e00000, 0x00000007c4e00000| Untracked 
|1103|0x00000007c4f00000, 0x00000007c4f00000, 0x00000007c5000000|  0%| F|  |TAMS 0x00000007c4f00000, 0x00000007c4f00000| Untracked 
|1104|0x00000007c5000000, 0x00000007c5000000, 0x00000007c5100000|  0%| F|  |TAMS 0x00000007c5000000, 0x00000007c5000000| Untracked 
|1105|0x00000007c5100000, 0x00000007c5100000, 0x00000007c5200000|  0%| F|  |TAMS 0x00000007c5100000, 0x00000007c5100000| Untracked 
|1106|0x00000007c5200000, 0x00000007c5200000, 0x00000007c5300000|  0%| F|  |TAMS 0x00000007c5200000, 0x00000007c5200000| Untracked 
|1107|0x00000007c5300000, 0x00000007c5300000, 0x00000007c5400000|  0%| F|  |TAMS 0x00000007c5300000, 0x00000007c5300000| Untracked 
|1108|0x00000007c5400000, 0x00000007c5400000, 0x00000007c5500000|  0%| F|  |TAMS 0x00000007c5400000, 0x00000007c5400000| Untracked 
|1109|0x00000007c5500000, 0x00000007c5500000, 0x00000007c5600000|  0%| F|  |TAMS 0x00000007c5500000, 0x00000007c5500000| Untracked 
|1110|0x00000007c5600000, 0x00000007c5600000, 0x00000007c5700000|  0%| F|  |TAMS 0x00000007c5600000, 0x00000007c5600000| Untracked 
|1111|0x00000007c5700000, 0x00000007c5700000, 0x00000007c5800000|  0%| F|  |TAMS 0x00000007c5700000, 0x00000007c5700000| Untracked 
|1112|0x00000007c5800000, 0x00000007c5800000, 0x00000007c5900000|  0%| F|  |TAMS 0x00000007c5800000, 0x00000007c5800000| Untracked 
|1113|0x00000007c5900000, 0x00000007c5900000, 0x00000007c5a00000|  0%| F|  |TAMS 0x00000007c5900000, 0x00000007c5900000| Untracked 
|1114|0x00000007c5a00000, 0x00000007c5a00000, 0x00000007c5b00000|  0%| F|  |TAMS 0x00000007c5a00000, 0x00000007c5a00000| Untracked 
|1115|0x00000007c5b00000, 0x00000007c5b00000, 0x00000007c5c00000|  0%| F|  |TAMS 0x00000007c5b00000, 0x00000007c5b00000| Untracked 
|1116|0x00000007c5c00000, 0x00000007c5c00000, 0x00000007c5d00000|  0%| F|  |TAMS 0x00000007c5c00000, 0x00000007c5c00000| Untracked 
|1117|0x00000007c5d00000, 0x00000007c5d00000, 0x00000007c5e00000|  0%| F|  |TAMS 0x00000007c5d00000, 0x00000007c5d00000| Untracked 
|1118|0x00000007c5e00000, 0x00000007c5e00000, 0x00000007c5f00000|  0%| F|  |TAMS 0x00000007c5e00000, 0x00000007c5e00000| Untracked 
|1119|0x00000007c5f00000, 0x00000007c5f00000, 0x00000007c6000000|  0%| F|  |TAMS 0x00000007c5f00000, 0x00000007c5f00000| Untracked 
|1120|0x00000007c6000000, 0x00000007c6000000, 0x00000007c6100000|  0%| F|  |TAMS 0x00000007c6000000, 0x00000007c6000000| Untracked 
|1121|0x00000007c6100000, 0x00000007c6100000, 0x00000007c6200000|  0%| F|  |TAMS 0x00000007c6100000, 0x00000007c6100000| Untracked 
|1122|0x00000007c6200000, 0x00000007c6200000, 0x00000007c6300000|  0%| F|  |TAMS 0x00000007c6200000, 0x00000007c6200000| Untracked 
|1123|0x00000007c6300000, 0x00000007c6300000, 0x00000007c6400000|  0%| F|  |TAMS 0x00000007c6300000, 0x00000007c6300000| Untracked 
|1124|0x00000007c6400000, 0x00000007c6400000, 0x00000007c6500000|  0%| F|  |TAMS 0x00000007c6400000, 0x00000007c6400000| Untracked 
|1125|0x00000007c6500000, 0x00000007c6500000, 0x00000007c6600000|  0%| F|  |TAMS 0x00000007c6500000, 0x00000007c6500000| Untracked 
|1126|0x00000007c6600000, 0x00000007c6600000, 0x00000007c6700000|  0%| F|  |TAMS 0x00000007c6600000, 0x00000007c6600000| Untracked 
|1127|0x00000007c6700000, 0x00000007c6700000, 0x00000007c6800000|  0%| F|  |TAMS 0x00000007c6700000, 0x00000007c6700000| Untracked 
|1128|0x00000007c6800000, 0x00000007c6800000, 0x00000007c6900000|  0%| F|  |TAMS 0x00000007c6800000, 0x00000007c6800000| Untracked 
|1129|0x00000007c6900000, 0x00000007c6900000, 0x00000007c6a00000|  0%| F|  |TAMS 0x00000007c6900000, 0x00000007c6900000| Untracked 
|1130|0x00000007c6a00000, 0x00000007c6a00000, 0x00000007c6b00000|  0%| F|  |TAMS 0x00000007c6a00000, 0x00000007c6a00000| Untracked 
|1131|0x00000007c6b00000, 0x00000007c6b00000, 0x00000007c6c00000|  0%| F|  |TAMS 0x00000007c6b00000, 0x00000007c6b00000| Untracked 
|1132|0x00000007c6c00000, 0x00000007c6c00000, 0x00000007c6d00000|  0%| F|  |TAMS 0x00000007c6c00000, 0x00000007c6c00000| Untracked 
|1133|0x00000007c6d00000, 0x00000007c6d00000, 0x00000007c6e00000|  0%| F|  |TAMS 0x00000007c6d00000, 0x00000007c6d00000| Untracked 
|1134|0x00000007c6e00000, 0x00000007c6e00000, 0x00000007c6f00000|  0%| F|  |TAMS 0x00000007c6e00000, 0x00000007c6e00000| Untracked 
|1135|0x00000007c6f00000, 0x00000007c6f00000, 0x00000007c7000000|  0%| F|  |TAMS 0x00000007c6f00000, 0x00000007c6f00000| Untracked 
|1136|0x00000007c7000000, 0x00000007c7000000, 0x00000007c7100000|  0%| F|  |TAMS 0x00000007c7000000, 0x00000007c7000000| Untracked 
|1137|0x00000007c7100000, 0x00000007c7100000, 0x00000007c7200000|  0%| F|  |TAMS 0x00000007c7100000, 0x00000007c7100000| Untracked 
|1138|0x00000007c7200000, 0x00000007c7200000, 0x00000007c7300000|  0%| F|  |TAMS 0x00000007c7200000, 0x00000007c7200000| Untracked 
|1139|0x00000007c7300000, 0x00000007c7300000, 0x00000007c7400000|  0%| F|  |TAMS 0x00000007c7300000, 0x00000007c7300000| Untracked 
|1140|0x00000007c7400000, 0x00000007c7400000, 0x00000007c7500000|  0%| F|  |TAMS 0x00000007c7400000, 0x00000007c7400000| Untracked 
|1141|0x00000007c7500000, 0x00000007c7500000, 0x00000007c7600000|  0%| F|  |TAMS 0x00000007c7500000, 0x00000007c7500000| Untracked 
|1142|0x00000007c7600000, 0x00000007c7600000, 0x00000007c7700000|  0%| F|  |TAMS 0x00000007c7600000, 0x00000007c7600000| Untracked 
|1143|0x00000007c7700000, 0x00000007c7700000, 0x00000007c7800000|  0%| F|  |TAMS 0x00000007c7700000, 0x00000007c7700000| Untracked 
|1144|0x00000007c7800000, 0x00000007c7800000, 0x00000007c7900000|  0%| F|  |TAMS 0x00000007c7800000, 0x00000007c7800000| Untracked 
|1145|0x00000007c7900000, 0x00000007c7900000, 0x00000007c7a00000|  0%| F|  |TAMS 0x00000007c7900000, 0x00000007c7900000| Untracked 
|1146|0x00000007c7a00000, 0x00000007c7a00000, 0x00000007c7b00000|  0%| F|  |TAMS 0x00000007c7a00000, 0x00000007c7a00000| Untracked 
|1147|0x00000007c7b00000, 0x00000007c7b00000, 0x00000007c7c00000|  0%| F|  |TAMS 0x00000007c7b00000, 0x00000007c7b00000| Untracked 
|1148|0x00000007c7c00000, 0x00000007c7c00000, 0x00000007c7d00000|  0%| F|  |TAMS 0x00000007c7c00000, 0x00000007c7c00000| Untracked 
|1149|0x00000007c7d00000, 0x00000007c7d00000, 0x00000007c7e00000|  0%| F|  |TAMS 0x00000007c7d00000, 0x00000007c7d00000| Untracked 
|1150|0x00000007c7e00000, 0x00000007c7e00000, 0x00000007c7f00000|  0%| F|  |TAMS 0x00000007c7e00000, 0x00000007c7e00000| Untracked 
|1151|0x00000007c7f00000, 0x00000007c7f00000, 0x00000007c8000000|  0%| F|  |TAMS 0x00000007c7f00000, 0x00000007c7f00000| Untracked 
|1152|0x00000007c8000000, 0x00000007c8000000, 0x00000007c8100000|  0%| F|  |TAMS 0x00000007c8000000, 0x00000007c8000000| Untracked 
|1153|0x00000007c8100000, 0x00000007c8100000, 0x00000007c8200000|  0%| F|  |TAMS 0x00000007c8100000, 0x00000007c8100000| Untracked 
|1154|0x00000007c8200000, 0x00000007c8200000, 0x00000007c8300000|  0%| F|  |TAMS 0x00000007c8200000, 0x00000007c8200000| Untracked 
|1155|0x00000007c8300000, 0x00000007c8300000, 0x00000007c8400000|  0%| F|  |TAMS 0x00000007c8300000, 0x00000007c8300000| Untracked 
|1156|0x00000007c8400000, 0x00000007c8400000, 0x00000007c8500000|  0%| F|  |TAMS 0x00000007c8400000, 0x00000007c8400000| Untracked 
|1157|0x00000007c8500000, 0x00000007c8500000, 0x00000007c8600000|  0%| F|  |TAMS 0x00000007c8500000, 0x00000007c8500000| Untracked 
|1158|0x00000007c8600000, 0x00000007c8600000, 0x00000007c8700000|  0%| F|  |TAMS 0x00000007c8600000, 0x00000007c8600000| Untracked 
|1159|0x00000007c8700000, 0x00000007c8700000, 0x00000007c8800000|  0%| F|  |TAMS 0x00000007c8700000, 0x00000007c8700000| Untracked 
|1160|0x00000007c8800000, 0x00000007c8800000, 0x00000007c8900000|  0%| F|  |TAMS 0x00000007c8800000, 0x00000007c8800000| Untracked 
|1161|0x00000007c8900000, 0x00000007c8900000, 0x00000007c8a00000|  0%| F|  |TAMS 0x00000007c8900000, 0x00000007c8900000| Untracked 
|1162|0x00000007c8a00000, 0x00000007c8a00000, 0x00000007c8b00000|  0%| F|  |TAMS 0x00000007c8a00000, 0x00000007c8a00000| Untracked 
|1163|0x00000007c8b00000, 0x00000007c8b00000, 0x00000007c8c00000|  0%| F|  |TAMS 0x00000007c8b00000, 0x00000007c8b00000| Untracked 
|1164|0x00000007c8c00000, 0x00000007c8c00000, 0x00000007c8d00000|  0%| F|  |TAMS 0x00000007c8c00000, 0x00000007c8c00000| Untracked 
|1165|0x00000007c8d00000, 0x00000007c8d00000, 0x00000007c8e00000|  0%| F|  |TAMS 0x00000007c8d00000, 0x00000007c8d00000| Untracked 
|1166|0x00000007c8e00000, 0x00000007c8e00000, 0x00000007c8f00000|  0%| F|  |TAMS 0x00000007c8e00000, 0x00000007c8e00000| Untracked 
|1167|0x00000007c8f00000, 0x00000007c8f00000, 0x00000007c9000000|  0%| F|  |TAMS 0x00000007c8f00000, 0x00000007c8f00000| Untracked 
|1168|0x00000007c9000000, 0x00000007c9000000, 0x00000007c9100000|  0%| F|  |TAMS 0x00000007c9000000, 0x00000007c9000000| Untracked 
|1169|0x00000007c9100000, 0x00000007c9100000, 0x00000007c9200000|  0%| F|  |TAMS 0x00000007c9100000, 0x00000007c9100000| Untracked 
|1170|0x00000007c9200000, 0x00000007c9200000, 0x00000007c9300000|  0%| F|  |TAMS 0x00000007c9200000, 0x00000007c9200000| Untracked 
|1171|0x00000007c9300000, 0x00000007c9300000, 0x00000007c9400000|  0%| F|  |TAMS 0x00000007c9300000, 0x00000007c9300000| Untracked 
|1172|0x00000007c9400000, 0x00000007c9400000, 0x00000007c9500000|  0%| F|  |TAMS 0x00000007c9400000, 0x00000007c9400000| Untracked 
|1173|0x00000007c9500000, 0x00000007c9500000, 0x00000007c9600000|  0%| F|  |TAMS 0x00000007c9500000, 0x00000007c9500000| Untracked 
|1174|0x00000007c9600000, 0x00000007c9600000, 0x00000007c9700000|  0%| F|  |TAMS 0x00000007c9600000, 0x00000007c9600000| Untracked 
|1175|0x00000007c9700000, 0x00000007c9700000, 0x00000007c9800000|  0%| F|  |TAMS 0x00000007c9700000, 0x00000007c9700000| Untracked 
|1176|0x00000007c9800000, 0x00000007c9800000, 0x00000007c9900000|  0%| F|  |TAMS 0x00000007c9800000, 0x00000007c9800000| Untracked 
|1177|0x00000007c9900000, 0x00000007c9900000, 0x00000007c9a00000|  0%| F|  |TAMS 0x00000007c9900000, 0x00000007c9900000| Untracked 
|1178|0x00000007c9a00000, 0x00000007c9a00000, 0x00000007c9b00000|  0%| F|  |TAMS 0x00000007c9a00000, 0x00000007c9a00000| Untracked 
|1179|0x00000007c9b00000, 0x00000007c9b00000, 0x00000007c9c00000|  0%| F|  |TAMS 0x00000007c9b00000, 0x00000007c9b00000| Untracked 
|1180|0x00000007c9c00000, 0x00000007c9c00000, 0x00000007c9d00000|  0%| F|  |TAMS 0x00000007c9c00000, 0x00000007c9c00000| Untracked 
|1181|0x00000007c9d00000, 0x00000007c9d00000, 0x00000007c9e00000|  0%| F|  |TAMS 0x00000007c9d00000, 0x00000007c9d00000| Untracked 
|1182|0x00000007c9e00000, 0x00000007c9e00000, 0x00000007c9f00000|  0%| F|  |TAMS 0x00000007c9e00000, 0x00000007c9e00000| Untracked 
|1183|0x00000007c9f00000, 0x00000007c9f00000, 0x00000007ca000000|  0%| F|  |TAMS 0x00000007c9f00000, 0x00000007c9f00000| Untracked 
|1184|0x00000007ca000000, 0x00000007ca000000, 0x00000007ca100000|  0%| F|  |TAMS 0x00000007ca000000, 0x00000007ca000000| Untracked 
|1185|0x00000007ca100000, 0x00000007ca100000, 0x00000007ca200000|  0%| F|  |TAMS 0x00000007ca100000, 0x00000007ca100000| Untracked 
|1186|0x00000007ca200000, 0x00000007ca200000, 0x00000007ca300000|  0%| F|  |TAMS 0x00000007ca200000, 0x00000007ca200000| Untracked 
|1187|0x00000007ca300000, 0x00000007ca300000, 0x00000007ca400000|  0%| F|  |TAMS 0x00000007ca300000, 0x00000007ca300000| Untracked 
|1188|0x00000007ca400000, 0x00000007ca400000, 0x00000007ca500000|  0%| F|  |TAMS 0x00000007ca400000, 0x00000007ca400000| Untracked 
|1189|0x00000007ca500000, 0x00000007ca500000, 0x00000007ca600000|  0%| F|  |TAMS 0x00000007ca500000, 0x00000007ca500000| Untracked 
|1190|0x00000007ca600000, 0x00000007ca600000, 0x00000007ca700000|  0%| F|  |TAMS 0x00000007ca600000, 0x00000007ca600000| Untracked 
|1191|0x00000007ca700000, 0x00000007ca700000, 0x00000007ca800000|  0%| F|  |TAMS 0x00000007ca700000, 0x00000007ca700000| Untracked 
|1192|0x00000007ca800000, 0x00000007ca800000, 0x00000007ca900000|  0%| F|  |TAMS 0x00000007ca800000, 0x00000007ca800000| Untracked 
|1193|0x00000007ca900000, 0x00000007ca900000, 0x00000007caa00000|  0%| F|  |TAMS 0x00000007ca900000, 0x00000007ca900000| Untracked 
|1194|0x00000007caa00000, 0x00000007caa00000, 0x00000007cab00000|  0%| F|  |TAMS 0x00000007caa00000, 0x00000007caa00000| Untracked 
|1195|0x00000007cab00000, 0x00000007cab00000, 0x00000007cac00000|  0%| F|  |TAMS 0x00000007cab00000, 0x00000007cab00000| Untracked 
|1196|0x00000007cac00000, 0x00000007cac00000, 0x00000007cad00000|  0%| F|  |TAMS 0x00000007cac00000, 0x00000007cac00000| Untracked 
|1197|0x00000007cad00000, 0x00000007cad00000, 0x00000007cae00000|  0%| F|  |TAMS 0x00000007cad00000, 0x00000007cad00000| Untracked 
|1198|0x00000007cae00000, 0x00000007cae00000, 0x00000007caf00000|  0%| F|  |TAMS 0x00000007cae00000, 0x00000007cae00000| Untracked 
|1199|0x00000007caf00000, 0x00000007caf00000, 0x00000007cb000000|  0%| F|  |TAMS 0x00000007caf00000, 0x00000007caf00000| Untracked 
|1200|0x00000007cb000000, 0x00000007cb000000, 0x00000007cb100000|  0%| F|  |TAMS 0x00000007cb000000, 0x00000007cb000000| Untracked 
|1201|0x00000007cb100000, 0x00000007cb100000, 0x00000007cb200000|  0%| F|  |TAMS 0x00000007cb100000, 0x00000007cb100000| Untracked 
|1202|0x00000007cb200000, 0x00000007cb200000, 0x00000007cb300000|  0%| F|  |TAMS 0x00000007cb200000, 0x00000007cb200000| Untracked 
|1203|0x00000007cb300000, 0x00000007cb300000, 0x00000007cb400000|  0%| F|  |TAMS 0x00000007cb300000, 0x00000007cb300000| Untracked 
|1204|0x00000007cb400000, 0x00000007cb400000, 0x00000007cb500000|  0%| F|  |TAMS 0x00000007cb400000, 0x00000007cb400000| Untracked 
|1205|0x00000007cb500000, 0x00000007cb500000, 0x00000007cb600000|  0%| F|  |TAMS 0x00000007cb500000, 0x00000007cb500000| Untracked 
|1206|0x00000007cb600000, 0x00000007cb600000, 0x00000007cb700000|  0%| F|  |TAMS 0x00000007cb600000, 0x00000007cb600000| Untracked 
|1207|0x00000007cb700000, 0x00000007cb700000, 0x00000007cb800000|  0%| F|  |TAMS 0x00000007cb700000, 0x00000007cb700000| Untracked 
|1208|0x00000007cb800000, 0x00000007cb800000, 0x00000007cb900000|  0%| F|  |TAMS 0x00000007cb800000, 0x00000007cb800000| Untracked 
|1209|0x00000007cb900000, 0x00000007cb900000, 0x00000007cba00000|  0%| F|  |TAMS 0x00000007cb900000, 0x00000007cb900000| Untracked 
|1210|0x00000007cba00000, 0x00000007cba00000, 0x00000007cbb00000|  0%| F|  |TAMS 0x00000007cba00000, 0x00000007cba00000| Untracked 
|1211|0x00000007cbb00000, 0x00000007cbb00000, 0x00000007cbc00000|  0%| F|  |TAMS 0x00000007cbb00000, 0x00000007cbb00000| Untracked 
|1212|0x00000007cbc00000, 0x00000007cbc00000, 0x00000007cbd00000|  0%| F|  |TAMS 0x00000007cbc00000, 0x00000007cbc00000| Untracked 
|1213|0x00000007cbd00000, 0x00000007cbd00000, 0x00000007cbe00000|  0%| F|  |TAMS 0x00000007cbd00000, 0x00000007cbd00000| Untracked 
|1214|0x00000007cbe00000, 0x00000007cbe00000, 0x00000007cbf00000|  0%| F|  |TAMS 0x00000007cbe00000, 0x00000007cbe00000| Untracked 
|1215|0x00000007cbf00000, 0x00000007cbf00000, 0x00000007cc000000|  0%| F|  |TAMS 0x00000007cbf00000, 0x00000007cbf00000| Untracked 
|1216|0x00000007cc000000, 0x00000007cc000000, 0x00000007cc100000|  0%| F|  |TAMS 0x00000007cc000000, 0x00000007cc000000| Untracked 
|1217|0x00000007cc100000, 0x00000007cc100000, 0x00000007cc200000|  0%| F|  |TAMS 0x00000007cc100000, 0x00000007cc100000| Untracked 
|1218|0x00000007cc200000, 0x00000007cc200000, 0x00000007cc300000|  0%| F|  |TAMS 0x00000007cc200000, 0x00000007cc200000| Untracked 
|1219|0x00000007cc300000, 0x00000007cc300000, 0x00000007cc400000|  0%| F|  |TAMS 0x00000007cc300000, 0x00000007cc300000| Untracked 
|1220|0x00000007cc400000, 0x00000007cc400000, 0x00000007cc500000|  0%| F|  |TAMS 0x00000007cc400000, 0x00000007cc400000| Untracked 
|1221|0x00000007cc500000, 0x00000007cc500000, 0x00000007cc600000|  0%| F|  |TAMS 0x00000007cc500000, 0x00000007cc500000| Untracked 
|1222|0x00000007cc600000, 0x00000007cc600000, 0x00000007cc700000|  0%| F|  |TAMS 0x00000007cc600000, 0x00000007cc600000| Untracked 
|1223|0x00000007cc700000, 0x00000007cc700000, 0x00000007cc800000|  0%| F|  |TAMS 0x00000007cc700000, 0x00000007cc700000| Untracked 
|1224|0x00000007cc800000, 0x00000007cc800000, 0x00000007cc900000|  0%| F|  |TAMS 0x00000007cc800000, 0x00000007cc800000| Untracked 
|1225|0x00000007cc900000, 0x00000007cc900000, 0x00000007cca00000|  0%| F|  |TAMS 0x00000007cc900000, 0x00000007cc900000| Untracked 
|1226|0x00000007cca00000, 0x00000007cca00000, 0x00000007ccb00000|  0%| F|  |TAMS 0x00000007cca00000, 0x00000007cca00000| Untracked 
|1227|0x00000007ccb00000, 0x00000007ccb00000, 0x00000007ccc00000|  0%| F|  |TAMS 0x00000007ccb00000, 0x00000007ccb00000| Untracked 
|1228|0x00000007ccc00000, 0x00000007ccc00000, 0x00000007ccd00000|  0%| F|  |TAMS 0x00000007ccc00000, 0x00000007ccc00000| Untracked 
|1229|0x00000007ccd00000, 0x00000007ccd00000, 0x00000007cce00000|  0%| F|  |TAMS 0x00000007ccd00000, 0x00000007ccd00000| Untracked 
|1230|0x00000007cce00000, 0x00000007cce00000, 0x00000007ccf00000|  0%| F|  |TAMS 0x00000007cce00000, 0x00000007cce00000| Untracked 
|1231|0x00000007ccf00000, 0x00000007ccf00000, 0x00000007cd000000|  0%| F|  |TAMS 0x00000007ccf00000, 0x00000007ccf00000| Untracked 
|1232|0x00000007cd000000, 0x00000007cd000000, 0x00000007cd100000|  0%| F|  |TAMS 0x00000007cd000000, 0x00000007cd000000| Untracked 
|1233|0x00000007cd100000, 0x00000007cd100000, 0x00000007cd200000|  0%| F|  |TAMS 0x00000007cd100000, 0x00000007cd100000| Untracked 
|1234|0x00000007cd200000, 0x00000007cd200000, 0x00000007cd300000|  0%| F|  |TAMS 0x00000007cd200000, 0x00000007cd200000| Untracked 
|1235|0x00000007cd300000, 0x00000007cd300000, 0x00000007cd400000|  0%| F|  |TAMS 0x00000007cd300000, 0x00000007cd300000| Untracked 
|1236|0x00000007cd400000, 0x00000007cd400000, 0x00000007cd500000|  0%| F|  |TAMS 0x00000007cd400000, 0x00000007cd400000| Untracked 
|1237|0x00000007cd500000, 0x00000007cd500000, 0x00000007cd600000|  0%| F|  |TAMS 0x00000007cd500000, 0x00000007cd500000| Untracked 
|1238|0x00000007cd600000, 0x00000007cd600000, 0x00000007cd700000|  0%| F|  |TAMS 0x00000007cd600000, 0x00000007cd600000| Untracked 
|1239|0x00000007cd700000, 0x00000007cd700000, 0x00000007cd800000|  0%| F|  |TAMS 0x00000007cd700000, 0x00000007cd700000| Untracked 
|1240|0x00000007cd800000, 0x00000007cd800000, 0x00000007cd900000|  0%| F|  |TAMS 0x00000007cd800000, 0x00000007cd800000| Untracked 
|1241|0x00000007cd900000, 0x00000007cd900000, 0x00000007cda00000|  0%| F|  |TAMS 0x00000007cd900000, 0x00000007cd900000| Untracked 
|1242|0x00000007cda00000, 0x00000007cda00000, 0x00000007cdb00000|  0%| F|  |TAMS 0x00000007cda00000, 0x00000007cda00000| Untracked 
|1243|0x00000007cdb00000, 0x00000007cdb00000, 0x00000007cdc00000|  0%| F|  |TAMS 0x00000007cdb00000, 0x00000007cdb00000| Untracked 
|1244|0x00000007cdc00000, 0x00000007cdc00000, 0x00000007cdd00000|  0%| F|  |TAMS 0x00000007cdc00000, 0x00000007cdc00000| Untracked 
|1245|0x00000007cdd00000, 0x00000007cdd00000, 0x00000007cde00000|  0%| F|  |TAMS 0x00000007cdd00000, 0x00000007cdd00000| Untracked 
|1246|0x00000007cde00000, 0x00000007cde00000, 0x00000007cdf00000|  0%| F|  |TAMS 0x00000007cde00000, 0x00000007cde00000| Untracked 
|1247|0x00000007cdf00000, 0x00000007cdf00000, 0x00000007ce000000|  0%| F|  |TAMS 0x00000007cdf00000, 0x00000007cdf00000| Untracked 
|1248|0x00000007ce000000, 0x00000007ce000000, 0x00000007ce100000|  0%| F|  |TAMS 0x00000007ce000000, 0x00000007ce000000| Untracked 
|1249|0x00000007ce100000, 0x00000007ce100000, 0x00000007ce200000|  0%| F|  |TAMS 0x00000007ce100000, 0x00000007ce100000| Untracked 
|1250|0x00000007ce200000, 0x00000007ce200000, 0x00000007ce300000|  0%| F|  |TAMS 0x00000007ce200000, 0x00000007ce200000| Untracked 
|1251|0x00000007ce300000, 0x00000007ce300000, 0x00000007ce400000|  0%| F|  |TAMS 0x00000007ce300000, 0x00000007ce300000| Untracked 
|1252|0x00000007ce400000, 0x00000007ce400000, 0x00000007ce500000|  0%| F|  |TAMS 0x00000007ce400000, 0x00000007ce400000| Untracked 
|1253|0x00000007ce500000, 0x00000007ce500000, 0x00000007ce600000|  0%| F|  |TAMS 0x00000007ce500000, 0x00000007ce500000| Untracked 
|1254|0x00000007ce600000, 0x00000007ce600000, 0x00000007ce700000|  0%| F|  |TAMS 0x00000007ce600000, 0x00000007ce600000| Untracked 
|1255|0x00000007ce700000, 0x00000007ce700000, 0x00000007ce800000|  0%| F|  |TAMS 0x00000007ce700000, 0x00000007ce700000| Untracked 
|1256|0x00000007ce800000, 0x00000007ce800000, 0x00000007ce900000|  0%| F|  |TAMS 0x00000007ce800000, 0x00000007ce800000| Untracked 
|1257|0x00000007ce900000, 0x00000007ce900000, 0x00000007cea00000|  0%| F|  |TAMS 0x00000007ce900000, 0x00000007ce900000| Untracked 
|1258|0x00000007cea00000, 0x00000007cea00000, 0x00000007ceb00000|  0%| F|  |TAMS 0x00000007cea00000, 0x00000007cea00000| Untracked 
|1259|0x00000007ceb00000, 0x00000007ceb00000, 0x00000007cec00000|  0%| F|  |TAMS 0x00000007ceb00000, 0x00000007ceb00000| Untracked 
|1260|0x00000007cec00000, 0x00000007cec00000, 0x00000007ced00000|  0%| F|  |TAMS 0x00000007cec00000, 0x00000007cec00000| Untracked 
|1261|0x00000007ced00000, 0x00000007ced00000, 0x00000007cee00000|  0%| F|  |TAMS 0x00000007ced00000, 0x00000007ced00000| Untracked 
|1262|0x00000007cee00000, 0x00000007cee00000, 0x00000007cef00000|  0%| F|  |TAMS 0x00000007cee00000, 0x00000007cee00000| Untracked 
|1263|0x00000007cef00000, 0x00000007cef00000, 0x00000007cf000000|  0%| F|  |TAMS 0x00000007cef00000, 0x00000007cef00000| Untracked 
|1264|0x00000007cf000000, 0x00000007cf000000, 0x00000007cf100000|  0%| F|  |TAMS 0x00000007cf000000, 0x00000007cf000000| Untracked 
|1265|0x00000007cf100000, 0x00000007cf100000, 0x00000007cf200000|  0%| F|  |TAMS 0x00000007cf100000, 0x00000007cf100000| Untracked 
|1266|0x00000007cf200000, 0x00000007cf200000, 0x00000007cf300000|  0%| F|  |TAMS 0x00000007cf200000, 0x00000007cf200000| Untracked 
|1267|0x00000007cf300000, 0x00000007cf300000, 0x00000007cf400000|  0%| F|  |TAMS 0x00000007cf300000, 0x00000007cf300000| Untracked 
|1268|0x00000007cf400000, 0x00000007cf400000, 0x00000007cf500000|  0%| F|  |TAMS 0x00000007cf400000, 0x00000007cf400000| Untracked 
|1269|0x00000007cf500000, 0x00000007cf500000, 0x00000007cf600000|  0%| F|  |TAMS 0x00000007cf500000, 0x00000007cf500000| Untracked 
|1270|0x00000007cf600000, 0x00000007cf600000, 0x00000007cf700000|  0%| F|  |TAMS 0x00000007cf600000, 0x00000007cf600000| Untracked 
|1271|0x00000007cf700000, 0x00000007cf700000, 0x00000007cf800000|  0%| F|  |TAMS 0x00000007cf700000, 0x00000007cf700000| Untracked 
|1272|0x00000007cf800000, 0x00000007cf800000, 0x00000007cf900000|  0%| F|  |TAMS 0x00000007cf800000, 0x00000007cf800000| Untracked 
|1273|0x00000007cf900000, 0x00000007cf900000, 0x00000007cfa00000|  0%| F|  |TAMS 0x00000007cf900000, 0x00000007cf900000| Untracked 
|1274|0x00000007cfa00000, 0x00000007cfa00000, 0x00000007cfb00000|  0%| F|  |TAMS 0x00000007cfa00000, 0x00000007cfa00000| Untracked 
|1275|0x00000007cfb00000, 0x00000007cfb00000, 0x00000007cfc00000|  0%| F|  |TAMS 0x00000007cfb00000, 0x00000007cfb00000| Untracked 
|1276|0x00000007cfc00000, 0x00000007cfc00000, 0x00000007cfd00000|  0%| F|  |TAMS 0x00000007cfc00000, 0x00000007cfc00000| Untracked 
|1277|0x00000007cfd00000, 0x00000007cfd00000, 0x00000007cfe00000|  0%| F|  |TAMS 0x00000007cfd00000, 0x00000007cfd00000| Untracked 
|1278|0x00000007cfe00000, 0x00000007cfe00000, 0x00000007cff00000|  0%| F|  |TAMS 0x00000007cfe00000, 0x00000007cfe00000| Untracked 
|1279|0x00000007cff00000, 0x00000007cff00000, 0x00000007d0000000|  0%| F|  |TAMS 0x00000007cff00000, 0x00000007cff00000| Untracked 
|1280|0x00000007d0000000, 0x00000007d0000000, 0x00000007d0100000|  0%| F|  |TAMS 0x00000007d0000000, 0x00000007d0000000| Untracked 
|1281|0x00000007d0100000, 0x00000007d0100000, 0x00000007d0200000|  0%| F|  |TAMS 0x00000007d0100000, 0x00000007d0100000| Untracked 
|1282|0x00000007d0200000, 0x00000007d0200000, 0x00000007d0300000|  0%| F|  |TAMS 0x00000007d0200000, 0x00000007d0200000| Untracked 
|1283|0x00000007d0300000, 0x00000007d0300000, 0x00000007d0400000|  0%| F|  |TAMS 0x00000007d0300000, 0x00000007d0300000| Untracked 
|1284|0x00000007d0400000, 0x00000007d0400000, 0x00000007d0500000|  0%| F|  |TAMS 0x00000007d0400000, 0x00000007d0400000| Untracked 
|1285|0x00000007d0500000, 0x00000007d0500000, 0x00000007d0600000|  0%| F|  |TAMS 0x00000007d0500000, 0x00000007d0500000| Untracked 
|1286|0x00000007d0600000, 0x00000007d0600000, 0x00000007d0700000|  0%| F|  |TAMS 0x00000007d0600000, 0x00000007d0600000| Untracked 
|1287|0x00000007d0700000, 0x00000007d0700000, 0x00000007d0800000|  0%| F|  |TAMS 0x00000007d0700000, 0x00000007d0700000| Untracked 
|1288|0x00000007d0800000, 0x00000007d0800000, 0x00000007d0900000|  0%| F|  |TAMS 0x00000007d0800000, 0x00000007d0800000| Untracked 
|1289|0x00000007d0900000, 0x00000007d0900000, 0x00000007d0a00000|  0%| F|  |TAMS 0x00000007d0900000, 0x00000007d0900000| Untracked 
|1290|0x00000007d0a00000, 0x00000007d0a00000, 0x00000007d0b00000|  0%| F|  |TAMS 0x00000007d0a00000, 0x00000007d0a00000| Untracked 
|1291|0x00000007d0b00000, 0x00000007d0b00000, 0x00000007d0c00000|  0%| F|  |TAMS 0x00000007d0b00000, 0x00000007d0b00000| Untracked 
|1292|0x00000007d0c00000, 0x00000007d0c00000, 0x00000007d0d00000|  0%| F|  |TAMS 0x00000007d0c00000, 0x00000007d0c00000| Untracked 
|1293|0x00000007d0d00000, 0x00000007d0d00000, 0x00000007d0e00000|  0%| F|  |TAMS 0x00000007d0d00000, 0x00000007d0d00000| Untracked 
|1294|0x00000007d0e00000, 0x00000007d0e00000, 0x00000007d0f00000|  0%| F|  |TAMS 0x00000007d0e00000, 0x00000007d0e00000| Untracked 
|1295|0x00000007d0f00000, 0x00000007d0f00000, 0x00000007d1000000|  0%| F|  |TAMS 0x00000007d0f00000, 0x00000007d0f00000| Untracked 
|1296|0x00000007d1000000, 0x00000007d1000000, 0x00000007d1100000|  0%| F|  |TAMS 0x00000007d1000000, 0x00000007d1000000| Untracked 
|1297|0x00000007d1100000, 0x00000007d1100000, 0x00000007d1200000|  0%| F|  |TAMS 0x00000007d1100000, 0x00000007d1100000| Untracked 
|1298|0x00000007d1200000, 0x00000007d1200000, 0x00000007d1300000|  0%| F|  |TAMS 0x00000007d1200000, 0x00000007d1200000| Untracked 
|1299|0x00000007d1300000, 0x00000007d1300000, 0x00000007d1400000|  0%| F|  |TAMS 0x00000007d1300000, 0x00000007d1300000| Untracked 
|1300|0x00000007d1400000, 0x00000007d1400000, 0x00000007d1500000|  0%| F|  |TAMS 0x00000007d1400000, 0x00000007d1400000| Untracked 
|1301|0x00000007d1500000, 0x00000007d1500000, 0x00000007d1600000|  0%| F|  |TAMS 0x00000007d1500000, 0x00000007d1500000| Untracked 
|1302|0x00000007d1600000, 0x00000007d1600000, 0x00000007d1700000|  0%| F|  |TAMS 0x00000007d1600000, 0x00000007d1600000| Untracked 
|1303|0x00000007d1700000, 0x00000007d1700000, 0x00000007d1800000|  0%| F|  |TAMS 0x00000007d1700000, 0x00000007d1700000| Untracked 
|1304|0x00000007d1800000, 0x00000007d1800000, 0x00000007d1900000|  0%| F|  |TAMS 0x00000007d1800000, 0x00000007d1800000| Untracked 
|1305|0x00000007d1900000, 0x00000007d1900000, 0x00000007d1a00000|  0%| F|  |TAMS 0x00000007d1900000, 0x00000007d1900000| Untracked 
|1306|0x00000007d1a00000, 0x00000007d1a00000, 0x00000007d1b00000|  0%| F|  |TAMS 0x00000007d1a00000, 0x00000007d1a00000| Untracked 
|1307|0x00000007d1b00000, 0x00000007d1b00000, 0x00000007d1c00000|  0%| F|  |TAMS 0x00000007d1b00000, 0x00000007d1b00000| Untracked 
|1308|0x00000007d1c00000, 0x00000007d1c00000, 0x00000007d1d00000|  0%| F|  |TAMS 0x00000007d1c00000, 0x00000007d1c00000| Untracked 
|1309|0x00000007d1d00000, 0x00000007d1d00000, 0x00000007d1e00000|  0%| F|  |TAMS 0x00000007d1d00000, 0x00000007d1d00000| Untracked 
|1310|0x00000007d1e00000, 0x00000007d1e00000, 0x00000007d1f00000|  0%| F|  |TAMS 0x00000007d1e00000, 0x00000007d1e00000| Untracked 
|1311|0x00000007d1f00000, 0x00000007d1f00000, 0x00000007d2000000|  0%| F|  |TAMS 0x00000007d1f00000, 0x00000007d1f00000| Untracked 
|1312|0x00000007d2000000, 0x00000007d2000000, 0x00000007d2100000|  0%| F|  |TAMS 0x00000007d2000000, 0x00000007d2000000| Untracked 
|1313|0x00000007d2100000, 0x00000007d2100000, 0x00000007d2200000|  0%| F|  |TAMS 0x00000007d2100000, 0x00000007d2100000| Untracked 
|1314|0x00000007d2200000, 0x00000007d2200000, 0x00000007d2300000|  0%| F|  |TAMS 0x00000007d2200000, 0x00000007d2200000| Untracked 
|1315|0x00000007d2300000, 0x00000007d2300000, 0x00000007d2400000|  0%| F|  |TAMS 0x00000007d2300000, 0x00000007d2300000| Untracked 
|1316|0x00000007d2400000, 0x00000007d2400000, 0x00000007d2500000|  0%| F|  |TAMS 0x00000007d2400000, 0x00000007d2400000| Untracked 
|1317|0x00000007d2500000, 0x00000007d2500000, 0x00000007d2600000|  0%| F|  |TAMS 0x00000007d2500000, 0x00000007d2500000| Untracked 
|1318|0x00000007d2600000, 0x00000007d2600000, 0x00000007d2700000|  0%| F|  |TAMS 0x00000007d2600000, 0x00000007d2600000| Untracked 
|1319|0x00000007d2700000, 0x00000007d2700000, 0x00000007d2800000|  0%| F|  |TAMS 0x00000007d2700000, 0x00000007d2700000| Untracked 
|1320|0x00000007d2800000, 0x00000007d2800000, 0x00000007d2900000|  0%| F|  |TAMS 0x00000007d2800000, 0x00000007d2800000| Untracked 
|1321|0x00000007d2900000, 0x00000007d2900000, 0x00000007d2a00000|  0%| F|  |TAMS 0x00000007d2900000, 0x00000007d2900000| Untracked 
|1322|0x00000007d2a00000, 0x00000007d2a00000, 0x00000007d2b00000|  0%| F|  |TAMS 0x00000007d2a00000, 0x00000007d2a00000| Untracked 
|1323|0x00000007d2b00000, 0x00000007d2b00000, 0x00000007d2c00000|  0%| F|  |TAMS 0x00000007d2b00000, 0x00000007d2b00000| Untracked 
|1324|0x00000007d2c00000, 0x00000007d2c00000, 0x00000007d2d00000|  0%| F|  |TAMS 0x00000007d2c00000, 0x00000007d2c00000| Untracked 
|1325|0x00000007d2d00000, 0x00000007d2d00000, 0x00000007d2e00000|  0%| F|  |TAMS 0x00000007d2d00000, 0x00000007d2d00000| Untracked 
|1326|0x00000007d2e00000, 0x00000007d2e00000, 0x00000007d2f00000|  0%| F|  |TAMS 0x00000007d2e00000, 0x00000007d2e00000| Untracked 
|1327|0x00000007d2f00000, 0x00000007d2f00000, 0x00000007d3000000|  0%| F|  |TAMS 0x00000007d2f00000, 0x00000007d2f00000| Untracked 
|1328|0x00000007d3000000, 0x00000007d3000000, 0x00000007d3100000|  0%| F|  |TAMS 0x00000007d3000000, 0x00000007d3000000| Untracked 
|1329|0x00000007d3100000, 0x00000007d3100000, 0x00000007d3200000|  0%| F|  |TAMS 0x00000007d3100000, 0x00000007d3100000| Untracked 
|1330|0x00000007d3200000, 0x00000007d3200000, 0x00000007d3300000|  0%| F|  |TAMS 0x00000007d3200000, 0x00000007d3200000| Untracked 
|1331|0x00000007d3300000, 0x00000007d3300000, 0x00000007d3400000|  0%| F|  |TAMS 0x00000007d3300000, 0x00000007d3300000| Untracked 
|1332|0x00000007d3400000, 0x00000007d3400000, 0x00000007d3500000|  0%| F|  |TAMS 0x00000007d3400000, 0x00000007d3400000| Untracked 
|1333|0x00000007d3500000, 0x00000007d3500000, 0x00000007d3600000|  0%| F|  |TAMS 0x00000007d3500000, 0x00000007d3500000| Untracked 
|1334|0x00000007d3600000, 0x00000007d3600000, 0x00000007d3700000|  0%| F|  |TAMS 0x00000007d3600000, 0x00000007d3600000| Untracked 
|1335|0x00000007d3700000, 0x00000007d3700000, 0x00000007d3800000|  0%| F|  |TAMS 0x00000007d3700000, 0x00000007d3700000| Untracked 
|1336|0x00000007d3800000, 0x00000007d3800000, 0x00000007d3900000|  0%| F|  |TAMS 0x00000007d3800000, 0x00000007d3800000| Untracked 
|1337|0x00000007d3900000, 0x00000007d3900000, 0x00000007d3a00000|  0%| F|  |TAMS 0x00000007d3900000, 0x00000007d3900000| Untracked 
|1338|0x00000007d3a00000, 0x00000007d3a00000, 0x00000007d3b00000|  0%| F|  |TAMS 0x00000007d3a00000, 0x00000007d3a00000| Untracked 
|1339|0x00000007d3b00000, 0x00000007d3b00000, 0x00000007d3c00000|  0%| F|  |TAMS 0x00000007d3b00000, 0x00000007d3b00000| Untracked 
|1340|0x00000007d3c00000, 0x00000007d3c00000, 0x00000007d3d00000|  0%| F|  |TAMS 0x00000007d3c00000, 0x00000007d3c00000| Untracked 
|1341|0x00000007d3d00000, 0x00000007d3d00000, 0x00000007d3e00000|  0%| F|  |TAMS 0x00000007d3d00000, 0x00000007d3d00000| Untracked 
|1342|0x00000007d3e00000, 0x00000007d3e00000, 0x00000007d3f00000|  0%| F|  |TAMS 0x00000007d3e00000, 0x00000007d3e00000| Untracked 
|1343|0x00000007d3f00000, 0x00000007d3f00000, 0x00000007d4000000|  0%| F|  |TAMS 0x00000007d3f00000, 0x00000007d3f00000| Untracked 
|1344|0x00000007d4000000, 0x00000007d4000000, 0x00000007d4100000|  0%| F|  |TAMS 0x00000007d4000000, 0x00000007d4000000| Untracked 
|1345|0x00000007d4100000, 0x00000007d4100000, 0x00000007d4200000|  0%| F|  |TAMS 0x00000007d4100000, 0x00000007d4100000| Untracked 
|1346|0x00000007d4200000, 0x00000007d4200000, 0x00000007d4300000|  0%| F|  |TAMS 0x00000007d4200000, 0x00000007d4200000| Untracked 
|1347|0x00000007d4300000, 0x00000007d4300000, 0x00000007d4400000|  0%| F|  |TAMS 0x00000007d4300000, 0x00000007d4300000| Untracked 
|1348|0x00000007d4400000, 0x00000007d4400000, 0x00000007d4500000|  0%| F|  |TAMS 0x00000007d4400000, 0x00000007d4400000| Untracked 
|1349|0x00000007d4500000, 0x00000007d4500000, 0x00000007d4600000|  0%| F|  |TAMS 0x00000007d4500000, 0x00000007d4500000| Untracked 
|1350|0x00000007d4600000, 0x00000007d4600000, 0x00000007d4700000|  0%| F|  |TAMS 0x00000007d4600000, 0x00000007d4600000| Untracked 
|1351|0x00000007d4700000, 0x00000007d4700000, 0x00000007d4800000|  0%| F|  |TAMS 0x00000007d4700000, 0x00000007d4700000| Untracked 
|1352|0x00000007d4800000, 0x00000007d4800000, 0x00000007d4900000|  0%| F|  |TAMS 0x00000007d4800000, 0x00000007d4800000| Untracked 
|1353|0x00000007d4900000, 0x00000007d4900000, 0x00000007d4a00000|  0%| F|  |TAMS 0x00000007d4900000, 0x00000007d4900000| Untracked 
|1354|0x00000007d4a00000, 0x00000007d4a00000, 0x00000007d4b00000|  0%| F|  |TAMS 0x00000007d4a00000, 0x00000007d4a00000| Untracked 
|1355|0x00000007d4b00000, 0x00000007d4b00000, 0x00000007d4c00000|  0%| F|  |TAMS 0x00000007d4b00000, 0x00000007d4b00000| Untracked 
|1356|0x00000007d4c00000, 0x00000007d4c00000, 0x00000007d4d00000|  0%| F|  |TAMS 0x00000007d4c00000, 0x00000007d4c00000| Untracked 
|1357|0x00000007d4d00000, 0x00000007d4d00000, 0x00000007d4e00000|  0%| F|  |TAMS 0x00000007d4d00000, 0x00000007d4d00000| Untracked 
|1358|0x00000007d4e00000, 0x00000007d4e00000, 0x00000007d4f00000|  0%| F|  |TAMS 0x00000007d4e00000, 0x00000007d4e00000| Untracked 
|1359|0x00000007d4f00000, 0x00000007d4f00000, 0x00000007d5000000|  0%| F|  |TAMS 0x00000007d4f00000, 0x00000007d4f00000| Untracked 
|1360|0x00000007d5000000, 0x00000007d5000000, 0x00000007d5100000|  0%| F|  |TAMS 0x00000007d5000000, 0x00000007d5000000| Untracked 
|1361|0x00000007d5100000, 0x00000007d5100000, 0x00000007d5200000|  0%| F|  |TAMS 0x00000007d5100000, 0x00000007d5100000| Untracked 
|1362|0x00000007d5200000, 0x00000007d5200000, 0x00000007d5300000|  0%| F|  |TAMS 0x00000007d5200000, 0x00000007d5200000| Untracked 
|1363|0x00000007d5300000, 0x00000007d5300000, 0x00000007d5400000|  0%| F|  |TAMS 0x00000007d5300000, 0x00000007d5300000| Untracked 
|1364|0x00000007d5400000, 0x00000007d5400000, 0x00000007d5500000|  0%| F|  |TAMS 0x00000007d5400000, 0x00000007d5400000| Untracked 
|1365|0x00000007d5500000, 0x00000007d5500000, 0x00000007d5600000|  0%| F|  |TAMS 0x00000007d5500000, 0x00000007d5500000| Untracked 
|1366|0x00000007d5600000, 0x00000007d5600000, 0x00000007d5700000|  0%| F|  |TAMS 0x00000007d5600000, 0x00000007d5600000| Untracked 
|1367|0x00000007d5700000, 0x00000007d5700000, 0x00000007d5800000|  0%| F|  |TAMS 0x00000007d5700000, 0x00000007d5700000| Untracked 
|1368|0x00000007d5800000, 0x00000007d5800000, 0x00000007d5900000|  0%| F|  |TAMS 0x00000007d5800000, 0x00000007d5800000| Untracked 
|1369|0x00000007d5900000, 0x00000007d5900000, 0x00000007d5a00000|  0%| F|  |TAMS 0x00000007d5900000, 0x00000007d5900000| Untracked 
|1370|0x00000007d5a00000, 0x00000007d5a00000, 0x00000007d5b00000|  0%| F|  |TAMS 0x00000007d5a00000, 0x00000007d5a00000| Untracked 
|1371|0x00000007d5b00000, 0x00000007d5b00000, 0x00000007d5c00000|  0%| F|  |TAMS 0x00000007d5b00000, 0x00000007d5b00000| Untracked 
|1372|0x00000007d5c00000, 0x00000007d5c00000, 0x00000007d5d00000|  0%| F|  |TAMS 0x00000007d5c00000, 0x00000007d5c00000| Untracked 
|1373|0x00000007d5d00000, 0x00000007d5d00000, 0x00000007d5e00000|  0%| F|  |TAMS 0x00000007d5d00000, 0x00000007d5d00000| Untracked 
|1374|0x00000007d5e00000, 0x00000007d5e00000, 0x00000007d5f00000|  0%| F|  |TAMS 0x00000007d5e00000, 0x00000007d5e00000| Untracked 
|1375|0x00000007d5f00000, 0x00000007d5f00000, 0x00000007d6000000|  0%| F|  |TAMS 0x00000007d5f00000, 0x00000007d5f00000| Untracked 
|1376|0x00000007d6000000, 0x00000007d6000000, 0x00000007d6100000|  0%| F|  |TAMS 0x00000007d6000000, 0x00000007d6000000| Untracked 
|1377|0x00000007d6100000, 0x00000007d6100000, 0x00000007d6200000|  0%| F|  |TAMS 0x00000007d6100000, 0x00000007d6100000| Untracked 
|1378|0x00000007d6200000, 0x00000007d6200000, 0x00000007d6300000|  0%| F|  |TAMS 0x00000007d6200000, 0x00000007d6200000| Untracked 
|1379|0x00000007d6300000, 0x00000007d6300000, 0x00000007d6400000|  0%| F|  |TAMS 0x00000007d6300000, 0x00000007d6300000| Untracked 
|1380|0x00000007d6400000, 0x00000007d6400000, 0x00000007d6500000|  0%| F|  |TAMS 0x00000007d6400000, 0x00000007d6400000| Untracked 
|1381|0x00000007d6500000, 0x00000007d6500000, 0x00000007d6600000|  0%| F|  |TAMS 0x00000007d6500000, 0x00000007d6500000| Untracked 
|1382|0x00000007d6600000, 0x00000007d6600000, 0x00000007d6700000|  0%| F|  |TAMS 0x00000007d6600000, 0x00000007d6600000| Untracked 
|1383|0x00000007d6700000, 0x00000007d6700000, 0x00000007d6800000|  0%| F|  |TAMS 0x00000007d6700000, 0x00000007d6700000| Untracked 
|1384|0x00000007d6800000, 0x00000007d6800000, 0x00000007d6900000|  0%| F|  |TAMS 0x00000007d6800000, 0x00000007d6800000| Untracked 
|1385|0x00000007d6900000, 0x00000007d6900000, 0x00000007d6a00000|  0%| F|  |TAMS 0x00000007d6900000, 0x00000007d6900000| Untracked 
|1386|0x00000007d6a00000, 0x00000007d6a00000, 0x00000007d6b00000|  0%| F|  |TAMS 0x00000007d6a00000, 0x00000007d6a00000| Untracked 
|1387|0x00000007d6b00000, 0x00000007d6b00000, 0x00000007d6c00000|  0%| F|  |TAMS 0x00000007d6b00000, 0x00000007d6b00000| Untracked 
|1388|0x00000007d6c00000, 0x00000007d6c00000, 0x00000007d6d00000|  0%| F|  |TAMS 0x00000007d6c00000, 0x00000007d6c00000| Untracked 
|1389|0x00000007d6d00000, 0x00000007d6d00000, 0x00000007d6e00000|  0%| F|  |TAMS 0x00000007d6d00000, 0x00000007d6d00000| Untracked 
|1390|0x00000007d6e00000, 0x00000007d6e00000, 0x00000007d6f00000|  0%| F|  |TAMS 0x00000007d6e00000, 0x00000007d6e00000| Untracked 
|1391|0x00000007d6f00000, 0x00000007d6f00000, 0x00000007d7000000|  0%| F|  |TAMS 0x00000007d6f00000, 0x00000007d6f00000| Untracked 
|1392|0x00000007d7000000, 0x00000007d7000000, 0x00000007d7100000|  0%| F|  |TAMS 0x00000007d7000000, 0x00000007d7000000| Untracked 
|1393|0x00000007d7100000, 0x00000007d7100000, 0x00000007d7200000|  0%| F|  |TAMS 0x00000007d7100000, 0x00000007d7100000| Untracked 
|1394|0x00000007d7200000, 0x00000007d7200000, 0x00000007d7300000|  0%| F|  |TAMS 0x00000007d7200000, 0x00000007d7200000| Untracked 
|1395|0x00000007d7300000, 0x00000007d7300000, 0x00000007d7400000|  0%| F|  |TAMS 0x00000007d7300000, 0x00000007d7300000| Untracked 
|1396|0x00000007d7400000, 0x00000007d7400000, 0x00000007d7500000|  0%| F|  |TAMS 0x00000007d7400000, 0x00000007d7400000| Untracked 
|1397|0x00000007d7500000, 0x00000007d7500000, 0x00000007d7600000|  0%| F|  |TAMS 0x00000007d7500000, 0x00000007d7500000| Untracked 
|1398|0x00000007d7600000, 0x00000007d7600000, 0x00000007d7700000|  0%| F|  |TAMS 0x00000007d7600000, 0x00000007d7600000| Untracked 
|1399|0x00000007d7700000, 0x00000007d7700000, 0x00000007d7800000|  0%| F|  |TAMS 0x00000007d7700000, 0x00000007d7700000| Untracked 
|1400|0x00000007d7800000, 0x00000007d7800000, 0x00000007d7900000|  0%| F|  |TAMS 0x00000007d7800000, 0x00000007d7800000| Untracked 
|1401|0x00000007d7900000, 0x00000007d7900000, 0x00000007d7a00000|  0%| F|  |TAMS 0x00000007d7900000, 0x00000007d7900000| Untracked 
|1402|0x00000007d7a00000, 0x00000007d7a00000, 0x00000007d7b00000|  0%| F|  |TAMS 0x00000007d7a00000, 0x00000007d7a00000| Untracked 
|1403|0x00000007d7b00000, 0x00000007d7b00000, 0x00000007d7c00000|  0%| F|  |TAMS 0x00000007d7b00000, 0x00000007d7b00000| Untracked 
|1404|0x00000007d7c00000, 0x00000007d7c00000, 0x00000007d7d00000|  0%| F|  |TAMS 0x00000007d7c00000, 0x00000007d7c00000| Untracked 
|1405|0x00000007d7d00000, 0x00000007d7d00000, 0x00000007d7e00000|  0%| F|  |TAMS 0x00000007d7d00000, 0x00000007d7d00000| Untracked 
|1406|0x00000007d7e00000, 0x00000007d7e00000, 0x00000007d7f00000|  0%| F|  |TAMS 0x00000007d7e00000, 0x00000007d7e00000| Untracked 
|1407|0x00000007d7f00000, 0x00000007d7f00000, 0x00000007d8000000|  0%| F|  |TAMS 0x00000007d7f00000, 0x00000007d7f00000| Untracked 
|1408|0x00000007d8000000, 0x00000007d8000000, 0x00000007d8100000|  0%| F|  |TAMS 0x00000007d8000000, 0x00000007d8000000| Untracked 
|1409|0x00000007d8100000, 0x00000007d8100000, 0x00000007d8200000|  0%| F|  |TAMS 0x00000007d8100000, 0x00000007d8100000| Untracked 
|1410|0x00000007d8200000, 0x00000007d8200000, 0x00000007d8300000|  0%| F|  |TAMS 0x00000007d8200000, 0x00000007d8200000| Untracked 
|1411|0x00000007d8300000, 0x00000007d8300000, 0x00000007d8400000|  0%| F|  |TAMS 0x00000007d8300000, 0x00000007d8300000| Untracked 
|1412|0x00000007d8400000, 0x00000007d8400000, 0x00000007d8500000|  0%| F|  |TAMS 0x00000007d8400000, 0x00000007d8400000| Untracked 
|1413|0x00000007d8500000, 0x00000007d8500000, 0x00000007d8600000|  0%| F|  |TAMS 0x00000007d8500000, 0x00000007d8500000| Untracked 
|1414|0x00000007d8600000, 0x00000007d8600000, 0x00000007d8700000|  0%| F|  |TAMS 0x00000007d8600000, 0x00000007d8600000| Untracked 
|1415|0x00000007d8700000, 0x00000007d8700000, 0x00000007d8800000|  0%| F|  |TAMS 0x00000007d8700000, 0x00000007d8700000| Untracked 
|1416|0x00000007d8800000, 0x00000007d8800000, 0x00000007d8900000|  0%| F|  |TAMS 0x00000007d8800000, 0x00000007d8800000| Untracked 
|1417|0x00000007d8900000, 0x00000007d8900000, 0x00000007d8a00000|  0%| F|  |TAMS 0x00000007d8900000, 0x00000007d8900000| Untracked 
|1418|0x00000007d8a00000, 0x00000007d8a00000, 0x00000007d8b00000|  0%| F|  |TAMS 0x00000007d8a00000, 0x00000007d8a00000| Untracked 
|1419|0x00000007d8b00000, 0x00000007d8b00000, 0x00000007d8c00000|  0%| F|  |TAMS 0x00000007d8b00000, 0x00000007d8b00000| Untracked 
|1420|0x00000007d8c00000, 0x00000007d8c00000, 0x00000007d8d00000|  0%| F|  |TAMS 0x00000007d8c00000, 0x00000007d8c00000| Untracked 
|1421|0x00000007d8d00000, 0x00000007d8d00000, 0x00000007d8e00000|  0%| F|  |TAMS 0x00000007d8d00000, 0x00000007d8d00000| Untracked 
|1422|0x00000007d8e00000, 0x00000007d8e00000, 0x00000007d8f00000|  0%| F|  |TAMS 0x00000007d8e00000, 0x00000007d8e00000| Untracked 
|1423|0x00000007d8f00000, 0x00000007d8f00000, 0x00000007d9000000|  0%| F|  |TAMS 0x00000007d8f00000, 0x00000007d8f00000| Untracked 
|1424|0x00000007d9000000, 0x00000007d9000000, 0x00000007d9100000|  0%| F|  |TAMS 0x00000007d9000000, 0x00000007d9000000| Untracked 
|1425|0x00000007d9100000, 0x00000007d9100000, 0x00000007d9200000|  0%| F|  |TAMS 0x00000007d9100000, 0x00000007d9100000| Untracked 
|1426|0x00000007d9200000, 0x00000007d9200000, 0x00000007d9300000|  0%| F|  |TAMS 0x00000007d9200000, 0x00000007d9200000| Untracked 
|1427|0x00000007d9300000, 0x00000007d9300000, 0x00000007d9400000|  0%| F|  |TAMS 0x00000007d9300000, 0x00000007d9300000| Untracked 
|1428|0x00000007d9400000, 0x00000007d9400000, 0x00000007d9500000|  0%| F|  |TAMS 0x00000007d9400000, 0x00000007d9400000| Untracked 
|1429|0x00000007d9500000, 0x00000007d9500000, 0x00000007d9600000|  0%| F|  |TAMS 0x00000007d9500000, 0x00000007d9500000| Untracked 
|1430|0x00000007d9600000, 0x00000007d9600000, 0x00000007d9700000|  0%| F|  |TAMS 0x00000007d9600000, 0x00000007d9600000| Untracked 
|1431|0x00000007d9700000, 0x00000007d9700000, 0x00000007d9800000|  0%| F|  |TAMS 0x00000007d9700000, 0x00000007d9700000| Untracked 
|1432|0x00000007d9800000, 0x00000007d9800000, 0x00000007d9900000|  0%| F|  |TAMS 0x00000007d9800000, 0x00000007d9800000| Untracked 
|1433|0x00000007d9900000, 0x00000007d9900000, 0x00000007d9a00000|  0%| F|  |TAMS 0x00000007d9900000, 0x00000007d9900000| Untracked 
|1434|0x00000007d9a00000, 0x00000007d9a00000, 0x00000007d9b00000|  0%| F|  |TAMS 0x00000007d9a00000, 0x00000007d9a00000| Untracked 
|1435|0x00000007d9b00000, 0x00000007d9b00000, 0x00000007d9c00000|  0%| F|  |TAMS 0x00000007d9b00000, 0x00000007d9b00000| Untracked 
|1436|0x00000007d9c00000, 0x00000007d9c00000, 0x00000007d9d00000|  0%| F|  |TAMS 0x00000007d9c00000, 0x00000007d9c00000| Untracked 
|1437|0x00000007d9d00000, 0x00000007d9d00000, 0x00000007d9e00000|  0%| F|  |TAMS 0x00000007d9d00000, 0x00000007d9d00000| Untracked 
|1438|0x00000007d9e00000, 0x00000007d9e00000, 0x00000007d9f00000|  0%| F|  |TAMS 0x00000007d9e00000, 0x00000007d9e00000| Untracked 
|1439|0x00000007d9f00000, 0x00000007d9f00000, 0x00000007da000000|  0%| F|  |TAMS 0x00000007d9f00000, 0x00000007d9f00000| Untracked 
|1440|0x00000007da000000, 0x00000007da000000, 0x00000007da100000|  0%| F|  |TAMS 0x00000007da000000, 0x00000007da000000| Untracked 
|1441|0x00000007da100000, 0x00000007da100000, 0x00000007da200000|  0%| F|  |TAMS 0x00000007da100000, 0x00000007da100000| Untracked 
|1442|0x00000007da200000, 0x00000007da200000, 0x00000007da300000|  0%| F|  |TAMS 0x00000007da200000, 0x00000007da200000| Untracked 
|1443|0x00000007da300000, 0x00000007da300000, 0x00000007da400000|  0%| F|  |TAMS 0x00000007da300000, 0x00000007da300000| Untracked 
|1444|0x00000007da400000, 0x00000007da400000, 0x00000007da500000|  0%| F|  |TAMS 0x00000007da400000, 0x00000007da400000| Untracked 
|1445|0x00000007da500000, 0x00000007da500000, 0x00000007da600000|  0%| F|  |TAMS 0x00000007da500000, 0x00000007da500000| Untracked 
|1446|0x00000007da600000, 0x00000007da600000, 0x00000007da700000|  0%| F|  |TAMS 0x00000007da600000, 0x00000007da600000| Untracked 
|1447|0x00000007da700000, 0x00000007da700000, 0x00000007da800000|  0%| F|  |TAMS 0x00000007da700000, 0x00000007da700000| Untracked 
|1448|0x00000007da800000, 0x00000007da800000, 0x00000007da900000|  0%| F|  |TAMS 0x00000007da800000, 0x00000007da800000| Untracked 
|1449|0x00000007da900000, 0x00000007da900000, 0x00000007daa00000|  0%| F|  |TAMS 0x00000007da900000, 0x00000007da900000| Untracked 
|1450|0x00000007daa00000, 0x00000007daa00000, 0x00000007dab00000|  0%| F|  |TAMS 0x00000007daa00000, 0x00000007daa00000| Untracked 
|1451|0x00000007dab00000, 0x00000007dab00000, 0x00000007dac00000|  0%| F|  |TAMS 0x00000007dab00000, 0x00000007dab00000| Untracked 
|1452|0x00000007dac00000, 0x00000007dac00000, 0x00000007dad00000|  0%| F|  |TAMS 0x00000007dac00000, 0x00000007dac00000| Untracked 
|1453|0x00000007dad00000, 0x00000007dad00000, 0x00000007dae00000|  0%| F|  |TAMS 0x00000007dad00000, 0x00000007dad00000| Untracked 
|1454|0x00000007dae00000, 0x00000007dae00000, 0x00000007daf00000|  0%| F|  |TAMS 0x00000007dae00000, 0x00000007dae00000| Untracked 
|1455|0x00000007daf00000, 0x00000007daf00000, 0x00000007db000000|  0%| F|  |TAMS 0x00000007daf00000, 0x00000007daf00000| Untracked 
|1456|0x00000007db000000, 0x00000007db000000, 0x00000007db100000|  0%| F|  |TAMS 0x00000007db000000, 0x00000007db000000| Untracked 
|1457|0x00000007db100000, 0x00000007db100000, 0x00000007db200000|  0%| F|  |TAMS 0x00000007db100000, 0x00000007db100000| Untracked 
|1458|0x00000007db200000, 0x00000007db200000, 0x00000007db300000|  0%| F|  |TAMS 0x00000007db200000, 0x00000007db200000| Untracked 
|1459|0x00000007db300000, 0x00000007db300000, 0x00000007db400000|  0%| F|  |TAMS 0x00000007db300000, 0x00000007db300000| Untracked 
|1460|0x00000007db400000, 0x00000007db400000, 0x00000007db500000|  0%| F|  |TAMS 0x00000007db400000, 0x00000007db400000| Untracked 
|1461|0x00000007db500000, 0x00000007db500000, 0x00000007db600000|  0%| F|  |TAMS 0x00000007db500000, 0x00000007db500000| Untracked 
|1462|0x00000007db600000, 0x00000007db600000, 0x00000007db700000|  0%| F|  |TAMS 0x00000007db600000, 0x00000007db600000| Untracked 
|1463|0x00000007db700000, 0x00000007db700000, 0x00000007db800000|  0%| F|  |TAMS 0x00000007db700000, 0x00000007db700000| Untracked 
|1464|0x00000007db800000, 0x00000007db800000, 0x00000007db900000|  0%| F|  |TAMS 0x00000007db800000, 0x00000007db800000| Untracked 
|1465|0x00000007db900000, 0x00000007db900000, 0x00000007dba00000|  0%| F|  |TAMS 0x00000007db900000, 0x00000007db900000| Untracked 
|1466|0x00000007dba00000, 0x00000007dba00000, 0x00000007dbb00000|  0%| F|  |TAMS 0x00000007dba00000, 0x00000007dba00000| Untracked 
|1467|0x00000007dbb00000, 0x00000007dbb00000, 0x00000007dbc00000|  0%| F|  |TAMS 0x00000007dbb00000, 0x00000007dbb00000| Untracked 
|1468|0x00000007dbc00000, 0x00000007dbc00000, 0x00000007dbd00000|  0%| F|  |TAMS 0x00000007dbc00000, 0x00000007dbc00000| Untracked 
|1469|0x00000007dbd00000, 0x00000007dbd00000, 0x00000007dbe00000|  0%| F|  |TAMS 0x00000007dbd00000, 0x00000007dbd00000| Untracked 
|1470|0x00000007dbe00000, 0x00000007dbe00000, 0x00000007dbf00000|  0%| F|  |TAMS 0x00000007dbe00000, 0x00000007dbe00000| Untracked 
|1471|0x00000007dbf00000, 0x00000007dbf00000, 0x00000007dc000000|  0%| F|  |TAMS 0x00000007dbf00000, 0x00000007dbf00000| Untracked 
|1472|0x00000007dc000000, 0x00000007dc000000, 0x00000007dc100000|  0%| F|  |TAMS 0x00000007dc000000, 0x00000007dc000000| Untracked 
|1473|0x00000007dc100000, 0x00000007dc100000, 0x00000007dc200000|  0%| F|  |TAMS 0x00000007dc100000, 0x00000007dc100000| Untracked 
|1474|0x00000007dc200000, 0x00000007dc200000, 0x00000007dc300000|  0%| F|  |TAMS 0x00000007dc200000, 0x00000007dc200000| Untracked 
|1475|0x00000007dc300000, 0x00000007dc300000, 0x00000007dc400000|  0%| F|  |TAMS 0x00000007dc300000, 0x00000007dc300000| Untracked 
|1476|0x00000007dc400000, 0x00000007dc400000, 0x00000007dc500000|  0%| F|  |TAMS 0x00000007dc400000, 0x00000007dc400000| Untracked 
|1477|0x00000007dc500000, 0x00000007dc500000, 0x00000007dc600000|  0%| F|  |TAMS 0x00000007dc500000, 0x00000007dc500000| Untracked 
|1478|0x00000007dc600000, 0x00000007dc600000, 0x00000007dc700000|  0%| F|  |TAMS 0x00000007dc600000, 0x00000007dc600000| Untracked 
|1479|0x00000007dc700000, 0x00000007dc700000, 0x00000007dc800000|  0%| F|  |TAMS 0x00000007dc700000, 0x00000007dc700000| Untracked 
|1480|0x00000007dc800000, 0x00000007dc800000, 0x00000007dc900000|  0%| F|  |TAMS 0x00000007dc800000, 0x00000007dc800000| Untracked 
|1481|0x00000007dc900000, 0x00000007dc900000, 0x00000007dca00000|  0%| F|  |TAMS 0x00000007dc900000, 0x00000007dc900000| Untracked 
|1482|0x00000007dca00000, 0x00000007dca00000, 0x00000007dcb00000|  0%| F|  |TAMS 0x00000007dca00000, 0x00000007dca00000| Untracked 
|1483|0x00000007dcb00000, 0x00000007dcb00000, 0x00000007dcc00000|  0%| F|  |TAMS 0x00000007dcb00000, 0x00000007dcb00000| Untracked 
|1484|0x00000007dcc00000, 0x00000007dcc00000, 0x00000007dcd00000|  0%| F|  |TAMS 0x00000007dcc00000, 0x00000007dcc00000| Untracked 
|1485|0x00000007dcd00000, 0x00000007dcd00000, 0x00000007dce00000|  0%| F|  |TAMS 0x00000007dcd00000, 0x00000007dcd00000| Untracked 
|1486|0x00000007dce00000, 0x00000007dce00000, 0x00000007dcf00000|  0%| F|  |TAMS 0x00000007dce00000, 0x00000007dce00000| Untracked 
|1487|0x00000007dcf00000, 0x00000007dcf00000, 0x00000007dd000000|  0%| F|  |TAMS 0x00000007dcf00000, 0x00000007dcf00000| Untracked 
|1488|0x00000007dd000000, 0x00000007dd000000, 0x00000007dd100000|  0%| F|  |TAMS 0x00000007dd000000, 0x00000007dd000000| Untracked 
|1489|0x00000007dd100000, 0x00000007dd100000, 0x00000007dd200000|  0%| F|  |TAMS 0x00000007dd100000, 0x00000007dd100000| Untracked 
|1490|0x00000007dd200000, 0x00000007dd200000, 0x00000007dd300000|  0%| F|  |TAMS 0x00000007dd200000, 0x00000007dd200000| Untracked 
|1491|0x00000007dd300000, 0x00000007dd300000, 0x00000007dd400000|  0%| F|  |TAMS 0x00000007dd300000, 0x00000007dd300000| Untracked 
|1492|0x00000007dd400000, 0x00000007dd400000, 0x00000007dd500000|  0%| F|  |TAMS 0x00000007dd400000, 0x00000007dd400000| Untracked 
|1493|0x00000007dd500000, 0x00000007dd500000, 0x00000007dd600000|  0%| F|  |TAMS 0x00000007dd500000, 0x00000007dd500000| Untracked 
|1494|0x00000007dd600000, 0x00000007dd600000, 0x00000007dd700000|  0%| F|  |TAMS 0x00000007dd600000, 0x00000007dd600000| Untracked 
|1495|0x00000007dd700000, 0x00000007dd700000, 0x00000007dd800000|  0%| F|  |TAMS 0x00000007dd700000, 0x00000007dd700000| Untracked 
|1496|0x00000007dd800000, 0x00000007dd800000, 0x00000007dd900000|  0%| F|  |TAMS 0x00000007dd800000, 0x00000007dd800000| Untracked 
|1497|0x00000007dd900000, 0x00000007dd900000, 0x00000007dda00000|  0%| F|  |TAMS 0x00000007dd900000, 0x00000007dd900000| Untracked 
|1498|0x00000007dda00000, 0x00000007dda00000, 0x00000007ddb00000|  0%| F|  |TAMS 0x00000007dda00000, 0x00000007dda00000| Untracked 
|1499|0x00000007ddb00000, 0x00000007ddb00000, 0x00000007ddc00000|  0%| F|  |TAMS 0x00000007ddb00000, 0x00000007ddb00000| Untracked 
|1500|0x00000007ddc00000, 0x00000007ddc00000, 0x00000007ddd00000|  0%| F|  |TAMS 0x00000007ddc00000, 0x00000007ddc00000| Untracked 
|1501|0x00000007ddd00000, 0x00000007ddd00000, 0x00000007dde00000|  0%| F|  |TAMS 0x00000007ddd00000, 0x00000007ddd00000| Untracked 
|1502|0x00000007dde00000, 0x00000007dde00000, 0x00000007ddf00000|  0%| F|  |TAMS 0x00000007dde00000, 0x00000007dde00000| Untracked 
|1503|0x00000007ddf00000, 0x00000007ddf00000, 0x00000007de000000|  0%| F|  |TAMS 0x00000007ddf00000, 0x00000007ddf00000| Untracked 
|1504|0x00000007de000000, 0x00000007de000000, 0x00000007de100000|  0%| F|  |TAMS 0x00000007de000000, 0x00000007de000000| Untracked 
|1505|0x00000007de100000, 0x00000007de100000, 0x00000007de200000|  0%| F|  |TAMS 0x00000007de100000, 0x00000007de100000| Untracked 
|1506|0x00000007de200000, 0x00000007de200000, 0x00000007de300000|  0%| F|  |TAMS 0x00000007de200000, 0x00000007de200000| Untracked 
|1507|0x00000007de300000, 0x00000007de300000, 0x00000007de400000|  0%| F|  |TAMS 0x00000007de300000, 0x00000007de300000| Untracked 
|1508|0x00000007de400000, 0x00000007de400000, 0x00000007de500000|  0%| F|  |TAMS 0x00000007de400000, 0x00000007de400000| Untracked 
|1509|0x00000007de500000, 0x00000007de500000, 0x00000007de600000|  0%| F|  |TAMS 0x00000007de500000, 0x00000007de500000| Untracked 
|1510|0x00000007de600000, 0x00000007de600000, 0x00000007de700000|  0%| F|  |TAMS 0x00000007de600000, 0x00000007de600000| Untracked 
|1511|0x00000007de700000, 0x00000007de700000, 0x00000007de800000|  0%| F|  |TAMS 0x00000007de700000, 0x00000007de700000| Untracked 
|1512|0x00000007de800000, 0x00000007de800000, 0x00000007de900000|  0%| F|  |TAMS 0x00000007de800000, 0x00000007de800000| Untracked 
|1513|0x00000007de900000, 0x00000007de900000, 0x00000007dea00000|  0%| F|  |TAMS 0x00000007de900000, 0x00000007de900000| Untracked 
|1514|0x00000007dea00000, 0x00000007dea00000, 0x00000007deb00000|  0%| F|  |TAMS 0x00000007dea00000, 0x00000007dea00000| Untracked 
|1515|0x00000007deb00000, 0x00000007deb00000, 0x00000007dec00000|  0%| F|  |TAMS 0x00000007deb00000, 0x00000007deb00000| Untracked 
|1516|0x00000007dec00000, 0x00000007dec00000, 0x00000007ded00000|  0%| F|  |TAMS 0x00000007dec00000, 0x00000007dec00000| Untracked 
|1517|0x00000007ded00000, 0x00000007ded00000, 0x00000007dee00000|  0%| F|  |TAMS 0x00000007ded00000, 0x00000007ded00000| Untracked 
|1518|0x00000007dee00000, 0x00000007dee00000, 0x00000007def00000|  0%| F|  |TAMS 0x00000007dee00000, 0x00000007dee00000| Untracked 
|1519|0x00000007def00000, 0x00000007def00000, 0x00000007df000000|  0%| F|  |TAMS 0x00000007def00000, 0x00000007def00000| Untracked 
|1520|0x00000007df000000, 0x00000007df000000, 0x00000007df100000|  0%| F|  |TAMS 0x00000007df000000, 0x00000007df000000| Untracked 
|1521|0x00000007df100000, 0x00000007df100000, 0x00000007df200000|  0%| F|  |TAMS 0x00000007df100000, 0x00000007df100000| Untracked 
|1522|0x00000007df200000, 0x00000007df200000, 0x00000007df300000|  0%| F|  |TAMS 0x00000007df200000, 0x00000007df200000| Untracked 
|1523|0x00000007df300000, 0x00000007df300000, 0x00000007df400000|  0%| F|  |TAMS 0x00000007df300000, 0x00000007df300000| Untracked 
|1524|0x00000007df400000, 0x00000007df400000, 0x00000007df500000|  0%| F|  |TAMS 0x00000007df400000, 0x00000007df400000| Untracked 
|1525|0x00000007df500000, 0x00000007df500000, 0x00000007df600000|  0%| F|  |TAMS 0x00000007df500000, 0x00000007df500000| Untracked 
|1526|0x00000007df600000, 0x00000007df600000, 0x00000007df700000|  0%| F|  |TAMS 0x00000007df600000, 0x00000007df600000| Untracked 
|1527|0x00000007df700000, 0x00000007df700000, 0x00000007df800000|  0%| F|  |TAMS 0x00000007df700000, 0x00000007df700000| Untracked 
|1528|0x00000007df800000, 0x00000007df800000, 0x00000007df900000|  0%| F|  |TAMS 0x00000007df800000, 0x00000007df800000| Untracked 
|1529|0x00000007df900000, 0x00000007df900000, 0x00000007dfa00000|  0%| F|  |TAMS 0x00000007df900000, 0x00000007df900000| Untracked 
|1530|0x00000007dfa00000, 0x00000007dfa00000, 0x00000007dfb00000|  0%| F|  |TAMS 0x00000007dfa00000, 0x00000007dfa00000| Untracked 
|1531|0x00000007dfb00000, 0x00000007dfb00000, 0x00000007dfc00000|  0%| F|  |TAMS 0x00000007dfb00000, 0x00000007dfb00000| Untracked 
|1532|0x00000007dfc00000, 0x00000007dfc00000, 0x00000007dfd00000|  0%| F|  |TAMS 0x00000007dfc00000, 0x00000007dfc00000| Untracked 
|1533|0x00000007dfd00000, 0x00000007dfd00000, 0x00000007dfe00000|  0%| F|  |TAMS 0x00000007dfd00000, 0x00000007dfd00000| Untracked 
|1534|0x00000007dfe00000, 0x00000007dfe00000, 0x00000007dff00000|  0%| F|  |TAMS 0x00000007dfe00000, 0x00000007dfe00000| Untracked 
|1535|0x00000007dff00000, 0x00000007dff00000, 0x00000007e0000000|  0%| F|  |TAMS 0x00000007dff00000, 0x00000007dff00000| Untracked 
|1536|0x00000007e0000000, 0x00000007e0000000, 0x00000007e0100000|  0%| F|  |TAMS 0x00000007e0000000, 0x00000007e0000000| Untracked 
|1537|0x00000007e0100000, 0x00000007e0100000, 0x00000007e0200000|  0%| F|  |TAMS 0x00000007e0100000, 0x00000007e0100000| Untracked 
|1538|0x00000007e0200000, 0x00000007e0200000, 0x00000007e0300000|  0%| F|  |TAMS 0x00000007e0200000, 0x00000007e0200000| Untracked 
|1539|0x00000007e0300000, 0x00000007e0300000, 0x00000007e0400000|  0%| F|  |TAMS 0x00000007e0300000, 0x00000007e0300000| Untracked 
|1540|0x00000007e0400000, 0x00000007e0400000, 0x00000007e0500000|  0%| F|  |TAMS 0x00000007e0400000, 0x00000007e0400000| Untracked 
|1541|0x00000007e0500000, 0x00000007e0500000, 0x00000007e0600000|  0%| F|  |TAMS 0x00000007e0500000, 0x00000007e0500000| Untracked 
|1542|0x00000007e0600000, 0x00000007e0600000, 0x00000007e0700000|  0%| F|  |TAMS 0x00000007e0600000, 0x00000007e0600000| Untracked 
|1543|0x00000007e0700000, 0x00000007e0700000, 0x00000007e0800000|  0%| F|  |TAMS 0x00000007e0700000, 0x00000007e0700000| Untracked 
|1544|0x00000007e0800000, 0x00000007e0800000, 0x00000007e0900000|  0%| F|  |TAMS 0x00000007e0800000, 0x00000007e0800000| Untracked 
|1545|0x00000007e0900000, 0x00000007e0900000, 0x00000007e0a00000|  0%| F|  |TAMS 0x00000007e0900000, 0x00000007e0900000| Untracked 
|1546|0x00000007e0a00000, 0x00000007e0a00000, 0x00000007e0b00000|  0%| F|  |TAMS 0x00000007e0a00000, 0x00000007e0a00000| Untracked 
|1547|0x00000007e0b00000, 0x00000007e0b00000, 0x00000007e0c00000|  0%| F|  |TAMS 0x00000007e0b00000, 0x00000007e0b00000| Untracked 
|1548|0x00000007e0c00000, 0x00000007e0c00000, 0x00000007e0d00000|  0%| F|  |TAMS 0x00000007e0c00000, 0x00000007e0c00000| Untracked 
|1549|0x00000007e0d00000, 0x00000007e0d00000, 0x00000007e0e00000|  0%| F|  |TAMS 0x00000007e0d00000, 0x00000007e0d00000| Untracked 
|1550|0x00000007e0e00000, 0x00000007e0e00000, 0x00000007e0f00000|  0%| F|  |TAMS 0x00000007e0e00000, 0x00000007e0e00000| Untracked 
|1551|0x00000007e0f00000, 0x00000007e0f00000, 0x00000007e1000000|  0%| F|  |TAMS 0x00000007e0f00000, 0x00000007e0f00000| Untracked 
|1552|0x00000007e1000000, 0x00000007e1000000, 0x00000007e1100000|  0%| F|  |TAMS 0x00000007e1000000, 0x00000007e1000000| Untracked 
|1553|0x00000007e1100000, 0x00000007e1100000, 0x00000007e1200000|  0%| F|  |TAMS 0x00000007e1100000, 0x00000007e1100000| Untracked 
|1554|0x00000007e1200000, 0x00000007e1200000, 0x00000007e1300000|  0%| F|  |TAMS 0x00000007e1200000, 0x00000007e1200000| Untracked 
|1555|0x00000007e1300000, 0x00000007e1300000, 0x00000007e1400000|  0%| F|  |TAMS 0x00000007e1300000, 0x00000007e1300000| Untracked 
|1556|0x00000007e1400000, 0x00000007e1400000, 0x00000007e1500000|  0%| F|  |TAMS 0x00000007e1400000, 0x00000007e1400000| Untracked 
|1557|0x00000007e1500000, 0x00000007e1500000, 0x00000007e1600000|  0%| F|  |TAMS 0x00000007e1500000, 0x00000007e1500000| Untracked 
|1558|0x00000007e1600000, 0x00000007e1600000, 0x00000007e1700000|  0%| F|  |TAMS 0x00000007e1600000, 0x00000007e1600000| Untracked 
|1559|0x00000007e1700000, 0x00000007e1700000, 0x00000007e1800000|  0%| F|  |TAMS 0x00000007e1700000, 0x00000007e1700000| Untracked 
|1560|0x00000007e1800000, 0x00000007e1800000, 0x00000007e1900000|  0%| F|  |TAMS 0x00000007e1800000, 0x00000007e1800000| Untracked 
|1561|0x00000007e1900000, 0x00000007e1900000, 0x00000007e1a00000|  0%| F|  |TAMS 0x00000007e1900000, 0x00000007e1900000| Untracked 
|1562|0x00000007e1a00000, 0x00000007e1a00000, 0x00000007e1b00000|  0%| F|  |TAMS 0x00000007e1a00000, 0x00000007e1a00000| Untracked 
|1563|0x00000007e1b00000, 0x00000007e1b00000, 0x00000007e1c00000|  0%| F|  |TAMS 0x00000007e1b00000, 0x00000007e1b00000| Untracked 
|1564|0x00000007e1c00000, 0x00000007e1c00000, 0x00000007e1d00000|  0%| F|  |TAMS 0x00000007e1c00000, 0x00000007e1c00000| Untracked 
|1565|0x00000007e1d00000, 0x00000007e1d00000, 0x00000007e1e00000|  0%| F|  |TAMS 0x00000007e1d00000, 0x00000007e1d00000| Untracked 
|1566|0x00000007e1e00000, 0x00000007e1e00000, 0x00000007e1f00000|  0%| F|  |TAMS 0x00000007e1e00000, 0x00000007e1e00000| Untracked 
|1567|0x00000007e1f00000, 0x00000007e1f00000, 0x00000007e2000000|  0%| F|  |TAMS 0x00000007e1f00000, 0x00000007e1f00000| Untracked 
|1568|0x00000007e2000000, 0x00000007e2000000, 0x00000007e2100000|  0%| F|  |TAMS 0x00000007e2000000, 0x00000007e2000000| Untracked 
|1569|0x00000007e2100000, 0x00000007e2100000, 0x00000007e2200000|  0%| F|  |TAMS 0x00000007e2100000, 0x00000007e2100000| Untracked 
|1570|0x00000007e2200000, 0x00000007e2200000, 0x00000007e2300000|  0%| F|  |TAMS 0x00000007e2200000, 0x00000007e2200000| Untracked 
|1571|0x00000007e2300000, 0x00000007e2300000, 0x00000007e2400000|  0%| F|  |TAMS 0x00000007e2300000, 0x00000007e2300000| Untracked 
|1572|0x00000007e2400000, 0x00000007e2400000, 0x00000007e2500000|  0%| F|  |TAMS 0x00000007e2400000, 0x00000007e2400000| Untracked 
|1573|0x00000007e2500000, 0x00000007e2500000, 0x00000007e2600000|  0%| F|  |TAMS 0x00000007e2500000, 0x00000007e2500000| Untracked 
|1574|0x00000007e2600000, 0x00000007e2600000, 0x00000007e2700000|  0%| F|  |TAMS 0x00000007e2600000, 0x00000007e2600000| Untracked 
|1575|0x00000007e2700000, 0x00000007e2700000, 0x00000007e2800000|  0%| F|  |TAMS 0x00000007e2700000, 0x00000007e2700000| Untracked 
|1576|0x00000007e2800000, 0x00000007e2800000, 0x00000007e2900000|  0%| F|  |TAMS 0x00000007e2800000, 0x00000007e2800000| Untracked 
|1577|0x00000007e2900000, 0x00000007e2900000, 0x00000007e2a00000|  0%| F|  |TAMS 0x00000007e2900000, 0x00000007e2900000| Untracked 
|1578|0x00000007e2a00000, 0x00000007e2a00000, 0x00000007e2b00000|  0%| F|  |TAMS 0x00000007e2a00000, 0x00000007e2a00000| Untracked 
|1579|0x00000007e2b00000, 0x00000007e2b00000, 0x00000007e2c00000|  0%| F|  |TAMS 0x00000007e2b00000, 0x00000007e2b00000| Untracked 
|1580|0x00000007e2c00000, 0x00000007e2c00000, 0x00000007e2d00000|  0%| F|  |TAMS 0x00000007e2c00000, 0x00000007e2c00000| Untracked 
|1581|0x00000007e2d00000, 0x00000007e2d00000, 0x00000007e2e00000|  0%| F|  |TAMS 0x00000007e2d00000, 0x00000007e2d00000| Untracked 
|1582|0x00000007e2e00000, 0x00000007e2e00000, 0x00000007e2f00000|  0%| F|  |TAMS 0x00000007e2e00000, 0x00000007e2e00000| Untracked 
|1583|0x00000007e2f00000, 0x00000007e2f00000, 0x00000007e3000000|  0%| F|  |TAMS 0x00000007e2f00000, 0x00000007e2f00000| Untracked 
|1584|0x00000007e3000000, 0x00000007e3000000, 0x00000007e3100000|  0%| F|  |TAMS 0x00000007e3000000, 0x00000007e3000000| Untracked 
|1585|0x00000007e3100000, 0x00000007e3100000, 0x00000007e3200000|  0%| F|  |TAMS 0x00000007e3100000, 0x00000007e3100000| Untracked 
|1586|0x00000007e3200000, 0x00000007e3200000, 0x00000007e3300000|  0%| F|  |TAMS 0x00000007e3200000, 0x00000007e3200000| Untracked 
|1587|0x00000007e3300000, 0x00000007e3300000, 0x00000007e3400000|  0%| F|  |TAMS 0x00000007e3300000, 0x00000007e3300000| Untracked 
|1588|0x00000007e3400000, 0x00000007e3400000, 0x00000007e3500000|  0%| F|  |TAMS 0x00000007e3400000, 0x00000007e3400000| Untracked 
|1589|0x00000007e3500000, 0x00000007e3500000, 0x00000007e3600000|  0%| F|  |TAMS 0x00000007e3500000, 0x00000007e3500000| Untracked 
|1590|0x00000007e3600000, 0x00000007e3600000, 0x00000007e3700000|  0%| F|  |TAMS 0x00000007e3600000, 0x00000007e3600000| Untracked 
|1591|0x00000007e3700000, 0x00000007e3700000, 0x00000007e3800000|  0%| F|  |TAMS 0x00000007e3700000, 0x00000007e3700000| Untracked 
|1592|0x00000007e3800000, 0x00000007e3800000, 0x00000007e3900000|  0%| F|  |TAMS 0x00000007e3800000, 0x00000007e3800000| Untracked 
|1593|0x00000007e3900000, 0x00000007e3900000, 0x00000007e3a00000|  0%| F|  |TAMS 0x00000007e3900000, 0x00000007e3900000| Untracked 
|1594|0x00000007e3a00000, 0x00000007e3a00000, 0x00000007e3b00000|  0%| F|  |TAMS 0x00000007e3a00000, 0x00000007e3a00000| Untracked 
|1595|0x00000007e3b00000, 0x00000007e3b00000, 0x00000007e3c00000|  0%| F|  |TAMS 0x00000007e3b00000, 0x00000007e3b00000| Untracked 
|1596|0x00000007e3c00000, 0x00000007e3c00000, 0x00000007e3d00000|  0%| F|  |TAMS 0x00000007e3c00000, 0x00000007e3c00000| Untracked 
|1597|0x00000007e3d00000, 0x00000007e3d00000, 0x00000007e3e00000|  0%| F|  |TAMS 0x00000007e3d00000, 0x00000007e3d00000| Untracked 
|1598|0x00000007e3e00000, 0x00000007e3e00000, 0x00000007e3f00000|  0%| F|  |TAMS 0x00000007e3e00000, 0x00000007e3e00000| Untracked 
|1599|0x00000007e3f00000, 0x00000007e3f00000, 0x00000007e4000000|  0%| F|  |TAMS 0x00000007e3f00000, 0x00000007e3f00000| Untracked 
|1600|0x00000007e4000000, 0x00000007e4000000, 0x00000007e4100000|  0%| F|  |TAMS 0x00000007e4000000, 0x00000007e4000000| Untracked 
|1601|0x00000007e4100000, 0x00000007e4100000, 0x00000007e4200000|  0%| F|  |TAMS 0x00000007e4100000, 0x00000007e4100000| Untracked 
|1602|0x00000007e4200000, 0x00000007e4200000, 0x00000007e4300000|  0%| F|  |TAMS 0x00000007e4200000, 0x00000007e4200000| Untracked 
|1603|0x00000007e4300000, 0x00000007e4300000, 0x00000007e4400000|  0%| F|  |TAMS 0x00000007e4300000, 0x00000007e4300000| Untracked 
|1604|0x00000007e4400000, 0x00000007e4400000, 0x00000007e4500000|  0%| F|  |TAMS 0x00000007e4400000, 0x00000007e4400000| Untracked 
|1605|0x00000007e4500000, 0x00000007e4500000, 0x00000007e4600000|  0%| F|  |TAMS 0x00000007e4500000, 0x00000007e4500000| Untracked 
|1606|0x00000007e4600000, 0x00000007e4600000, 0x00000007e4700000|  0%| F|  |TAMS 0x00000007e4600000, 0x00000007e4600000| Untracked 
|1607|0x00000007e4700000, 0x00000007e4700000, 0x00000007e4800000|  0%| F|  |TAMS 0x00000007e4700000, 0x00000007e4700000| Untracked 
|1608|0x00000007e4800000, 0x00000007e4800000, 0x00000007e4900000|  0%| F|  |TAMS 0x00000007e4800000, 0x00000007e4800000| Untracked 
|1609|0x00000007e4900000, 0x00000007e4900000, 0x00000007e4a00000|  0%| F|  |TAMS 0x00000007e4900000, 0x00000007e4900000| Untracked 
|1610|0x00000007e4a00000, 0x00000007e4a00000, 0x00000007e4b00000|  0%| F|  |TAMS 0x00000007e4a00000, 0x00000007e4a00000| Untracked 
|1611|0x00000007e4b00000, 0x00000007e4b00000, 0x00000007e4c00000|  0%| F|  |TAMS 0x00000007e4b00000, 0x00000007e4b00000| Untracked 
|1612|0x00000007e4c00000, 0x00000007e4c00000, 0x00000007e4d00000|  0%| F|  |TAMS 0x00000007e4c00000, 0x00000007e4c00000| Untracked 
|1613|0x00000007e4d00000, 0x00000007e4d00000, 0x00000007e4e00000|  0%| F|  |TAMS 0x00000007e4d00000, 0x00000007e4d00000| Untracked 
|1614|0x00000007e4e00000, 0x00000007e4e00000, 0x00000007e4f00000|  0%| F|  |TAMS 0x00000007e4e00000, 0x00000007e4e00000| Untracked 
|1615|0x00000007e4f00000, 0x00000007e4f00000, 0x00000007e5000000|  0%| F|  |TAMS 0x00000007e4f00000, 0x00000007e4f00000| Untracked 
|1616|0x00000007e5000000, 0x00000007e5000000, 0x00000007e5100000|  0%| F|  |TAMS 0x00000007e5000000, 0x00000007e5000000| Untracked 
|1617|0x00000007e5100000, 0x00000007e5100000, 0x00000007e5200000|  0%| F|  |TAMS 0x00000007e5100000, 0x00000007e5100000| Untracked 
|1618|0x00000007e5200000, 0x00000007e5200000, 0x00000007e5300000|  0%| F|  |TAMS 0x00000007e5200000, 0x00000007e5200000| Untracked 
|1619|0x00000007e5300000, 0x00000007e5300000, 0x00000007e5400000|  0%| F|  |TAMS 0x00000007e5300000, 0x00000007e5300000| Untracked 
|1620|0x00000007e5400000, 0x00000007e5400000, 0x00000007e5500000|  0%| F|  |TAMS 0x00000007e5400000, 0x00000007e5400000| Untracked 
|1621|0x00000007e5500000, 0x00000007e5500000, 0x00000007e5600000|  0%| F|  |TAMS 0x00000007e5500000, 0x00000007e5500000| Untracked 
|1622|0x00000007e5600000, 0x00000007e5600000, 0x00000007e5700000|  0%| F|  |TAMS 0x00000007e5600000, 0x00000007e5600000| Untracked 
|1623|0x00000007e5700000, 0x00000007e5700000, 0x00000007e5800000|  0%| F|  |TAMS 0x00000007e5700000, 0x00000007e5700000| Untracked 
|1624|0x00000007e5800000, 0x00000007e5800000, 0x00000007e5900000|  0%| F|  |TAMS 0x00000007e5800000, 0x00000007e5800000| Untracked 
|1625|0x00000007e5900000, 0x00000007e5900000, 0x00000007e5a00000|  0%| F|  |TAMS 0x00000007e5900000, 0x00000007e5900000| Untracked 
|1626|0x00000007e5a00000, 0x00000007e5a00000, 0x00000007e5b00000|  0%| F|  |TAMS 0x00000007e5a00000, 0x00000007e5a00000| Untracked 
|1627|0x00000007e5b00000, 0x00000007e5b00000, 0x00000007e5c00000|  0%| F|  |TAMS 0x00000007e5b00000, 0x00000007e5b00000| Untracked 
|1628|0x00000007e5c00000, 0x00000007e5c00000, 0x00000007e5d00000|  0%| F|  |TAMS 0x00000007e5c00000, 0x00000007e5c00000| Untracked 
|1629|0x00000007e5d00000, 0x00000007e5d00000, 0x00000007e5e00000|  0%| F|  |TAMS 0x00000007e5d00000, 0x00000007e5d00000| Untracked 
|1630|0x00000007e5e00000, 0x00000007e5e00000, 0x00000007e5f00000|  0%| F|  |TAMS 0x00000007e5e00000, 0x00000007e5e00000| Untracked 
|1631|0x00000007e5f00000, 0x00000007e5f00000, 0x00000007e6000000|  0%| F|  |TAMS 0x00000007e5f00000, 0x00000007e5f00000| Untracked 
|1632|0x00000007e6000000, 0x00000007e6000000, 0x00000007e6100000|  0%| F|  |TAMS 0x00000007e6000000, 0x00000007e6000000| Untracked 
|1633|0x00000007e6100000, 0x00000007e6100000, 0x00000007e6200000|  0%| F|  |TAMS 0x00000007e6100000, 0x00000007e6100000| Untracked 
|1634|0x00000007e6200000, 0x00000007e6200000, 0x00000007e6300000|  0%| F|  |TAMS 0x00000007e6200000, 0x00000007e6200000| Untracked 
|1635|0x00000007e6300000, 0x00000007e6300000, 0x00000007e6400000|  0%| F|  |TAMS 0x00000007e6300000, 0x00000007e6300000| Untracked 
|1636|0x00000007e6400000, 0x00000007e6400000, 0x00000007e6500000|  0%| F|  |TAMS 0x00000007e6400000, 0x00000007e6400000| Untracked 
|1637|0x00000007e6500000, 0x00000007e6500000, 0x00000007e6600000|  0%| F|  |TAMS 0x00000007e6500000, 0x00000007e6500000| Untracked 
|1638|0x00000007e6600000, 0x00000007e6600000, 0x00000007e6700000|  0%| F|  |TAMS 0x00000007e6600000, 0x00000007e6600000| Untracked 
|1639|0x00000007e6700000, 0x00000007e6700000, 0x00000007e6800000|  0%| F|  |TAMS 0x00000007e6700000, 0x00000007e6700000| Untracked 
|1640|0x00000007e6800000, 0x00000007e6800000, 0x00000007e6900000|  0%| F|  |TAMS 0x00000007e6800000, 0x00000007e6800000| Untracked 
|1641|0x00000007e6900000, 0x00000007e6900000, 0x00000007e6a00000|  0%| F|  |TAMS 0x00000007e6900000, 0x00000007e6900000| Untracked 
|1642|0x00000007e6a00000, 0x00000007e6a00000, 0x00000007e6b00000|  0%| F|  |TAMS 0x00000007e6a00000, 0x00000007e6a00000| Untracked 
|1643|0x00000007e6b00000, 0x00000007e6b00000, 0x00000007e6c00000|  0%| F|  |TAMS 0x00000007e6b00000, 0x00000007e6b00000| Untracked 
|1644|0x00000007e6c00000, 0x00000007e6c00000, 0x00000007e6d00000|  0%| F|  |TAMS 0x00000007e6c00000, 0x00000007e6c00000| Untracked 
|1645|0x00000007e6d00000, 0x00000007e6d00000, 0x00000007e6e00000|  0%| F|  |TAMS 0x00000007e6d00000, 0x00000007e6d00000| Untracked 
|1646|0x00000007e6e00000, 0x00000007e6e00000, 0x00000007e6f00000|  0%| F|  |TAMS 0x00000007e6e00000, 0x00000007e6e00000| Untracked 
|1647|0x00000007e6f00000, 0x00000007e6f00000, 0x00000007e7000000|  0%| F|  |TAMS 0x00000007e6f00000, 0x00000007e6f00000| Untracked 
|1648|0x00000007e7000000, 0x00000007e7000000, 0x00000007e7100000|  0%| F|  |TAMS 0x00000007e7000000, 0x00000007e7000000| Untracked 
|1649|0x00000007e7100000, 0x00000007e7100000, 0x00000007e7200000|  0%| F|  |TAMS 0x00000007e7100000, 0x00000007e7100000| Untracked 
|1650|0x00000007e7200000, 0x00000007e7200000, 0x00000007e7300000|  0%| F|  |TAMS 0x00000007e7200000, 0x00000007e7200000| Untracked 
|1651|0x00000007e7300000, 0x00000007e7300000, 0x00000007e7400000|  0%| F|  |TAMS 0x00000007e7300000, 0x00000007e7300000| Untracked 
|1652|0x00000007e7400000, 0x00000007e7400000, 0x00000007e7500000|  0%| F|  |TAMS 0x00000007e7400000, 0x00000007e7400000| Untracked 
|1653|0x00000007e7500000, 0x00000007e7500000, 0x00000007e7600000|  0%| F|  |TAMS 0x00000007e7500000, 0x00000007e7500000| Untracked 
|1654|0x00000007e7600000, 0x00000007e7600000, 0x00000007e7700000|  0%| F|  |TAMS 0x00000007e7600000, 0x00000007e7600000| Untracked 
|1655|0x00000007e7700000, 0x00000007e7700000, 0x00000007e7800000|  0%| F|  |TAMS 0x00000007e7700000, 0x00000007e7700000| Untracked 
|1656|0x00000007e7800000, 0x00000007e7800000, 0x00000007e7900000|  0%| F|  |TAMS 0x00000007e7800000, 0x00000007e7800000| Untracked 
|1657|0x00000007e7900000, 0x00000007e7900000, 0x00000007e7a00000|  0%| F|  |TAMS 0x00000007e7900000, 0x00000007e7900000| Untracked 
|1658|0x00000007e7a00000, 0x00000007e7a00000, 0x00000007e7b00000|  0%| F|  |TAMS 0x00000007e7a00000, 0x00000007e7a00000| Untracked 
|1659|0x00000007e7b00000, 0x00000007e7b00000, 0x00000007e7c00000|  0%| F|  |TAMS 0x00000007e7b00000, 0x00000007e7b00000| Untracked 
|1660|0x00000007e7c00000, 0x00000007e7c00000, 0x00000007e7d00000|  0%| F|  |TAMS 0x00000007e7c00000, 0x00000007e7c00000| Untracked 
|1661|0x00000007e7d00000, 0x00000007e7d00000, 0x00000007e7e00000|  0%| F|  |TAMS 0x00000007e7d00000, 0x00000007e7d00000| Untracked 
|1662|0x00000007e7e00000, 0x00000007e7e00000, 0x00000007e7f00000|  0%| F|  |TAMS 0x00000007e7e00000, 0x00000007e7e00000| Untracked 
|1663|0x00000007e7f00000, 0x00000007e7f00000, 0x00000007e8000000|  0%| F|  |TAMS 0x00000007e7f00000, 0x00000007e7f00000| Untracked 
|1664|0x00000007e8000000, 0x00000007e8000000, 0x00000007e8100000|  0%| F|  |TAMS 0x00000007e8000000, 0x00000007e8000000| Untracked 
|1665|0x00000007e8100000, 0x00000007e8100000, 0x00000007e8200000|  0%| F|  |TAMS 0x00000007e8100000, 0x00000007e8100000| Untracked 
|1666|0x00000007e8200000, 0x00000007e8200000, 0x00000007e8300000|  0%| F|  |TAMS 0x00000007e8200000, 0x00000007e8200000| Untracked 
|1667|0x00000007e8300000, 0x00000007e8300000, 0x00000007e8400000|  0%| F|  |TAMS 0x00000007e8300000, 0x00000007e8300000| Untracked 
|1668|0x00000007e8400000, 0x00000007e8400000, 0x00000007e8500000|  0%| F|  |TAMS 0x00000007e8400000, 0x00000007e8400000| Untracked 
|1669|0x00000007e8500000, 0x00000007e8500000, 0x00000007e8600000|  0%| F|  |TAMS 0x00000007e8500000, 0x00000007e8500000| Untracked 
|1670|0x00000007e8600000, 0x00000007e8600000, 0x00000007e8700000|  0%| F|  |TAMS 0x00000007e8600000, 0x00000007e8600000| Untracked 
|1671|0x00000007e8700000, 0x00000007e8700000, 0x00000007e8800000|  0%| F|  |TAMS 0x00000007e8700000, 0x00000007e8700000| Untracked 
|1672|0x00000007e8800000, 0x00000007e8800000, 0x00000007e8900000|  0%| F|  |TAMS 0x00000007e8800000, 0x00000007e8800000| Untracked 
|1673|0x00000007e8900000, 0x00000007e8900000, 0x00000007e8a00000|  0%| F|  |TAMS 0x00000007e8900000, 0x00000007e8900000| Untracked 
|1674|0x00000007e8a00000, 0x00000007e8a00000, 0x00000007e8b00000|  0%| F|  |TAMS 0x00000007e8a00000, 0x00000007e8a00000| Untracked 
|1675|0x00000007e8b00000, 0x00000007e8b00000, 0x00000007e8c00000|  0%| F|  |TAMS 0x00000007e8b00000, 0x00000007e8b00000| Untracked 
|1676|0x00000007e8c00000, 0x00000007e8c00000, 0x00000007e8d00000|  0%| F|  |TAMS 0x00000007e8c00000, 0x00000007e8c00000| Untracked 
|1677|0x00000007e8d00000, 0x00000007e8d00000, 0x00000007e8e00000|  0%| F|  |TAMS 0x00000007e8d00000, 0x00000007e8d00000| Untracked 
|1678|0x00000007e8e00000, 0x00000007e8e00000, 0x00000007e8f00000|  0%| F|  |TAMS 0x00000007e8e00000, 0x00000007e8e00000| Untracked 
|1679|0x00000007e8f00000, 0x00000007e8f00000, 0x00000007e9000000|  0%| F|  |TAMS 0x00000007e8f00000, 0x00000007e8f00000| Untracked 
|1680|0x00000007e9000000, 0x00000007e9000000, 0x00000007e9100000|  0%| F|  |TAMS 0x00000007e9000000, 0x00000007e9000000| Untracked 
|1681|0x00000007e9100000, 0x00000007e9100000, 0x00000007e9200000|  0%| F|  |TAMS 0x00000007e9100000, 0x00000007e9100000| Untracked 
|1682|0x00000007e9200000, 0x00000007e9200000, 0x00000007e9300000|  0%| F|  |TAMS 0x00000007e9200000, 0x00000007e9200000| Untracked 
|1683|0x00000007e9300000, 0x00000007e9300000, 0x00000007e9400000|  0%| F|  |TAMS 0x00000007e9300000, 0x00000007e9300000| Untracked 
|1684|0x00000007e9400000, 0x00000007e9400000, 0x00000007e9500000|  0%| F|  |TAMS 0x00000007e9400000, 0x00000007e9400000| Untracked 
|1685|0x00000007e9500000, 0x00000007e9500000, 0x00000007e9600000|  0%| F|  |TAMS 0x00000007e9500000, 0x00000007e9500000| Untracked 
|1686|0x00000007e9600000, 0x00000007e9600000, 0x00000007e9700000|  0%| F|  |TAMS 0x00000007e9600000, 0x00000007e9600000| Untracked 
|1687|0x00000007e9700000, 0x00000007e9700000, 0x00000007e9800000|  0%| F|  |TAMS 0x00000007e9700000, 0x00000007e9700000| Untracked 
|1688|0x00000007e9800000, 0x00000007e9800000, 0x00000007e9900000|  0%| F|  |TAMS 0x00000007e9800000, 0x00000007e9800000| Untracked 
|1689|0x00000007e9900000, 0x00000007e9900000, 0x00000007e9a00000|  0%| F|  |TAMS 0x00000007e9900000, 0x00000007e9900000| Untracked 
|1690|0x00000007e9a00000, 0x00000007e9a00000, 0x00000007e9b00000|  0%| F|  |TAMS 0x00000007e9a00000, 0x00000007e9a00000| Untracked 
|1691|0x00000007e9b00000, 0x00000007e9b00000, 0x00000007e9c00000|  0%| F|  |TAMS 0x00000007e9b00000, 0x00000007e9b00000| Untracked 
|1692|0x00000007e9c00000, 0x00000007e9c00000, 0x00000007e9d00000|  0%| F|  |TAMS 0x00000007e9c00000, 0x00000007e9c00000| Untracked 
|1693|0x00000007e9d00000, 0x00000007e9d00000, 0x00000007e9e00000|  0%| F|  |TAMS 0x00000007e9d00000, 0x00000007e9d00000| Untracked 
|1694|0x00000007e9e00000, 0x00000007e9e00000, 0x00000007e9f00000|  0%| F|  |TAMS 0x00000007e9e00000, 0x00000007e9e00000| Untracked 
|1695|0x00000007e9f00000, 0x00000007e9f00000, 0x00000007ea000000|  0%| F|  |TAMS 0x00000007e9f00000, 0x00000007e9f00000| Untracked 
|1696|0x00000007ea000000, 0x00000007ea000000, 0x00000007ea100000|  0%| F|  |TAMS 0x00000007ea000000, 0x00000007ea000000| Untracked 
|1697|0x00000007ea100000, 0x00000007ea100000, 0x00000007ea200000|  0%| F|  |TAMS 0x00000007ea100000, 0x00000007ea100000| Untracked 
|1698|0x00000007ea200000, 0x00000007ea200000, 0x00000007ea300000|  0%| F|  |TAMS 0x00000007ea200000, 0x00000007ea200000| Untracked 
|1699|0x00000007ea300000, 0x00000007ea300000, 0x00000007ea400000|  0%| F|  |TAMS 0x00000007ea300000, 0x00000007ea300000| Untracked 
|1700|0x00000007ea400000, 0x00000007ea480800, 0x00000007ea500000| 50%| E|  |TAMS 0x00000007ea400000, 0x00000007ea400000| Complete 
|1701|0x00000007ea500000, 0x00000007ea600000, 0x00000007ea600000|100%| E|CS|TAMS 0x00000007ea500000, 0x00000007ea500000| Complete 
|1702|0x00000007ea600000, 0x00000007ea700000, 0x00000007ea700000|100%| E|CS|TAMS 0x00000007ea600000, 0x00000007ea600000| Complete 
|1703|0x00000007ea700000, 0x00000007ea800000, 0x00000007ea800000|100%| E|CS|TAMS 0x00000007ea700000, 0x00000007ea700000| Complete 
|1704|0x00000007ea800000, 0x00000007ea900000, 0x00000007ea900000|100%| E|CS|TAMS 0x00000007ea800000, 0x00000007ea800000| Complete 
|1705|0x00000007ea900000, 0x00000007eaa00000, 0x00000007eaa00000|100%| E|CS|TAMS 0x00000007ea900000, 0x00000007ea900000| Complete 
|1706|0x00000007eaa00000, 0x00000007eab00000, 0x00000007eab00000|100%| E|CS|TAMS 0x00000007eaa00000, 0x00000007eaa00000| Complete 
|1707|0x00000007eab00000, 0x00000007eac00000, 0x00000007eac00000|100%| E|CS|TAMS 0x00000007eab00000, 0x00000007eab00000| Complete 
|1708|0x00000007eac00000, 0x00000007ead00000, 0x00000007ead00000|100%| E|CS|TAMS 0x00000007eac00000, 0x00000007eac00000| Complete 
|1709|0x00000007ead00000, 0x00000007eae00000, 0x00000007eae00000|100%| E|CS|TAMS 0x00000007ead00000, 0x00000007ead00000| Complete 
|1710|0x00000007eae00000, 0x00000007eaf00000, 0x00000007eaf00000|100%| E|CS|TAMS 0x00000007eae00000, 0x00000007eae00000| Complete 
|1711|0x00000007eaf00000, 0x00000007eb000000, 0x00000007eb000000|100%| E|CS|TAMS 0x00000007eaf00000, 0x00000007eaf00000| Complete 
|1712|0x00000007eb000000, 0x00000007eb100000, 0x00000007eb100000|100%| E|CS|TAMS 0x00000007eb000000, 0x00000007eb000000| Complete 
|1713|0x00000007eb100000, 0x00000007eb200000, 0x00000007eb200000|100%| E|CS|TAMS 0x00000007eb100000, 0x00000007eb100000| Complete 
|1714|0x00000007eb200000, 0x00000007eb300000, 0x00000007eb300000|100%| E|CS|TAMS 0x00000007eb200000, 0x00000007eb200000| Complete 
|1715|0x00000007eb300000, 0x00000007eb400000, 0x00000007eb400000|100%| E|CS|TAMS 0x00000007eb300000, 0x00000007eb300000| Complete 
|1716|0x00000007eb400000, 0x00000007eb500000, 0x00000007eb500000|100%| E|CS|TAMS 0x00000007eb400000, 0x00000007eb400000| Complete 
|1717|0x00000007eb500000, 0x00000007eb600000, 0x00000007eb600000|100%| E|CS|TAMS 0x00000007eb500000, 0x00000007eb500000| Complete 
|1718|0x00000007eb600000, 0x00000007eb700000, 0x00000007eb700000|100%| E|CS|TAMS 0x00000007eb600000, 0x00000007eb600000| Complete 
|1719|0x00000007eb700000, 0x00000007eb800000, 0x00000007eb800000|100%| E|CS|TAMS 0x00000007eb700000, 0x00000007eb700000| Complete 
|1720|0x00000007eb800000, 0x00000007eb900000, 0x00000007eb900000|100%| E|CS|TAMS 0x00000007eb800000, 0x00000007eb800000| Complete 
|1721|0x00000007eb900000, 0x00000007eba00000, 0x00000007eba00000|100%| E|CS|TAMS 0x00000007eb900000, 0x00000007eb900000| Complete 
|1722|0x00000007eba00000, 0x00000007ebb00000, 0x00000007ebb00000|100%| E|CS|TAMS 0x00000007eba00000, 0x00000007eba00000| Complete 
|1723|0x00000007ebb00000, 0x00000007ebc00000, 0x00000007ebc00000|100%| E|CS|TAMS 0x00000007ebb00000, 0x00000007ebb00000| Complete 
|1724|0x00000007ebc00000, 0x00000007ebd00000, 0x00000007ebd00000|100%| E|CS|TAMS 0x00000007ebc00000, 0x00000007ebc00000| Complete 
|1725|0x00000007ebd00000, 0x00000007ebe00000, 0x00000007ebe00000|100%| E|CS|TAMS 0x00000007ebd00000, 0x00000007ebd00000| Complete 
|1726|0x00000007ebe00000, 0x00000007ebf00000, 0x00000007ebf00000|100%| E|CS|TAMS 0x00000007ebe00000, 0x00000007ebe00000| Complete 
|1727|0x00000007ebf00000, 0x00000007ec000000, 0x00000007ec000000|100%| E|CS|TAMS 0x00000007ebf00000, 0x00000007ebf00000| Complete 
|1728|0x00000007ec000000, 0x00000007ec100000, 0x00000007ec100000|100%| E|CS|TAMS 0x00000007ec000000, 0x00000007ec000000| Complete 
|1729|0x00000007ec100000, 0x00000007ec200000, 0x00000007ec200000|100%| E|CS|TAMS 0x00000007ec100000, 0x00000007ec100000| Complete 
|1730|0x00000007ec200000, 0x00000007ec300000, 0x00000007ec300000|100%| E|CS|TAMS 0x00000007ec200000, 0x00000007ec200000| Complete 
|1731|0x00000007ec300000, 0x00000007ec400000, 0x00000007ec400000|100%| E|CS|TAMS 0x00000007ec300000, 0x00000007ec300000| Complete 
|1732|0x00000007ec400000, 0x00000007ec500000, 0x00000007ec500000|100%| E|CS|TAMS 0x00000007ec400000, 0x00000007ec400000| Complete 
|1733|0x00000007ec500000, 0x00000007ec600000, 0x00000007ec600000|100%| E|CS|TAMS 0x00000007ec500000, 0x00000007ec500000| Complete 
|1734|0x00000007ec600000, 0x00000007ec700000, 0x00000007ec700000|100%| E|CS|TAMS 0x00000007ec600000, 0x00000007ec600000| Complete 
|1735|0x00000007ec700000, 0x00000007ec800000, 0x00000007ec800000|100%| E|CS|TAMS 0x00000007ec700000, 0x00000007ec700000| Complete 
|1736|0x00000007ec800000, 0x00000007ec900000, 0x00000007ec900000|100%| E|CS|TAMS 0x00000007ec800000, 0x00000007ec800000| Complete 
|1737|0x00000007ec900000, 0x00000007eca00000, 0x00000007eca00000|100%| E|CS|TAMS 0x00000007ec900000, 0x00000007ec900000| Complete 
|1738|0x00000007eca00000, 0x00000007ecb00000, 0x00000007ecb00000|100%| E|CS|TAMS 0x00000007eca00000, 0x00000007eca00000| Complete 
|1739|0x00000007ecb00000, 0x00000007ecc00000, 0x00000007ecc00000|100%| E|CS|TAMS 0x00000007ecb00000, 0x00000007ecb00000| Complete 
|1740|0x00000007ecc00000, 0x00000007ecd00000, 0x00000007ecd00000|100%| E|CS|TAMS 0x00000007ecc00000, 0x00000007ecc00000| Complete 
|1741|0x00000007ecd00000, 0x00000007ece00000, 0x00000007ece00000|100%| E|CS|TAMS 0x00000007ecd00000, 0x00000007ecd00000| Complete 
|1742|0x00000007ece00000, 0x00000007ecf00000, 0x00000007ecf00000|100%| E|CS|TAMS 0x00000007ece00000, 0x00000007ece00000| Complete 
|1743|0x00000007ecf00000, 0x00000007ed000000, 0x00000007ed000000|100%| E|CS|TAMS 0x00000007ecf00000, 0x00000007ecf00000| Complete 
|1744|0x00000007ed000000, 0x00000007ed100000, 0x00000007ed100000|100%| E|CS|TAMS 0x00000007ed000000, 0x00000007ed000000| Complete 
|1745|0x00000007ed100000, 0x00000007ed200000, 0x00000007ed200000|100%| E|CS|TAMS 0x00000007ed100000, 0x00000007ed100000| Complete 
|1746|0x00000007ed200000, 0x00000007ed300000, 0x00000007ed300000|100%| E|CS|TAMS 0x00000007ed200000, 0x00000007ed200000| Complete 
|1747|0x00000007ed300000, 0x00000007ed400000, 0x00000007ed400000|100%| E|CS|TAMS 0x00000007ed300000, 0x00000007ed300000| Complete 
|1748|0x00000007ed400000, 0x00000007ed500000, 0x00000007ed500000|100%| E|CS|TAMS 0x00000007ed400000, 0x00000007ed400000| Complete 
|1749|0x00000007ed500000, 0x00000007ed600000, 0x00000007ed600000|100%| E|CS|TAMS 0x00000007ed500000, 0x00000007ed500000| Complete 
|1750|0x00000007ed600000, 0x00000007ed700000, 0x00000007ed700000|100%| E|CS|TAMS 0x00000007ed600000, 0x00000007ed600000| Complete 
|1751|0x00000007ed700000, 0x00000007ed800000, 0x00000007ed800000|100%| E|CS|TAMS 0x00000007ed700000, 0x00000007ed700000| Complete 
|1752|0x00000007ed800000, 0x00000007ed900000, 0x00000007ed900000|100%| E|CS|TAMS 0x00000007ed800000, 0x00000007ed800000| Complete 
|1753|0x00000007ed900000, 0x00000007eda00000, 0x00000007eda00000|100%| E|CS|TAMS 0x00000007ed900000, 0x00000007ed900000| Complete 
|1754|0x00000007eda00000, 0x00000007edb00000, 0x00000007edb00000|100%| E|CS|TAMS 0x00000007eda00000, 0x00000007eda00000| Complete 
|1755|0x00000007edb00000, 0x00000007edc00000, 0x00000007edc00000|100%| E|CS|TAMS 0x00000007edb00000, 0x00000007edb00000| Complete 
|1756|0x00000007edc00000, 0x00000007edd00000, 0x00000007edd00000|100%| E|CS|TAMS 0x00000007edc00000, 0x00000007edc00000| Complete 
|1757|0x00000007edd00000, 0x00000007ede00000, 0x00000007ede00000|100%| E|CS|TAMS 0x00000007edd00000, 0x00000007edd00000| Complete 
|1758|0x00000007ede00000, 0x00000007edf00000, 0x00000007edf00000|100%| E|CS|TAMS 0x00000007ede00000, 0x00000007ede00000| Complete 
|1759|0x00000007edf00000, 0x00000007ee000000, 0x00000007ee000000|100%| E|CS|TAMS 0x00000007edf00000, 0x00000007edf00000| Complete 
|1760|0x00000007ee000000, 0x00000007ee100000, 0x00000007ee100000|100%| E|CS|TAMS 0x00000007ee000000, 0x00000007ee000000| Complete 
|1761|0x00000007ee100000, 0x00000007ee200000, 0x00000007ee200000|100%| E|CS|TAMS 0x00000007ee100000, 0x00000007ee100000| Complete 
|1762|0x00000007ee200000, 0x00000007ee300000, 0x00000007ee300000|100%| E|CS|TAMS 0x00000007ee200000, 0x00000007ee200000| Complete 
|1763|0x00000007ee300000, 0x00000007ee400000, 0x00000007ee400000|100%| E|CS|TAMS 0x00000007ee300000, 0x00000007ee300000| Complete 
|1764|0x00000007ee400000, 0x00000007ee500000, 0x00000007ee500000|100%| E|CS|TAMS 0x00000007ee400000, 0x00000007ee400000| Complete 
|1765|0x00000007ee500000, 0x00000007ee600000, 0x00000007ee600000|100%| E|CS|TAMS 0x00000007ee500000, 0x00000007ee500000| Complete 
|1766|0x00000007ee600000, 0x00000007ee700000, 0x00000007ee700000|100%| E|CS|TAMS 0x00000007ee600000, 0x00000007ee600000| Complete 
|1767|0x00000007ee700000, 0x00000007ee800000, 0x00000007ee800000|100%| E|CS|TAMS 0x00000007ee700000, 0x00000007ee700000| Complete 
|1768|0x00000007ee800000, 0x00000007ee900000, 0x00000007ee900000|100%| E|CS|TAMS 0x00000007ee800000, 0x00000007ee800000| Complete 
|1769|0x00000007ee900000, 0x00000007eea00000, 0x00000007eea00000|100%| E|CS|TAMS 0x00000007ee900000, 0x00000007ee900000| Complete 
|1770|0x00000007eea00000, 0x00000007eeb00000, 0x00000007eeb00000|100%| E|CS|TAMS 0x00000007eea00000, 0x00000007eea00000| Complete 
|1771|0x00000007eeb00000, 0x00000007eec00000, 0x00000007eec00000|100%| E|CS|TAMS 0x00000007eeb00000, 0x00000007eeb00000| Complete 
|1772|0x00000007eec00000, 0x00000007eed00000, 0x00000007eed00000|100%| E|CS|TAMS 0x00000007eec00000, 0x00000007eec00000| Complete 
|1773|0x00000007eed00000, 0x00000007eee00000, 0x00000007eee00000|100%| E|CS|TAMS 0x00000007eed00000, 0x00000007eed00000| Complete 
|1774|0x00000007eee00000, 0x00000007eef00000, 0x00000007eef00000|100%| E|CS|TAMS 0x00000007eee00000, 0x00000007eee00000| Complete 
|1775|0x00000007eef00000, 0x00000007ef000000, 0x00000007ef000000|100%| E|CS|TAMS 0x00000007eef00000, 0x00000007eef00000| Complete 
|1776|0x00000007ef000000, 0x00000007ef100000, 0x00000007ef100000|100%| E|CS|TAMS 0x00000007ef000000, 0x00000007ef000000| Complete 
|1777|0x00000007ef100000, 0x00000007ef200000, 0x00000007ef200000|100%| E|CS|TAMS 0x00000007ef100000, 0x00000007ef100000| Complete 
|1778|0x00000007ef200000, 0x00000007ef300000, 0x00000007ef300000|100%| E|CS|TAMS 0x00000007ef200000, 0x00000007ef200000| Complete 
|1779|0x00000007ef300000, 0x00000007ef400000, 0x00000007ef400000|100%| E|CS|TAMS 0x00000007ef300000, 0x00000007ef300000| Complete 
|1780|0x00000007ef400000, 0x00000007ef500000, 0x00000007ef500000|100%| E|CS|TAMS 0x00000007ef400000, 0x00000007ef400000| Complete 
|1781|0x00000007ef500000, 0x00000007ef600000, 0x00000007ef600000|100%| E|CS|TAMS 0x00000007ef500000, 0x00000007ef500000| Complete 
|1782|0x00000007ef600000, 0x00000007ef700000, 0x00000007ef700000|100%| E|CS|TAMS 0x00000007ef600000, 0x00000007ef600000| Complete 
|1783|0x00000007ef700000, 0x00000007ef800000, 0x00000007ef800000|100%| E|CS|TAMS 0x00000007ef700000, 0x00000007ef700000| Complete 
|1784|0x00000007ef800000, 0x00000007ef900000, 0x00000007ef900000|100%| E|CS|TAMS 0x00000007ef800000, 0x00000007ef800000| Complete 
|1785|0x00000007ef900000, 0x00000007efa00000, 0x00000007efa00000|100%| E|CS|TAMS 0x00000007ef900000, 0x00000007ef900000| Complete 
|1786|0x00000007efa00000, 0x00000007efb00000, 0x00000007efb00000|100%| E|CS|TAMS 0x00000007efa00000, 0x00000007efa00000| Complete 
|1787|0x00000007efb00000, 0x00000007efc00000, 0x00000007efc00000|100%| E|CS|TAMS 0x00000007efb00000, 0x00000007efb00000| Complete 
|1788|0x00000007efc00000, 0x00000007efd00000, 0x00000007efd00000|100%| E|CS|TAMS 0x00000007efc00000, 0x00000007efc00000| Complete 
|1789|0x00000007efd00000, 0x00000007efe00000, 0x00000007efe00000|100%| E|CS|TAMS 0x00000007efd00000, 0x00000007efd00000| Complete 
|1790|0x00000007efe00000, 0x00000007eff00000, 0x00000007eff00000|100%| E|CS|TAMS 0x00000007efe00000, 0x00000007efe00000| Complete 
|1791|0x00000007eff00000, 0x00000007f0000000, 0x00000007f0000000|100%| E|CS|TAMS 0x00000007eff00000, 0x00000007eff00000| Complete 
|1792|0x00000007f0000000, 0x00000007f0100000, 0x00000007f0100000|100%| E|CS|TAMS 0x00000007f0000000, 0x00000007f0000000| Complete 
|1793|0x00000007f0100000, 0x00000007f0200000, 0x00000007f0200000|100%| E|CS|TAMS 0x00000007f0100000, 0x00000007f0100000| Complete 
|1794|0x00000007f0200000, 0x00000007f0300000, 0x00000007f0300000|100%| E|CS|TAMS 0x00000007f0200000, 0x00000007f0200000| Complete 
|1795|0x00000007f0300000, 0x00000007f0400000, 0x00000007f0400000|100%| E|CS|TAMS 0x00000007f0300000, 0x00000007f0300000| Complete 
|1796|0x00000007f0400000, 0x00000007f0500000, 0x00000007f0500000|100%| E|CS|TAMS 0x00000007f0400000, 0x00000007f0400000| Complete 
|1797|0x00000007f0500000, 0x00000007f0600000, 0x00000007f0600000|100%| E|CS|TAMS 0x00000007f0500000, 0x00000007f0500000| Complete 
|1798|0x00000007f0600000, 0x00000007f0700000, 0x00000007f0700000|100%| E|CS|TAMS 0x00000007f0600000, 0x00000007f0600000| Complete 
|1799|0x00000007f0700000, 0x00000007f0800000, 0x00000007f0800000|100%| E|CS|TAMS 0x00000007f0700000, 0x00000007f0700000| Complete 
|1800|0x00000007f0800000, 0x00000007f0900000, 0x00000007f0900000|100%| E|CS|TAMS 0x00000007f0800000, 0x00000007f0800000| Complete 
|1801|0x00000007f0900000, 0x00000007f0a00000, 0x00000007f0a00000|100%| E|CS|TAMS 0x00000007f0900000, 0x00000007f0900000| Complete 
|1802|0x00000007f0a00000, 0x00000007f0b00000, 0x00000007f0b00000|100%| E|CS|TAMS 0x00000007f0a00000, 0x00000007f0a00000| Complete 
|1803|0x00000007f0b00000, 0x00000007f0c00000, 0x00000007f0c00000|100%| E|CS|TAMS 0x00000007f0b00000, 0x00000007f0b00000| Complete 
|1804|0x00000007f0c00000, 0x00000007f0d00000, 0x00000007f0d00000|100%| E|CS|TAMS 0x00000007f0c00000, 0x00000007f0c00000| Complete 
|1805|0x00000007f0d00000, 0x00000007f0e00000, 0x00000007f0e00000|100%| E|CS|TAMS 0x00000007f0d00000, 0x00000007f0d00000| Complete 
|1806|0x00000007f0e00000, 0x00000007f0f00000, 0x00000007f0f00000|100%| E|CS|TAMS 0x00000007f0e00000, 0x00000007f0e00000| Complete 
|1807|0x00000007f0f00000, 0x00000007f1000000, 0x00000007f1000000|100%| E|CS|TAMS 0x00000007f0f00000, 0x00000007f0f00000| Complete 
|1808|0x00000007f1000000, 0x00000007f1100000, 0x00000007f1100000|100%| E|CS|TAMS 0x00000007f1000000, 0x00000007f1000000| Complete 
|1809|0x00000007f1100000, 0x00000007f1200000, 0x00000007f1200000|100%| E|CS|TAMS 0x00000007f1100000, 0x00000007f1100000| Complete 
|1810|0x00000007f1200000, 0x00000007f1300000, 0x00000007f1300000|100%| E|CS|TAMS 0x00000007f1200000, 0x00000007f1200000| Complete 
|1811|0x00000007f1300000, 0x00000007f1400000, 0x00000007f1400000|100%| E|CS|TAMS 0x00000007f1300000, 0x00000007f1300000| Complete 
|1812|0x00000007f1400000, 0x00000007f1500000, 0x00000007f1500000|100%| E|CS|TAMS 0x00000007f1400000, 0x00000007f1400000| Complete 
|1813|0x00000007f1500000, 0x00000007f1600000, 0x00000007f1600000|100%| E|CS|TAMS 0x00000007f1500000, 0x00000007f1500000| Complete 
|1814|0x00000007f1600000, 0x00000007f1700000, 0x00000007f1700000|100%| E|CS|TAMS 0x00000007f1600000, 0x00000007f1600000| Complete 
|1815|0x00000007f1700000, 0x00000007f1800000, 0x00000007f1800000|100%| E|CS|TAMS 0x00000007f1700000, 0x00000007f1700000| Complete 
|1816|0x00000007f1800000, 0x00000007f1900000, 0x00000007f1900000|100%| E|CS|TAMS 0x00000007f1800000, 0x00000007f1800000| Complete 
|1817|0x00000007f1900000, 0x00000007f1a00000, 0x00000007f1a00000|100%| E|CS|TAMS 0x00000007f1900000, 0x00000007f1900000| Complete 
|1818|0x00000007f1a00000, 0x00000007f1b00000, 0x00000007f1b00000|100%| E|CS|TAMS 0x00000007f1a00000, 0x00000007f1a00000| Complete 
|1819|0x00000007f1b00000, 0x00000007f1c00000, 0x00000007f1c00000|100%| E|CS|TAMS 0x00000007f1b00000, 0x00000007f1b00000| Complete 
|1820|0x00000007f1c00000, 0x00000007f1d00000, 0x00000007f1d00000|100%| E|CS|TAMS 0x00000007f1c00000, 0x00000007f1c00000| Complete 
|1821|0x00000007f1d00000, 0x00000007f1e00000, 0x00000007f1e00000|100%| E|CS|TAMS 0x00000007f1d00000, 0x00000007f1d00000| Complete 
|1822|0x00000007f1e00000, 0x00000007f1f00000, 0x00000007f1f00000|100%| E|CS|TAMS 0x00000007f1e00000, 0x00000007f1e00000| Complete 
|1823|0x00000007f1f00000, 0x00000007f2000000, 0x00000007f2000000|100%| E|CS|TAMS 0x00000007f1f00000, 0x00000007f1f00000| Complete 
|1824|0x00000007f2000000, 0x00000007f2100000, 0x00000007f2100000|100%| E|CS|TAMS 0x00000007f2000000, 0x00000007f2000000| Complete 
|1825|0x00000007f2100000, 0x00000007f2200000, 0x00000007f2200000|100%| E|CS|TAMS 0x00000007f2100000, 0x00000007f2100000| Complete 
|1826|0x00000007f2200000, 0x00000007f2300000, 0x00000007f2300000|100%| E|CS|TAMS 0x00000007f2200000, 0x00000007f2200000| Complete 
|1827|0x00000007f2300000, 0x00000007f2400000, 0x00000007f2400000|100%| E|CS|TAMS 0x00000007f2300000, 0x00000007f2300000| Complete 
|1828|0x00000007f2400000, 0x00000007f2500000, 0x00000007f2500000|100%| E|CS|TAMS 0x00000007f2400000, 0x00000007f2400000| Complete 
|1829|0x00000007f2500000, 0x00000007f2600000, 0x00000007f2600000|100%| E|CS|TAMS 0x00000007f2500000, 0x00000007f2500000| Complete 
|1830|0x00000007f2600000, 0x00000007f2700000, 0x00000007f2700000|100%| E|CS|TAMS 0x00000007f2600000, 0x00000007f2600000| Complete 
|1831|0x00000007f2700000, 0x00000007f2800000, 0x00000007f2800000|100%| E|CS|TAMS 0x00000007f2700000, 0x00000007f2700000| Complete 
|1832|0x00000007f2800000, 0x00000007f2900000, 0x00000007f2900000|100%| E|CS|TAMS 0x00000007f2800000, 0x00000007f2800000| Complete 
|1833|0x00000007f2900000, 0x00000007f2a00000, 0x00000007f2a00000|100%| E|CS|TAMS 0x00000007f2900000, 0x00000007f2900000| Complete 
|1834|0x00000007f2a00000, 0x00000007f2b00000, 0x00000007f2b00000|100%| E|CS|TAMS 0x00000007f2a00000, 0x00000007f2a00000| Complete 
|1835|0x00000007f2b00000, 0x00000007f2c00000, 0x00000007f2c00000|100%| E|CS|TAMS 0x00000007f2b00000, 0x00000007f2b00000| Complete 
|1836|0x00000007f2c00000, 0x00000007f2d00000, 0x00000007f2d00000|100%| E|CS|TAMS 0x00000007f2c00000, 0x00000007f2c00000| Complete 
|1837|0x00000007f2d00000, 0x00000007f2e00000, 0x00000007f2e00000|100%| E|CS|TAMS 0x00000007f2d00000, 0x00000007f2d00000| Complete 
|1838|0x00000007f2e00000, 0x00000007f2f00000, 0x00000007f2f00000|100%| E|CS|TAMS 0x00000007f2e00000, 0x00000007f2e00000| Complete 
|1839|0x00000007f2f00000, 0x00000007f3000000, 0x00000007f3000000|100%| E|CS|TAMS 0x00000007f2f00000, 0x00000007f2f00000| Complete 
|1840|0x00000007f3000000, 0x00000007f3100000, 0x00000007f3100000|100%| E|CS|TAMS 0x00000007f3000000, 0x00000007f3000000| Complete 
|1841|0x00000007f3100000, 0x00000007f3200000, 0x00000007f3200000|100%| E|CS|TAMS 0x00000007f3100000, 0x00000007f3100000| Complete 
|1842|0x00000007f3200000, 0x00000007f3300000, 0x00000007f3300000|100%| E|CS|TAMS 0x00000007f3200000, 0x00000007f3200000| Complete 
|1843|0x00000007f3300000, 0x00000007f3400000, 0x00000007f3400000|100%| E|CS|TAMS 0x00000007f3300000, 0x00000007f3300000| Complete 
|1844|0x00000007f3400000, 0x00000007f3500000, 0x00000007f3500000|100%| E|CS|TAMS 0x00000007f3400000, 0x00000007f3400000| Complete 
|1845|0x00000007f3500000, 0x00000007f3600000, 0x00000007f3600000|100%| E|CS|TAMS 0x00000007f3500000, 0x00000007f3500000| Complete 
|1846|0x00000007f3600000, 0x00000007f3700000, 0x00000007f3700000|100%| E|CS|TAMS 0x00000007f3600000, 0x00000007f3600000| Complete 
|1847|0x00000007f3700000, 0x00000007f3800000, 0x00000007f3800000|100%| E|CS|TAMS 0x00000007f3700000, 0x00000007f3700000| Complete 
|1848|0x00000007f3800000, 0x00000007f3900000, 0x00000007f3900000|100%| E|CS|TAMS 0x00000007f3800000, 0x00000007f3800000| Complete 
|1849|0x00000007f3900000, 0x00000007f3a00000, 0x00000007f3a00000|100%| E|CS|TAMS 0x00000007f3900000, 0x00000007f3900000| Complete 
|1850|0x00000007f3a00000, 0x00000007f3b00000, 0x00000007f3b00000|100%| E|CS|TAMS 0x00000007f3a00000, 0x00000007f3a00000| Complete 
|1851|0x00000007f3b00000, 0x00000007f3c00000, 0x00000007f3c00000|100%| E|CS|TAMS 0x00000007f3b00000, 0x00000007f3b00000| Complete 
|1852|0x00000007f3c00000, 0x00000007f3d00000, 0x00000007f3d00000|100%| E|CS|TAMS 0x00000007f3c00000, 0x00000007f3c00000| Complete 
|1853|0x00000007f3d00000, 0x00000007f3e00000, 0x00000007f3e00000|100%| E|CS|TAMS 0x00000007f3d00000, 0x00000007f3d00000| Complete 
|1854|0x00000007f3e00000, 0x00000007f3f00000, 0x00000007f3f00000|100%| E|CS|TAMS 0x00000007f3e00000, 0x00000007f3e00000| Complete 
|1855|0x00000007f3f00000, 0x00000007f4000000, 0x00000007f4000000|100%| E|CS|TAMS 0x00000007f3f00000, 0x00000007f3f00000| Complete 
|1856|0x00000007f4000000, 0x00000007f4100000, 0x00000007f4100000|100%| E|CS|TAMS 0x00000007f4000000, 0x00000007f4000000| Complete 
|1857|0x00000007f4100000, 0x00000007f4200000, 0x00000007f4200000|100%| E|CS|TAMS 0x00000007f4100000, 0x00000007f4100000| Complete 
|1858|0x00000007f4200000, 0x00000007f4300000, 0x00000007f4300000|100%| E|CS|TAMS 0x00000007f4200000, 0x00000007f4200000| Complete 
|1859|0x00000007f4300000, 0x00000007f4400000, 0x00000007f4400000|100%| E|CS|TAMS 0x00000007f4300000, 0x00000007f4300000| Complete 
|1860|0x00000007f4400000, 0x00000007f4500000, 0x00000007f4500000|100%| E|CS|TAMS 0x00000007f4400000, 0x00000007f4400000| Complete 
|1861|0x00000007f4500000, 0x00000007f4600000, 0x00000007f4600000|100%| E|CS|TAMS 0x00000007f4500000, 0x00000007f4500000| Complete 
|1862|0x00000007f4600000, 0x00000007f4700000, 0x00000007f4700000|100%| E|CS|TAMS 0x00000007f4600000, 0x00000007f4600000| Complete 
|1863|0x00000007f4700000, 0x00000007f4800000, 0x00000007f4800000|100%| E|CS|TAMS 0x00000007f4700000, 0x00000007f4700000| Complete 
|1864|0x00000007f4800000, 0x00000007f4900000, 0x00000007f4900000|100%| E|CS|TAMS 0x00000007f4800000, 0x00000007f4800000| Complete 
|1865|0x00000007f4900000, 0x00000007f4a00000, 0x00000007f4a00000|100%| E|CS|TAMS 0x00000007f4900000, 0x00000007f4900000| Complete 
|1866|0x00000007f4a00000, 0x00000007f4b00000, 0x00000007f4b00000|100%| E|CS|TAMS 0x00000007f4a00000, 0x00000007f4a00000| Complete 
|1867|0x00000007f4b00000, 0x00000007f4c00000, 0x00000007f4c00000|100%| E|CS|TAMS 0x00000007f4b00000, 0x00000007f4b00000| Complete 
|1868|0x00000007f4c00000, 0x00000007f4d00000, 0x00000007f4d00000|100%| E|CS|TAMS 0x00000007f4c00000, 0x00000007f4c00000| Complete 
|1869|0x00000007f4d00000, 0x00000007f4e00000, 0x00000007f4e00000|100%| E|CS|TAMS 0x00000007f4d00000, 0x00000007f4d00000| Complete 
|1870|0x00000007f4e00000, 0x00000007f4f00000, 0x00000007f4f00000|100%| E|CS|TAMS 0x00000007f4e00000, 0x00000007f4e00000| Complete 
|1871|0x00000007f4f00000, 0x00000007f5000000, 0x00000007f5000000|100%| E|CS|TAMS 0x00000007f4f00000, 0x00000007f4f00000| Complete 
|1872|0x00000007f5000000, 0x00000007f5100000, 0x00000007f5100000|100%| E|CS|TAMS 0x00000007f5000000, 0x00000007f5000000| Complete 
|1873|0x00000007f5100000, 0x00000007f5200000, 0x00000007f5200000|100%| E|CS|TAMS 0x00000007f5100000, 0x00000007f5100000| Complete 
|1874|0x00000007f5200000, 0x00000007f5300000, 0x00000007f5300000|100%| E|CS|TAMS 0x00000007f5200000, 0x00000007f5200000| Complete 
|1875|0x00000007f5300000, 0x00000007f5400000, 0x00000007f5400000|100%| E|CS|TAMS 0x00000007f5300000, 0x00000007f5300000| Complete 
|1876|0x00000007f5400000, 0x00000007f5500000, 0x00000007f5500000|100%| E|CS|TAMS 0x00000007f5400000, 0x00000007f5400000| Complete 
|1877|0x00000007f5500000, 0x00000007f5600000, 0x00000007f5600000|100%| E|CS|TAMS 0x00000007f5500000, 0x00000007f5500000| Complete 
|1878|0x00000007f5600000, 0x00000007f5700000, 0x00000007f5700000|100%| E|CS|TAMS 0x00000007f5600000, 0x00000007f5600000| Complete 
|1879|0x00000007f5700000, 0x00000007f5800000, 0x00000007f5800000|100%| E|CS|TAMS 0x00000007f5700000, 0x00000007f5700000| Complete 
|1880|0x00000007f5800000, 0x00000007f5900000, 0x00000007f5900000|100%| E|CS|TAMS 0x00000007f5800000, 0x00000007f5800000| Complete 
|1881|0x00000007f5900000, 0x00000007f5a00000, 0x00000007f5a00000|100%| E|CS|TAMS 0x00000007f5900000, 0x00000007f5900000| Complete 
|1882|0x00000007f5a00000, 0x00000007f5b00000, 0x00000007f5b00000|100%| E|CS|TAMS 0x00000007f5a00000, 0x00000007f5a00000| Complete 
|1883|0x00000007f5b00000, 0x00000007f5c00000, 0x00000007f5c00000|100%| E|CS|TAMS 0x00000007f5b00000, 0x00000007f5b00000| Complete 
|1884|0x00000007f5c00000, 0x00000007f5d00000, 0x00000007f5d00000|100%| E|CS|TAMS 0x00000007f5c00000, 0x00000007f5c00000| Complete 
|1885|0x00000007f5d00000, 0x00000007f5e00000, 0x00000007f5e00000|100%| E|CS|TAMS 0x00000007f5d00000, 0x00000007f5d00000| Complete 
|1886|0x00000007f5e00000, 0x00000007f5f00000, 0x00000007f5f00000|100%| E|CS|TAMS 0x00000007f5e00000, 0x00000007f5e00000| Complete 
|1887|0x00000007f5f00000, 0x00000007f6000000, 0x00000007f6000000|100%| E|CS|TAMS 0x00000007f5f00000, 0x00000007f5f00000| Complete 
|1888|0x00000007f6000000, 0x00000007f6100000, 0x00000007f6100000|100%| E|CS|TAMS 0x00000007f6000000, 0x00000007f6000000| Complete 
|1889|0x00000007f6100000, 0x00000007f6200000, 0x00000007f6200000|100%| E|CS|TAMS 0x00000007f6100000, 0x00000007f6100000| Complete 
|1890|0x00000007f6200000, 0x00000007f6300000, 0x00000007f6300000|100%| E|CS|TAMS 0x00000007f6200000, 0x00000007f6200000| Complete 
|1891|0x00000007f6300000, 0x00000007f6400000, 0x00000007f6400000|100%| E|CS|TAMS 0x00000007f6300000, 0x00000007f6300000| Complete 
|1892|0x00000007f6400000, 0x00000007f6500000, 0x00000007f6500000|100%| E|CS|TAMS 0x00000007f6400000, 0x00000007f6400000| Complete 
|1893|0x00000007f6500000, 0x00000007f6600000, 0x00000007f6600000|100%| E|CS|TAMS 0x00000007f6500000, 0x00000007f6500000| Complete 
|1894|0x00000007f6600000, 0x00000007f6700000, 0x00000007f6700000|100%| E|CS|TAMS 0x00000007f6600000, 0x00000007f6600000| Complete 
|1895|0x00000007f6700000, 0x00000007f6800000, 0x00000007f6800000|100%| E|CS|TAMS 0x00000007f6700000, 0x00000007f6700000| Complete 
|1896|0x00000007f6800000, 0x00000007f6900000, 0x00000007f6900000|100%| E|CS|TAMS 0x00000007f6800000, 0x00000007f6800000| Complete 
|1897|0x00000007f6900000, 0x00000007f6a00000, 0x00000007f6a00000|100%| E|CS|TAMS 0x00000007f6900000, 0x00000007f6900000| Complete 
|1898|0x00000007f6a00000, 0x00000007f6b00000, 0x00000007f6b00000|100%| E|CS|TAMS 0x00000007f6a00000, 0x00000007f6a00000| Complete 
|1899|0x00000007f6b00000, 0x00000007f6c00000, 0x00000007f6c00000|100%| E|CS|TAMS 0x00000007f6b00000, 0x00000007f6b00000| Complete 
|1900|0x00000007f6c00000, 0x00000007f6d00000, 0x00000007f6d00000|100%| E|CS|TAMS 0x00000007f6c00000, 0x00000007f6c00000| Complete 
|1901|0x00000007f6d00000, 0x00000007f6e00000, 0x00000007f6e00000|100%| E|CS|TAMS 0x00000007f6d00000, 0x00000007f6d00000| Complete 
|1902|0x00000007f6e00000, 0x00000007f6f00000, 0x00000007f6f00000|100%| E|CS|TAMS 0x00000007f6e00000, 0x00000007f6e00000| Complete 
|1903|0x00000007f6f00000, 0x00000007f7000000, 0x00000007f7000000|100%| E|CS|TAMS 0x00000007f6f00000, 0x00000007f6f00000| Complete 
|1904|0x00000007f7000000, 0x00000007f7100000, 0x00000007f7100000|100%| E|CS|TAMS 0x00000007f7000000, 0x00000007f7000000| Complete 
|1905|0x00000007f7100000, 0x00000007f7200000, 0x00000007f7200000|100%| E|CS|TAMS 0x00000007f7100000, 0x00000007f7100000| Complete 
|1906|0x00000007f7200000, 0x00000007f7300000, 0x00000007f7300000|100%| E|CS|TAMS 0x00000007f7200000, 0x00000007f7200000| Complete 
|1907|0x00000007f7300000, 0x00000007f7400000, 0x00000007f7400000|100%| E|CS|TAMS 0x00000007f7300000, 0x00000007f7300000| Complete 
|1908|0x00000007f7400000, 0x00000007f7500000, 0x00000007f7500000|100%| E|CS|TAMS 0x00000007f7400000, 0x00000007f7400000| Complete 
|1909|0x00000007f7500000, 0x00000007f7600000, 0x00000007f7600000|100%| E|CS|TAMS 0x00000007f7500000, 0x00000007f7500000| Complete 
|1910|0x00000007f7600000, 0x00000007f7700000, 0x00000007f7700000|100%| E|CS|TAMS 0x00000007f7600000, 0x00000007f7600000| Complete 
|1911|0x00000007f7700000, 0x00000007f7800000, 0x00000007f7800000|100%| E|CS|TAMS 0x00000007f7700000, 0x00000007f7700000| Complete 
|1912|0x00000007f7800000, 0x00000007f7900000, 0x00000007f7900000|100%| E|CS|TAMS 0x00000007f7800000, 0x00000007f7800000| Complete 
|1913|0x00000007f7900000, 0x00000007f7a00000, 0x00000007f7a00000|100%| E|CS|TAMS 0x00000007f7900000, 0x00000007f7900000| Complete 
|1914|0x00000007f7a00000, 0x00000007f7b00000, 0x00000007f7b00000|100%| E|CS|TAMS 0x00000007f7a00000, 0x00000007f7a00000| Complete 
|1915|0x00000007f7b00000, 0x00000007f7c00000, 0x00000007f7c00000|100%| E|CS|TAMS 0x00000007f7b00000, 0x00000007f7b00000| Complete 
|1916|0x00000007f7c00000, 0x00000007f7d00000, 0x00000007f7d00000|100%| E|CS|TAMS 0x00000007f7c00000, 0x00000007f7c00000| Complete 
|1917|0x00000007f7d00000, 0x00000007f7e00000, 0x00000007f7e00000|100%| E|CS|TAMS 0x00000007f7d00000, 0x00000007f7d00000| Complete 
|1918|0x00000007f7e00000, 0x00000007f7f00000, 0x00000007f7f00000|100%| E|CS|TAMS 0x00000007f7e00000, 0x00000007f7e00000| Complete 
|1919|0x00000007f7f00000, 0x00000007f8000000, 0x00000007f8000000|100%| E|CS|TAMS 0x00000007f7f00000, 0x00000007f7f00000| Complete 
|1920|0x00000007f8000000, 0x00000007f8100000, 0x00000007f8100000|100%| E|CS|TAMS 0x00000007f8000000, 0x00000007f8000000| Complete 
|1921|0x00000007f8100000, 0x00000007f8200000, 0x00000007f8200000|100%| E|CS|TAMS 0x00000007f8100000, 0x00000007f8100000| Complete 
|1922|0x00000007f8200000, 0x00000007f8300000, 0x00000007f8300000|100%| E|CS|TAMS 0x00000007f8200000, 0x00000007f8200000| Complete 
|1923|0x00000007f8300000, 0x00000007f8400000, 0x00000007f8400000|100%| E|CS|TAMS 0x00000007f8300000, 0x00000007f8300000| Complete 
|1924|0x00000007f8400000, 0x00000007f8500000, 0x00000007f8500000|100%| E|CS|TAMS 0x00000007f8400000, 0x00000007f8400000| Complete 
|1925|0x00000007f8500000, 0x00000007f8600000, 0x00000007f8600000|100%| E|CS|TAMS 0x00000007f8500000, 0x00000007f8500000| Complete 
|1926|0x00000007f8600000, 0x00000007f8700000, 0x00000007f8700000|100%| E|CS|TAMS 0x00000007f8600000, 0x00000007f8600000| Complete 
|1927|0x00000007f8700000, 0x00000007f8800000, 0x00000007f8800000|100%| E|CS|TAMS 0x00000007f8700000, 0x00000007f8700000| Complete 
|1928|0x00000007f8800000, 0x00000007f8900000, 0x00000007f8900000|100%| E|CS|TAMS 0x00000007f8800000, 0x00000007f8800000| Complete 
|1929|0x00000007f8900000, 0x00000007f8a00000, 0x00000007f8a00000|100%| E|CS|TAMS 0x00000007f8900000, 0x00000007f8900000| Complete 
|1930|0x00000007f8a00000, 0x00000007f8b00000, 0x00000007f8b00000|100%| E|CS|TAMS 0x00000007f8a00000, 0x00000007f8a00000| Complete 
|1931|0x00000007f8b00000, 0x00000007f8c00000, 0x00000007f8c00000|100%| E|CS|TAMS 0x00000007f8b00000, 0x00000007f8b00000| Complete 
|1932|0x00000007f8c00000, 0x00000007f8d00000, 0x00000007f8d00000|100%| E|CS|TAMS 0x00000007f8c00000, 0x00000007f8c00000| Complete 
|1933|0x00000007f8d00000, 0x00000007f8e00000, 0x00000007f8e00000|100%| E|CS|TAMS 0x00000007f8d00000, 0x00000007f8d00000| Complete 
|1934|0x00000007f8e00000, 0x00000007f8f00000, 0x00000007f8f00000|100%| E|CS|TAMS 0x00000007f8e00000, 0x00000007f8e00000| Complete 
|1935|0x00000007f8f00000, 0x00000007f9000000, 0x00000007f9000000|100%| E|CS|TAMS 0x00000007f8f00000, 0x00000007f8f00000| Complete 
|1936|0x00000007f9000000, 0x00000007f9100000, 0x00000007f9100000|100%| E|CS|TAMS 0x00000007f9000000, 0x00000007f9000000| Complete 
|1937|0x00000007f9100000, 0x00000007f9200000, 0x00000007f9200000|100%| E|CS|TAMS 0x00000007f9100000, 0x00000007f9100000| Complete 
|1938|0x00000007f9200000, 0x00000007f9300000, 0x00000007f9300000|100%| E|CS|TAMS 0x00000007f9200000, 0x00000007f9200000| Complete 
|1939|0x00000007f9300000, 0x00000007f9400000, 0x00000007f9400000|100%| E|CS|TAMS 0x00000007f9300000, 0x00000007f9300000| Complete 
|1940|0x00000007f9400000, 0x00000007f9500000, 0x00000007f9500000|100%| E|CS|TAMS 0x00000007f9400000, 0x00000007f9400000| Complete 
|1941|0x00000007f9500000, 0x00000007f9600000, 0x00000007f9600000|100%| E|CS|TAMS 0x00000007f9500000, 0x00000007f9500000| Complete 
|1942|0x00000007f9600000, 0x00000007f9700000, 0x00000007f9700000|100%| E|CS|TAMS 0x00000007f9600000, 0x00000007f9600000| Complete 
|1943|0x00000007f9700000, 0x00000007f9800000, 0x00000007f9800000|100%| E|CS|TAMS 0x00000007f9700000, 0x00000007f9700000| Complete 
|1944|0x00000007f9800000, 0x00000007f9900000, 0x00000007f9900000|100%| E|CS|TAMS 0x00000007f9800000, 0x00000007f9800000| Complete 
|1945|0x00000007f9900000, 0x00000007f9a00000, 0x00000007f9a00000|100%| E|CS|TAMS 0x00000007f9900000, 0x00000007f9900000| Complete 
|1946|0x00000007f9a00000, 0x00000007f9b00000, 0x00000007f9b00000|100%| E|CS|TAMS 0x00000007f9a00000, 0x00000007f9a00000| Complete 
|1947|0x00000007f9b00000, 0x00000007f9c00000, 0x00000007f9c00000|100%| E|CS|TAMS 0x00000007f9b00000, 0x00000007f9b00000| Complete 
|1948|0x00000007f9c00000, 0x00000007f9d00000, 0x00000007f9d00000|100%| E|CS|TAMS 0x00000007f9c00000, 0x00000007f9c00000| Complete 
|1949|0x00000007f9d00000, 0x00000007f9e00000, 0x00000007f9e00000|100%| E|CS|TAMS 0x00000007f9d00000, 0x00000007f9d00000| Complete 
|1950|0x00000007f9e00000, 0x00000007f9f00000, 0x00000007f9f00000|100%| E|CS|TAMS 0x00000007f9e00000, 0x00000007f9e00000| Complete 
|1951|0x00000007f9f00000, 0x00000007fa000000, 0x00000007fa000000|100%| E|CS|TAMS 0x00000007f9f00000, 0x00000007f9f00000| Complete 
|1952|0x00000007fa000000, 0x00000007fa100000, 0x00000007fa100000|100%| E|CS|TAMS 0x00000007fa000000, 0x00000007fa000000| Complete 
|1953|0x00000007fa100000, 0x00000007fa200000, 0x00000007fa200000|100%| E|CS|TAMS 0x00000007fa100000, 0x00000007fa100000| Complete 
|1954|0x00000007fa200000, 0x00000007fa300000, 0x00000007fa300000|100%| E|CS|TAMS 0x00000007fa200000, 0x00000007fa200000| Complete 
|1955|0x00000007fa300000, 0x00000007fa400000, 0x00000007fa400000|100%| E|CS|TAMS 0x00000007fa300000, 0x00000007fa300000| Complete 
|1956|0x00000007fa400000, 0x00000007fa500000, 0x00000007fa500000|100%| E|CS|TAMS 0x00000007fa400000, 0x00000007fa400000| Complete 
|1957|0x00000007fa500000, 0x00000007fa600000, 0x00000007fa600000|100%| E|CS|TAMS 0x00000007fa500000, 0x00000007fa500000| Complete 
|1958|0x00000007fa600000, 0x00000007fa700000, 0x00000007fa700000|100%| E|CS|TAMS 0x00000007fa600000, 0x00000007fa600000| Complete 
|1959|0x00000007fa700000, 0x00000007fa800000, 0x00000007fa800000|100%| E|CS|TAMS 0x00000007fa700000, 0x00000007fa700000| Complete 
|1960|0x00000007fa800000, 0x00000007fa900000, 0x00000007fa900000|100%| E|CS|TAMS 0x00000007fa800000, 0x00000007fa800000| Complete 
|1961|0x00000007fa900000, 0x00000007faa00000, 0x00000007faa00000|100%| E|CS|TAMS 0x00000007fa900000, 0x00000007fa900000| Complete 
|1962|0x00000007faa00000, 0x00000007fab00000, 0x00000007fab00000|100%| E|CS|TAMS 0x00000007faa00000, 0x00000007faa00000| Complete 
|1963|0x00000007fab00000, 0x00000007fac00000, 0x00000007fac00000|100%| E|CS|TAMS 0x00000007fab00000, 0x00000007fab00000| Complete 
|1964|0x00000007fac00000, 0x00000007fad00000, 0x00000007fad00000|100%| E|CS|TAMS 0x00000007fac00000, 0x00000007fac00000| Complete 
|1965|0x00000007fad00000, 0x00000007fae00000, 0x00000007fae00000|100%| E|CS|TAMS 0x00000007fad00000, 0x00000007fad00000| Complete 
|1966|0x00000007fae00000, 0x00000007faf00000, 0x00000007faf00000|100%| E|CS|TAMS 0x00000007fae00000, 0x00000007fae00000| Complete 
|1967|0x00000007faf00000, 0x00000007fb000000, 0x00000007fb000000|100%| E|CS|TAMS 0x00000007faf00000, 0x00000007faf00000| Complete 
|1968|0x00000007fb000000, 0x00000007fb100000, 0x00000007fb100000|100%| E|CS|TAMS 0x00000007fb000000, 0x00000007fb000000| Complete 
|1969|0x00000007fb100000, 0x00000007fb200000, 0x00000007fb200000|100%| E|CS|TAMS 0x00000007fb100000, 0x00000007fb100000| Complete 
|1970|0x00000007fb200000, 0x00000007fb300000, 0x00000007fb300000|100%| E|CS|TAMS 0x00000007fb200000, 0x00000007fb200000| Complete 
|1971|0x00000007fb300000, 0x00000007fb400000, 0x00000007fb400000|100%| E|CS|TAMS 0x00000007fb300000, 0x00000007fb300000| Complete 
|1972|0x00000007fb400000, 0x00000007fb500000, 0x00000007fb500000|100%| E|CS|TAMS 0x00000007fb400000, 0x00000007fb400000| Complete 
|1973|0x00000007fb500000, 0x00000007fb600000, 0x00000007fb600000|100%| E|CS|TAMS 0x00000007fb500000, 0x00000007fb500000| Complete 
|1974|0x00000007fb600000, 0x00000007fb700000, 0x00000007fb700000|100%| E|CS|TAMS 0x00000007fb600000, 0x00000007fb600000| Complete 
|1975|0x00000007fb700000, 0x00000007fb800000, 0x00000007fb800000|100%| E|CS|TAMS 0x00000007fb700000, 0x00000007fb700000| Complete 
|1976|0x00000007fb800000, 0x00000007fb900000, 0x00000007fb900000|100%| E|CS|TAMS 0x00000007fb800000, 0x00000007fb800000| Complete 
|1977|0x00000007fb900000, 0x00000007fba00000, 0x00000007fba00000|100%| E|CS|TAMS 0x00000007fb900000, 0x00000007fb900000| Complete 
|1978|0x00000007fba00000, 0x00000007fbb00000, 0x00000007fbb00000|100%| E|CS|TAMS 0x00000007fba00000, 0x00000007fba00000| Complete 
|1979|0x00000007fbb00000, 0x00000007fbc00000, 0x00000007fbc00000|100%| E|CS|TAMS 0x00000007fbb00000, 0x00000007fbb00000| Complete 
|1980|0x00000007fbc00000, 0x00000007fbd00000, 0x00000007fbd00000|100%| E|CS|TAMS 0x00000007fbc00000, 0x00000007fbc00000| Complete 
|1981|0x00000007fbd00000, 0x00000007fbe00000, 0x00000007fbe00000|100%| E|CS|TAMS 0x00000007fbd00000, 0x00000007fbd00000| Complete 
|1982|0x00000007fbe00000, 0x00000007fbf00000, 0x00000007fbf00000|100%| E|CS|TAMS 0x00000007fbe00000, 0x00000007fbe00000| Complete 
|1983|0x00000007fbf00000, 0x00000007fc000000, 0x00000007fc000000|100%| E|CS|TAMS 0x00000007fbf00000, 0x00000007fbf00000| Complete 
|1984|0x00000007fc000000, 0x00000007fc100000, 0x00000007fc100000|100%| E|CS|TAMS 0x00000007fc000000, 0x00000007fc000000| Complete 
|1985|0x00000007fc100000, 0x00000007fc200000, 0x00000007fc200000|100%| E|CS|TAMS 0x00000007fc100000, 0x00000007fc100000| Complete 
|1986|0x00000007fc200000, 0x00000007fc300000, 0x00000007fc300000|100%| E|CS|TAMS 0x00000007fc200000, 0x00000007fc200000| Complete 
|1987|0x00000007fc300000, 0x00000007fc400000, 0x00000007fc400000|100%| E|CS|TAMS 0x00000007fc300000, 0x00000007fc300000| Complete 
|1988|0x00000007fc400000, 0x00000007fc500000, 0x00000007fc500000|100%| E|CS|TAMS 0x00000007fc400000, 0x00000007fc400000| Complete 
|1989|0x00000007fc500000, 0x00000007fc600000, 0x00000007fc600000|100%| E|CS|TAMS 0x00000007fc500000, 0x00000007fc500000| Complete 
|1990|0x00000007fc600000, 0x00000007fc700000, 0x00000007fc700000|100%| E|CS|TAMS 0x00000007fc600000, 0x00000007fc600000| Complete 
|1991|0x00000007fc700000, 0x00000007fc800000, 0x00000007fc800000|100%| E|CS|TAMS 0x00000007fc700000, 0x00000007fc700000| Complete 
|1992|0x00000007fc800000, 0x00000007fc900000, 0x00000007fc900000|100%| E|CS|TAMS 0x00000007fc800000, 0x00000007fc800000| Complete 
|1993|0x00000007fc900000, 0x00000007fca00000, 0x00000007fca00000|100%| E|CS|TAMS 0x00000007fc900000, 0x00000007fc900000| Complete 
|1994|0x00000007fca00000, 0x00000007fcb00000, 0x00000007fcb00000|100%| E|CS|TAMS 0x00000007fca00000, 0x00000007fca00000| Complete 
|1995|0x00000007fcb00000, 0x00000007fcc00000, 0x00000007fcc00000|100%| E|CS|TAMS 0x00000007fcb00000, 0x00000007fcb00000| Complete 
|1996|0x00000007fcc00000, 0x00000007fcd00000, 0x00000007fcd00000|100%| E|CS|TAMS 0x00000007fcc00000, 0x00000007fcc00000| Complete 
|1997|0x00000007fcd00000, 0x00000007fce00000, 0x00000007fce00000|100%| E|CS|TAMS 0x00000007fcd00000, 0x00000007fcd00000| Complete 
|1998|0x00000007fce00000, 0x00000007fcf00000, 0x00000007fcf00000|100%| E|CS|TAMS 0x00000007fce00000, 0x00000007fce00000| Complete 
|1999|0x00000007fcf00000, 0x00000007fd000000, 0x00000007fd000000|100%| E|CS|TAMS 0x00000007fcf00000, 0x00000007fcf00000| Complete 
|2000|0x00000007fd000000, 0x00000007fd100000, 0x00000007fd100000|100%| E|CS|TAMS 0x00000007fd000000, 0x00000007fd000000| Complete 
|2001|0x00000007fd100000, 0x00000007fd200000, 0x00000007fd200000|100%| E|CS|TAMS 0x00000007fd100000, 0x00000007fd100000| Complete 
|2002|0x00000007fd200000, 0x00000007fd300000, 0x00000007fd300000|100%| E|CS|TAMS 0x00000007fd200000, 0x00000007fd200000| Complete 
|2003|0x00000007fd300000, 0x00000007fd400000, 0x00000007fd400000|100%| E|CS|TAMS 0x00000007fd300000, 0x00000007fd300000| Complete 
|2004|0x00000007fd400000, 0x00000007fd500000, 0x00000007fd500000|100%| E|CS|TAMS 0x00000007fd400000, 0x00000007fd400000| Complete 
|2005|0x00000007fd500000, 0x00000007fd600000, 0x00000007fd600000|100%| E|CS|TAMS 0x00000007fd500000, 0x00000007fd500000| Complete 
|2006|0x00000007fd600000, 0x00000007fd700000, 0x00000007fd700000|100%| E|CS|TAMS 0x00000007fd600000, 0x00000007fd600000| Complete 
|2007|0x00000007fd700000, 0x00000007fd800000, 0x00000007fd800000|100%| E|CS|TAMS 0x00000007fd700000, 0x00000007fd700000| Complete 
|2008|0x00000007fd800000, 0x00000007fd900000, 0x00000007fd900000|100%| E|CS|TAMS 0x00000007fd800000, 0x00000007fd800000| Complete 
|2009|0x00000007fd900000, 0x00000007fda00000, 0x00000007fda00000|100%| E|CS|TAMS 0x00000007fd900000, 0x00000007fd900000| Complete 
|2010|0x00000007fda00000, 0x00000007fdb00000, 0x00000007fdb00000|100%| E|CS|TAMS 0x00000007fda00000, 0x00000007fda00000| Complete 
|2011|0x00000007fdb00000, 0x00000007fdc00000, 0x00000007fdc00000|100%| E|CS|TAMS 0x00000007fdb00000, 0x00000007fdb00000| Complete 
|2012|0x00000007fdc00000, 0x00000007fdd00000, 0x00000007fdd00000|100%| E|CS|TAMS 0x00000007fdc00000, 0x00000007fdc00000| Complete 
|2013|0x00000007fdd00000, 0x00000007fde00000, 0x00000007fde00000|100%| E|CS|TAMS 0x00000007fdd00000, 0x00000007fdd00000| Complete 
|2014|0x00000007fde00000, 0x00000007fdf00000, 0x00000007fdf00000|100%| E|CS|TAMS 0x00000007fde00000, 0x00000007fde00000| Complete 
|2015|0x00000007fdf00000, 0x00000007fe000000, 0x00000007fe000000|100%| E|CS|TAMS 0x00000007fdf00000, 0x00000007fdf00000| Complete 
|2016|0x00000007fe000000, 0x00000007fe100000, 0x00000007fe100000|100%| E|CS|TAMS 0x00000007fe000000, 0x00000007fe000000| Complete 
|2017|0x00000007fe100000, 0x00000007fe200000, 0x00000007fe200000|100%| E|CS|TAMS 0x00000007fe100000, 0x00000007fe100000| Complete 
|2018|0x00000007fe200000, 0x00000007fe300000, 0x00000007fe300000|100%| E|CS|TAMS 0x00000007fe200000, 0x00000007fe200000| Complete 
|2019|0x00000007fe300000, 0x00000007fe400000, 0x00000007fe400000|100%| E|CS|TAMS 0x00000007fe300000, 0x00000007fe300000| Complete 
|2020|0x00000007fe400000, 0x00000007fe500000, 0x00000007fe500000|100%| E|CS|TAMS 0x00000007fe400000, 0x00000007fe400000| Complete 
|2021|0x00000007fe500000, 0x00000007fe600000, 0x00000007fe600000|100%| E|CS|TAMS 0x00000007fe500000, 0x00000007fe500000| Complete 
|2022|0x00000007fe600000, 0x00000007fe700000, 0x00000007fe700000|100%| E|CS|TAMS 0x00000007fe600000, 0x00000007fe600000| Complete 
|2023|0x00000007fe700000, 0x00000007fe800000, 0x00000007fe800000|100%| E|CS|TAMS 0x00000007fe700000, 0x00000007fe700000| Complete 
|2024|0x00000007fe800000, 0x00000007fe900000, 0x00000007fe900000|100%| E|CS|TAMS 0x00000007fe800000, 0x00000007fe800000| Complete 
|2025|0x00000007fe900000, 0x00000007fea00000, 0x00000007fea00000|100%| E|CS|TAMS 0x00000007fe900000, 0x00000007fe900000| Complete 
|2026|0x00000007fea00000, 0x00000007feb00000, 0x00000007feb00000|100%| E|CS|TAMS 0x00000007fea00000, 0x00000007fea00000| Complete 
|2027|0x00000007feb00000, 0x00000007fec00000, 0x00000007fec00000|100%| E|CS|TAMS 0x00000007feb00000, 0x00000007feb00000| Complete 
|2028|0x00000007fec00000, 0x00000007fed00000, 0x00000007fed00000|100%| E|CS|TAMS 0x00000007fec00000, 0x00000007fec00000| Complete 
|2029|0x00000007fed00000, 0x00000007fee00000, 0x00000007fee00000|100%| E|CS|TAMS 0x00000007fed00000, 0x00000007fed00000| Complete 
|2030|0x00000007fee00000, 0x00000007fef00000, 0x00000007fef00000|100%| E|CS|TAMS 0x00000007fee00000, 0x00000007fee00000| Complete 
|2031|0x00000007fef00000, 0x00000007ff000000, 0x00000007ff000000|100%| E|CS|TAMS 0x00000007fef00000, 0x00000007fef00000| Complete 
|2032|0x00000007ff000000, 0x00000007ff100000, 0x00000007ff100000|100%| E|CS|TAMS 0x00000007ff000000, 0x00000007ff000000| Complete 
|2033|0x00000007ff100000, 0x00000007ff200000, 0x00000007ff200000|100%| E|CS|TAMS 0x00000007ff100000, 0x00000007ff100000| Complete 
|2034|0x00000007ff200000, 0x00000007ff300000, 0x00000007ff300000|100%| E|CS|TAMS 0x00000007ff200000, 0x00000007ff200000| Complete 
|2035|0x00000007ff300000, 0x00000007ff400000, 0x00000007ff400000|100%| E|CS|TAMS 0x00000007ff300000, 0x00000007ff300000| Complete 
|2036|0x00000007ff400000, 0x00000007ff500000, 0x00000007ff500000|100%| E|CS|TAMS 0x00000007ff400000, 0x00000007ff400000| Complete 
|2037|0x00000007ff500000, 0x00000007ff600000, 0x00000007ff600000|100%| E|CS|TAMS 0x00000007ff500000, 0x00000007ff500000| Complete 
|2038|0x00000007ff600000, 0x00000007ff700000, 0x00000007ff700000|100%| E|CS|TAMS 0x00000007ff600000, 0x00000007ff600000| Complete 
|2039|0x00000007ff700000, 0x00000007ff800000, 0x00000007ff800000|100%| E|CS|TAMS 0x00000007ff700000, 0x00000007ff700000| Complete 
|2040|0x00000007ff800000, 0x00000007ff900000, 0x00000007ff900000|100%| E|CS|TAMS 0x00000007ff800000, 0x00000007ff800000| Complete 
|2041|0x00000007ff900000, 0x00000007ffa00000, 0x00000007ffa00000|100%| E|CS|TAMS 0x00000007ff900000, 0x00000007ff900000| Complete 
|2042|0x00000007ffa00000, 0x00000007ffb00000, 0x00000007ffb00000|100%| E|CS|TAMS 0x00000007ffa00000, 0x00000007ffa00000| Complete 
|2043|0x00000007ffb00000, 0x00000007ffc00000, 0x00000007ffc00000|100%| E|CS|TAMS 0x00000007ffb00000, 0x00000007ffb00000| Complete 
|2044|0x00000007ffc00000, 0x00000007ffc78000, 0x00000007ffd00000| 46%|OA|  |TAMS 0x00000007ffc78000, 0x00000007ffc78000| Untracked 
|2045|0x00000007ffd00000, 0x00000007ffe00000, 0x00000007ffe00000|100%| E|CS|TAMS 0x00000007ffd00000, 0x00000007ffd00000| Complete 
|2046|0x00000007ffe00000, 0x00000007ffe74000, 0x00000007fff00000| 45%|CA|  |TAMS 0x00000007ffe74000, 0x00000007ffe74000| Untracked 
|2047|0x00000007fff00000, 0x0000000800000000, 0x0000000800000000|100%| E|CS|TAMS 0x00000007fff00000, 0x00000007fff00000| Complete 

Card table byte_map: [0x0000000108dd8000,0x00000001091d8000] _byte_map_base: 0x00000001051d8000

Marking Bits (Prev, Next): (CMBitMap*) 0x0000000118008250, (CMBitMap*) 0x0000000118008210
 Prev Bits: [0x000000011a800000, 0x000000011c800000)
 Next Bits: [0x0000000118800000, 0x000000011a800000)

Polling page: 0x0000000104580000

Metaspace:

Usage:
  Non-class:    245.21 MB used.
      Class:     35.54 MB used.
       Both:    280.75 MB used.

Virtual space:
  Non-class space:      320.00 MB reserved,     246.31 MB ( 77%) committed,  5 nodes.
      Class space:        1.00 GB reserved,      36.75 MB (  4%) committed,  1 nodes.
             Both:        1.31 GB reserved,     283.06 MB ( 21%) committed. 

Chunk freelists:
   Non-Class:  25.63 MB
       Class:  11.78 MB
        Both:  37.41 MB

MaxMetaspaceSize: unlimited
CompressedClassSpaceSize: 1.00 GB
Initial GC threshold: 21.00 MB
Current GC threshold: 471.81 MB
CDS: on
MetaspaceReclaimPolicy: balanced
 - commit_granule_bytes: 65536.
 - commit_granule_words: 8192.
 - virtual_space_node_default_size: 8388608.
 - enlarge_chunks_in_place: 1.
 - new_chunks_are_fully_committed: 0.
 - uncommit_free_chunks: 1.
 - use_allocation_guard: 0.
 - handle_deallocations: 1.


Internal statistics:

num_allocs_failed_limit: 33.
num_arena_births: 2854.
num_arena_deaths: 68.
num_vsnodes_births: 6.
num_vsnodes_deaths: 0.
num_space_committed: 5059.
num_space_uncommitted: 535.
num_chunks_returned_to_freelist: 1575.
num_chunks_taken_from_freelist: 16303.
num_chunk_merges: 594.
num_chunk_splits: 11560.
num_chunks_enlarged: 8542.
num_inconsistent_stats: 0.

CodeHeap 'non-profiled nmethods': size=120032Kb used=63331Kb max_used=66873Kb free=56700Kb
 bounds [0x0000000138ac8000, 0x000000013cc28000, 0x0000000140000000]
CodeHeap 'profiled nmethods': size=120016Kb used=109155Kb max_used=120016Kb free=10860Kb
 bounds [0x0000000131000000, 0x0000000138534000, 0x0000000138534000]
CodeHeap 'non-nmethods': size=5712Kb used=1891Kb max_used=2091Kb free=3820Kb
 bounds [0x0000000138534000, 0x00000001387a4000, 0x0000000138ac8000]
 total_blobs=50580 nmethods=49366 adapters=1125
 compilation: enabled
              stopped_count=0, restarted_count=0
 full_count=0

Compilation events (20 events):
Event: 562.217 Thread 0x00000001180a7600 nmethod 83319 0x00000001374aff90 code [0x00000001374b0cc0, 0x00000001374b7938]
Event: 562.217 Thread 0x00000001180a7600 83318       2       com.android.tools.r8.internal.a00::B2 (13 bytes)
Event: 562.218 Thread 0x00000001180a7600 nmethod 83318 0x000000013196c810 code [0x000000013196c9c0, 0x000000013196cb18]
Event: 562.236 Thread 0x00000001180a7000 nmethod 83308 0x000000013ca3dc90 code [0x000000013ca3e080, 0x000000013ca3f110]
Event: 562.236 Thread 0x00000001180a7000 82920       4       com.android.tools.r8.internal.fn::c (284 bytes)
Event: 562.303 Thread 0x00000001180a7000 nmethod 82920 0x000000013b546490 code [0x000000013b546ac0, 0x000000013b549ad0]
Event: 562.303 Thread 0x00000001180a7000 82912 %     4       com.android.tools.r8.internal.xc0::b @ 217 (3604 bytes)
Event: 562.558 Thread 0x00000001180a7600 83320       3       com.android.tools.r8.internal.ce0::a (136 bytes)
Event: 562.575 Thread 0x00000001180a7600 nmethod 83320 0x0000000134038110 code [0x00000001340384c0, 0x0000000134039d18]
Event: 562.702 Thread 0x00000001180a7600 83322       2       com.android.tools.r8.internal.vl1::<init> (7 bytes)
Event: 562.702 Thread 0x00000001180a7600 nmethod 83322 0x000000013168a690 code [0x000000013168a840, 0x000000013168a988]
Event: 562.868 Thread 0x00000001180a7000 nmethod 82912% 0x000000013c4dc310 code [0x000000013c4dd980, 0x000000013c4e80e0]
Event: 562.870 Thread 0x00000001180a7000 82913 %     4       com.android.tools.r8.internal.w31::e @ 30 (1124 bytes)
Event: 563.396 Thread 0x00000001180a7000 nmethod 82913% 0x000000013c078c90 code [0x000000013c079b40, 0x000000013c081280]
Event: 563.397 Thread 0x00000001180a7000 83323       4       com.android.tools.r8.internal.xc0::b (3604 bytes)
Event: 563.574 Thread 0x00000001180a7600 83328       2       com.android.tools.r8.internal.k0::entrySet (5 bytes)
Event: 563.575 Thread 0x00000001180a7600 nmethod 83328 0x0000000131b57c90 code [0x0000000131b57e40, 0x0000000131b57f88]
Event: 563.932 Thread 0x00000001180a7600 83331       2       com.android.tools.r8.internal.y51::indexOf (44 bytes)
Event: 563.933 Thread 0x00000001180a7600 nmethod 83331 0x000000013104f690 code [0x000000013104f880, 0x000000013104fb68]
Event: 564.042 Thread 0x00000001180a7000 nmethod 83323 0x000000013b6a0510 code [0x000000013b6a1bc0, 0x000000013b6abf60]

GC Heap History (20 events):
Event: 556.380 GC heap before
{Heap before GC invocations=317 (full 0):
 garbage-first heap   total 2097152K, used 713449K [0x0000000780000000, 0x0000000800000000)
  region size 1024K, 102 young (104448K), 24 survivors (24576K)
 Metaspace       used 287485K, committed 289856K, reserved 1376256K
  class space    used 36391K, committed 37632K, reserved 1048576K
}
Event: 556.514 GC heap after
{Heap after GC invocations=318 (full 0):
 garbage-first heap   total 2097152K, used 610052K [0x0000000780000000, 0x0000000800000000)
  region size 1024K, 7 young (7168K), 7 survivors (7168K)
 Metaspace       used 287485K, committed 289856K, reserved 1376256K
  class space    used 36391K, committed 37632K, reserved 1048576K
}
Event: 557.317 GC heap before
{Heap before GC invocations=318 (full 0):
 garbage-first heap   total 2097152K, used 1824516K [0x0000000780000000, 0x0000000800000000)
  region size 1024K, 1193 young (1221632K), 7 survivors (7168K)
 Metaspace       used 287485K, committed 289856K, reserved 1376256K
  class space    used 36391K, committed 37632K, reserved 1048576K
}
Event: 557.351 GC heap after
{Heap after GC invocations=319 (full 0):
 garbage-first heap   total 2097152K, used 614401K [0x0000000780000000, 0x0000000800000000)
  region size 1024K, 11 young (11264K), 11 survivors (11264K)
 Metaspace       used 287485K, committed 289856K, reserved 1376256K
  class space    used 36391K, committed 37632K, reserved 1048576K
}
Event: 558.486 GC heap before
{Heap before GC invocations=319 (full 0):
 garbage-first heap   total 2097152K, used 1827841K [0x0000000780000000, 0x0000000800000000)
  region size 1024K, 1199 young (1227776K), 11 survivors (11264K)
 Metaspace       used 287487K, committed 289856K, reserved 1376256K
  class space    used 36391K, committed 37632K, reserved 1048576K
}
Event: 558.572 GC heap after
{Heap after GC invocations=320 (full 0):
 garbage-first heap   total 2097152K, used 630712K [0x0000000780000000, 0x0000000800000000)
  region size 1024K, 29 young (29696K), 29 survivors (29696K)
 Metaspace       used 287487K, committed 289856K, reserved 1376256K
  class space    used 36391K, committed 37632K, reserved 1048576K
}
Event: 559.534 GC heap before
{Heap before GC invocations=321 (full 0):
 garbage-first heap   total 2097152K, used 1821624K [0x0000000780000000, 0x0000000800000000)
  region size 1024K, 1193 young (1221632K), 29 survivors (29696K)
 Metaspace       used 287487K, committed 289856K, reserved 1376256K
  class space    used 36391K, committed 37632K, reserved 1048576K
}
Event: 559.592 GC heap after
{Heap after GC invocations=322 (full 0):
 garbage-first heap   total 2097152K, used 624388K [0x0000000780000000, 0x0000000800000000)
  region size 1024K, 23 young (23552K), 23 survivors (23552K)
 Metaspace       used 287487K, committed 289856K, reserved 1376256K
  class space    used 36391K, committed 37632K, reserved 1048576K
}
Event: 559.637 GC heap before
{Heap before GC invocations=322 (full 0):
 garbage-first heap   total 2097152K, used 704260K [0x0000000780000000, 0x0000000800000000)
  region size 1024K, 102 young (104448K), 23 survivors (23552K)
 Metaspace       used 287487K, committed 289856K, reserved 1376256K
  class space    used 36391K, committed 37632K, reserved 1048576K
}
Event: 559.752 GC heap after
{Heap after GC invocations=323 (full 0):
 garbage-first heap   total 2097152K, used 604990K [0x0000000780000000, 0x0000000800000000)
  region size 1024K, 7 young (7168K), 7 survivors (7168K)
 Metaspace       used 287487K, committed 289856K, reserved 1376256K
  class space    used 36391K, committed 37632K, reserved 1048576K
}
Event: 560.573 GC heap before
{Heap before GC invocations=323 (full 0):
 garbage-first heap   total 2097152K, used 1823550K [0x0000000780000000, 0x0000000800000000)
  region size 1024K, 1198 young (1226752K), 7 survivors (7168K)
 Metaspace       used 287487K, committed 289856K, reserved 1376256K
  class space    used 36391K, committed 37632K, reserved 1048576K
}
Event: 560.659 GC heap after
{Heap after GC invocations=324 (full 0):
 garbage-first heap   total 2097152K, used 619295K [0x0000000780000000, 0x0000000800000000)
  region size 1024K, 21 young (21504K), 21 survivors (21504K)
 Metaspace       used 287487K, committed 289856K, reserved 1376256K
  class space    used 36391K, committed 37632K, reserved 1048576K
}
Event: 561.765 GC heap before
{Heap before GC invocations=324 (full 0):
 garbage-first heap   total 2097152K, used 1822495K [0x0000000780000000, 0x0000000800000000)
  region size 1024K, 1197 young (1225728K), 21 survivors (21504K)
 Metaspace       used 287487K, committed 289856K, reserved 1376256K
  class space    used 36391K, committed 37632K, reserved 1048576K
}
Event: 561.807 GC heap after
{Heap after GC invocations=325 (full 0):
 garbage-first heap   total 2097152K, used 621239K [0x0000000780000000, 0x0000000800000000)
  region size 1024K, 23 young (23552K), 23 survivors (23552K)
 Metaspace       used 287487K, committed 289856K, reserved 1376256K
  class space    used 36391K, committed 37632K, reserved 1048576K
}
Event: 562.890 GC heap before
{Heap before GC invocations=326 (full 0):
 garbage-first heap   total 2097152K, used 1830583K [0x0000000780000000, 0x0000000800000000)
  region size 1024K, 1205 young (1233920K), 23 survivors (23552K)
 Metaspace       used 287487K, committed 289856K, reserved 1376256K
  class space    used 36391K, committed 37632K, reserved 1048576K
}
Event: 562.973 GC heap after
{Heap after GC invocations=327 (full 0):
 garbage-first heap   total 2097152K, used 627000K [0x0000000780000000, 0x0000000800000000)
  region size 1024K, 29 young (29696K), 29 survivors (29696K)
 Metaspace       used 287487K, committed 289856K, reserved 1376256K
  class space    used 36391K, committed 37632K, reserved 1048576K
}
Event: 563.017 GC heap before
{Heap before GC invocations=327 (full 0):
 garbage-first heap   total 2097152K, used 700728K [0x0000000780000000, 0x0000000800000000)
  region size 1024K, 102 young (104448K), 29 survivors (29696K)
 Metaspace       used 287487K, committed 289856K, reserved 1376256K
  class space    used 36391K, committed 37632K, reserved 1048576K
}
Event: 563.109 GC heap after
{Heap after GC invocations=328 (full 0):
 garbage-first heap   total 2097152K, used 605805K [0x0000000780000000, 0x0000000800000000)
  region size 1024K, 8 young (8192K), 8 survivors (8192K)
 Metaspace       used 287487K, committed 289856K, reserved 1376256K
  class space    used 36391K, committed 37632K, reserved 1048576K
}
Event: 563.983 GC heap before
{Heap before GC invocations=328 (full 0):
 garbage-first heap   total 2097152K, used 1832557K [0x0000000780000000, 0x0000000800000000)
  region size 1024K, 1207 young (1235968K), 8 survivors (8192K)
 Metaspace       used 287487K, committed 289856K, reserved 1376256K
  class space    used 36391K, committed 37632K, reserved 1048576K
}
Event: 564.040 GC heap after
{Heap after GC invocations=329 (full 0):
 garbage-first heap   total 2097152K, used 613735K [0x0000000780000000, 0x0000000800000000)
  region size 1024K, 16 young (16384K), 16 survivors (16384K)
 Metaspace       used 287487K, committed 289856K, reserved 1376256K
  class space    used 36391K, committed 37632K, reserved 1048576K
}

Dll operation events (20 events):
Event: 0.084 Loaded shared library /Users/caioferreira/Library/Java/JavaVirtualMachines/jbr-17.0.12/Contents/Home/lib/libnio.dylib
Event: 0.086 Loaded shared library /Users/caioferreira/Library/Java/JavaVirtualMachines/jbr-17.0.12/Contents/Home/lib/libzip.dylib
Event: 0.164 Loaded shared library /Users/caioferreira/Library/Java/JavaVirtualMachines/jbr-17.0.12/Contents/Home/lib/libjimage.dylib
Event: 0.209 Loaded shared library /Users/caioferreira/Library/Java/JavaVirtualMachines/jbr-17.0.12/Contents/Home/lib/libverify.dylib
Event: 0.235 Loaded shared library /Users/caioferreira/Library/Java/JavaVirtualMachines/jbr-17.0.12/Contents/Home/lib/libnet.dylib
Event: 0.239 Loaded shared library /Users/caioferreira/.gradle/native/1def1411415f61bf3af743bc5b6707747c0891f09f0c88961ee8f79bc544acac/osx-aarch64/libnative-platform.dylib
Event: 0.276 Loaded shared library /Users/caioferreira/.gradle/native/0.2.7/aarch64-macos/libgradle-fileevents.dylib
Event: 0.802 Loaded shared library /Users/caioferreira/Library/Java/JavaVirtualMachines/jbr-17.0.12/Contents/Home/lib/libmanagement.dylib
Event: 0.809 Loaded shared library /Users/caioferreira/Library/Java/JavaVirtualMachines/jbr-17.0.12/Contents/Home/lib/libmanagement_ext.dylib
Event: 0.889 Loaded shared library /Users/caioferreira/Library/Java/JavaVirtualMachines/jbr-17.0.12/Contents/Home/lib/libextnet.dylib
Event: 23.031 Loaded shared library /Users/caioferreira/Library/Java/JavaVirtualMachines/jbr-17.0.12/Contents/Home/lib/libawt.dylib
Event: 23.305 Loaded shared library /Users/caioferreira/Library/Java/JavaVirtualMachines/jbr-17.0.12/Contents/Home/lib/libawt_lwawt.dylib
Event: 23.496 Loaded shared library /Users/caioferreira/Library/Java/JavaVirtualMachines/jbr-17.0.12/Contents/Home/lib/libfontmanager.dylib
Event: 49.444 Loaded shared library /private/var/folders/7x/85k5jysd3nsfmn_djpkbnfrc0000gn/T/sqlite-3.41.2.2-88dc6afb-db6d-4f5e-ac27-c7f9a0b27ed8-libsqlitejdbc.jnilib
Event: 107.708 Loaded shared library /Users/caioferreira/Library/Java/JavaVirtualMachines/jbr-17.0.12/Contents/Home/lib/librmi.dylib
Event: 210.427 Loaded shared library /private/var/folders/7x/85k5jysd3nsfmn_djpkbnfrc0000gn/T/sqlite-3.41.2.2-021bd25f-1989-4bfc-a1d0-4c6d114b223c-libsqlitejdbc.jnilib
Event: 226.614 Unloaded shared library "<not available>" [0x000000006c451290]
Event: 246.371 Unloaded shared library "<not available>" [0x000000006c456cb0]
Event: 346.390 Loaded shared library /private/var/folders/7x/85k5jysd3nsfmn_djpkbnfrc0000gn/T/sqlite-3.41.2.2-cff3345b-c04c-43bc-bd73-645823abdb16-libsqlitejdbc.jnilib
Event: 537.637 Unloaded shared library "<not available>" [0x000000006c451290]

Deoptimization events (20 events):
Event: 563.797 Thread 0x000000010fa69600 DEOPT PACKING pc=0x0000000135c8ca84 sp=0x0000000309770260
Event: 563.797 Thread 0x000000010fa69600 DEOPT UNPACKING pc=0x000000013857b77c sp=0x00000003097700e0 mode 0
Event: 563.816 Thread 0x000000010fa69600 DEOPT PACKING pc=0x0000000135c8db88 sp=0x0000000309770260
Event: 563.816 Thread 0x000000010fa69600 DEOPT UNPACKING pc=0x000000013857b77c sp=0x00000003097700e0 mode 0
Event: 563.848 Thread 0x000000011e9a3400 DEOPT PACKING pc=0x0000000135c8cac4 sp=0x000000030914c260
Event: 563.848 Thread 0x000000011e9a3400 DEOPT UNPACKING pc=0x000000013857b77c sp=0x000000030914c0e0 mode 0
Event: 563.880 Thread 0x000000010fa69600 DEOPT PACKING pc=0x0000000135c8ca64 sp=0x0000000309770260
Event: 563.880 Thread 0x000000010fa69600 DEOPT UNPACKING pc=0x000000013857b77c sp=0x00000003097700e0 mode 0
Event: 563.906 Thread 0x000000010fa69600 DEOPT PACKING pc=0x000000013b26d9f8 sp=0x000000030976ff50
Event: 563.906 Thread 0x000000010fa69600 DEOPT UNPACKING pc=0x000000013857b77c sp=0x000000030976fcb0 mode 0
Event: 563.926 Thread 0x000000010fa69600 Uncommon trap: trap_request=0xffffff45 fr.pc=0x0000000138f82cb8 relative=0x0000000000000238
Event: 563.926 Thread 0x000000010fa69600 Uncommon trap: reason=unstable_if action=reinterpret pc=0x0000000138f82cb8 method=com.android.tools.r8.internal.y51.indexOf(Ljava/lang/Object;)I @ 31 c2
Event: 563.926 Thread 0x000000010fa69600 DEOPT PACKING pc=0x0000000138f82cb8 sp=0x00000003097705b0
Event: 563.926 Thread 0x000000010fa69600 DEOPT UNPACKING pc=0x000000013857b91c sp=0x0000000309770550 mode 2
Event: 563.933 Thread 0x000000011e9a3400 DEOPT PACKING pc=0x00000001384d30e8 sp=0x000000030914c230
Event: 563.933 Thread 0x000000011e9a3400 DEOPT UNPACKING pc=0x000000013857b77c sp=0x000000030914c110 mode 0
Event: 563.943 Thread 0x000000012eb09000 DEOPT PACKING pc=0x0000000135c8ca64 sp=0x0000000309358260
Event: 563.943 Thread 0x000000012eb09000 DEOPT UNPACKING pc=0x000000013857b77c sp=0x00000003093580e0 mode 0
Event: 564.043 Thread 0x000000010fa69600 DEOPT PACKING pc=0x0000000135c8db88 sp=0x0000000309770260
Event: 564.043 Thread 0x000000010fa69600 DEOPT UNPACKING pc=0x000000013857b77c sp=0x00000003097700e0 mode 0

Classes loaded (20 events):
Event: 257.663 Loading class java/util/logging/LogRecord
Event: 257.664 Loading class java/util/logging/LogRecord done
Event: 257.907 Loading class java/util/Collections$EmptyListIterator
Event: 257.907 Loading class java/util/Collections$EmptyListIterator done
Event: 257.954 Loading class java/util/Locale$1
Event: 257.954 Loading class java/util/Locale$1 done
Event: 257.959 Loading class java/net/UrlDeserializedState
Event: 257.960 Loading class java/net/UrlDeserializedState done
Event: 257.962 Loading class java/util/concurrent/CompletableFuture$AsyncRun
Event: 257.962 Loading class java/util/concurrent/CompletableFuture$AsyncRun done
Event: 277.223 Loading class jdk/internal/math/FormattedFloatingDecimal$Form
Event: 277.253 Loading class jdk/internal/math/FormattedFloatingDecimal$Form done
Event: 277.269 Loading class jdk/internal/math/FormattedFloatingDecimal
Event: 277.310 Loading class jdk/internal/math/FormattedFloatingDecimal done
Event: 277.316 Loading class jdk/internal/math/FormattedFloatingDecimal$1
Event: 277.320 Loading class jdk/internal/math/FormattedFloatingDecimal$1 done
Event: 277.471 Loading class jdk/internal/math/FormattedFloatingDecimal$2
Event: 277.473 Loading class jdk/internal/math/FormattedFloatingDecimal$2 done
Event: 447.747 Loading class java/rmi/server/Unreferenced
Event: 447.763 Loading class java/rmi/server/Unreferenced done

Classes unloaded (20 events):
Event: 536.703 Thread 0x000000012fe2c680 Unloading class 0x0000007002a8a578 'dagger/hilt/processor/internal/uninstallmodules/KspUninstallModulesProcessor'
Event: 536.703 Thread 0x000000012fe2c680 Unloading class 0x0000007002a8a2b8 'dagger/hilt/processor/internal/KspBaseProcessingStepProcessor'
Event: 536.703 Thread 0x000000012fe2c680 Unloading class 0x0000007002a8a000 'dagger/spi/internal/shaded/androidx/room/compiler/processing/ksp/KspBasicAnnotationProcessor'
Event: 536.703 Thread 0x000000012fe2c680 Unloading class 0x0000007002a88db8 'dagger/spi/internal/shaded/androidx/room/compiler/processing/XBasicAnnotationProcessor'
Event: 536.703 Thread 0x000000012fe2c680 Unloading class 0x0000007002a88b68 'dagger/internal/codegen/KspComponentProcessor$Provider'
Event: 536.703 Thread 0x000000012fe2c680 Unloading class 0x0000007002a88920 'androidx/room/RoomKspProcessor$Provider'
Event: 536.703 Thread 0x000000012fe2c680 Unloading class 0x0000007002a886d8 'androidx/hilt/AndroidXHiltKspProcessor$Provider'
Event: 536.703 Thread 0x000000012fe2c680 Unloading class 0x0000007002a88490 'dagger/hilt/processor/internal/definecomponent/KspDefineComponentProcessor$Provider'
Event: 536.703 Thread 0x000000012fe2c680 Unloading class 0x0000007002a88248 'dagger/hilt/processor/internal/generatesrootinput/KspGeneratesRootInputProcessor$Provider'
Event: 536.703 Thread 0x000000012fe2c680 Unloading class 0x0000007002a88000 'dagger/hilt/processor/internal/originatingelement/KspOriginatingElementProcessor$Provider'
Event: 536.703 Thread 0x000000012fe2c680 Unloading class 0x0000007002a6fdb0 'dagger/hilt/android/processor/internal/bindvalue/KspBindValueProcessor$Provider'
Event: 536.703 Thread 0x000000012fe2c680 Unloading class 0x0000007002a6fb68 'dagger/hilt/processor/internal/earlyentrypoint/KspEarlyEntryPointProcessor$Provider'
Event: 536.703 Thread 0x000000012fe2c680 Unloading class 0x0000007002a6f920 'dagger/hilt/processor/internal/aggregateddeps/KspAggregatedDepsProcessor$Provider'
Event: 536.703 Thread 0x000000012fe2c680 Unloading class 0x0000007002a6f6d8 'dagger/hilt/android/processor/internal/androidentrypoint/KspAndroidEntryPointProcessor$Provider'
Event: 536.703 Thread 0x000000012fe2c680 Unloading class 0x0000007002a6f490 'dagger/hilt/android/processor/internal/viewmodel/KspViewModelProcessor$Provider'
Event: 536.703 Thread 0x000000012fe2c680 Unloading class 0x0000007002a6f248 'dagger/hilt/processor/internal/root/KspRootProcessor$Provider'
Event: 536.703 Thread 0x000000012fe2c680 Unloading class 0x0000007002a6f000 'dagger/hilt/android/processor/internal/customtestapplication/KspCustomTestApplicationProcessor$Provider'
Event: 536.703 Thread 0x000000012fe2c680 Unloading class 0x0000007002a6ec90 'dagger/hilt/processor/internal/root/KspComponentTreeDepsProcessor$Provider'
Event: 536.703 Thread 0x000000012fe2c680 Unloading class 0x0000007002a6ea48 'dagger/hilt/processor/internal/aliasof/KspAliasOfProcessor$Provider'
Event: 536.703 Thread 0x000000012fe2c680 Unloading class 0x0000007002a6e800 'dagger/hilt/processor/internal/uninstallmodules/KspUninstallModulesProcessor$Provider'

Classes redefined (0 events):
No events

Internal exceptions (20 events):
Event: 537.794 Thread 0x000000011e845c00 Exception <a 'sun/nio/fs/UnixException'{0x00000007fac5fd38}> (0x00000007fac5fd38) 
thrown [src/hotspot/share/prims/jni.cpp, line 531]
Event: 537.795 Thread 0x000000011e845c00 Exception <a 'sun/nio/fs/UnixException'{0x00000007fac66c90}> (0x00000007fac66c90) 
thrown [src/hotspot/share/prims/jni.cpp, line 531]
Event: 537.796 Thread 0x000000011e845c00 Exception <a 'sun/nio/fs/UnixException'{0x00000007fac6d708}> (0x00000007fac6d708) 
thrown [src/hotspot/share/prims/jni.cpp, line 531]
Event: 537.796 Thread 0x000000011e845c00 Exception <a 'sun/nio/fs/UnixException'{0x00000007fac76f30}> (0x00000007fac76f30) 
thrown [src/hotspot/share/prims/jni.cpp, line 531]
Event: 537.797 Thread 0x000000011e845c00 Exception <a 'sun/nio/fs/UnixException'{0x00000007fac81508}> (0x00000007fac81508) 
thrown [src/hotspot/share/prims/jni.cpp, line 531]
Event: 537.799 Thread 0x000000011e845c00 Exception <a 'sun/nio/fs/UnixException'{0x00000007fac96ec8}> (0x00000007fac96ec8) 
thrown [src/hotspot/share/prims/jni.cpp, line 531]
Event: 537.800 Thread 0x000000011e845c00 Exception <a 'sun/nio/fs/UnixException'{0x00000007fac9d190}> (0x00000007fac9d190) 
thrown [src/hotspot/share/prims/jni.cpp, line 531]
Event: 537.800 Thread 0x000000011e845c00 Exception <a 'sun/nio/fs/UnixException'{0x00000007faca3980}> (0x00000007faca3980) 
thrown [src/hotspot/share/prims/jni.cpp, line 531]
Event: 537.801 Thread 0x000000011e845c00 Exception <a 'sun/nio/fs/UnixException'{0x00000007faca93e8}> (0x00000007faca93e8) 
thrown [src/hotspot/share/prims/jni.cpp, line 531]
Event: 537.801 Thread 0x000000011e845c00 Exception <a 'sun/nio/fs/UnixException'{0x00000007facaf200}> (0x00000007facaf200) 
thrown [src/hotspot/share/prims/jni.cpp, line 531]
Event: 537.803 Thread 0x000000011e845c00 Exception <a 'sun/nio/fs/UnixException'{0x00000007facb8540}> (0x00000007facb8540) 
thrown [src/hotspot/share/prims/jni.cpp, line 531]
Event: 537.804 Thread 0x000000011e845c00 Exception <a 'sun/nio/fs/UnixException'{0x00000007facbe470}> (0x00000007facbe470) 
thrown [src/hotspot/share/prims/jni.cpp, line 531]
Event: 537.805 Thread 0x000000011e845c00 Exception <a 'sun/nio/fs/UnixException'{0x00000007facc4520}> (0x00000007facc4520) 
thrown [src/hotspot/share/prims/jni.cpp, line 531]
Event: 537.806 Thread 0x000000011e845c00 Exception <a 'sun/nio/fs/UnixException'{0x00000007facca5e0}> (0x00000007facca5e0) 
thrown [src/hotspot/share/prims/jni.cpp, line 531]
Event: 537.807 Thread 0x000000011e845c00 Exception <a 'sun/nio/fs/UnixException'{0x00000007faccfb18}> (0x00000007faccfb18) 
thrown [src/hotspot/share/prims/jni.cpp, line 531]
Event: 537.807 Thread 0x000000011e845c00 Exception <a 'sun/nio/fs/UnixException'{0x00000007facd8a08}> (0x00000007facd8a08) 
thrown [src/hotspot/share/prims/jni.cpp, line 531]
Event: 537.808 Thread 0x000000011e845c00 Exception <a 'sun/nio/fs/UnixException'{0x00000007facde0c8}> (0x00000007facde0c8) 
thrown [src/hotspot/share/prims/jni.cpp, line 531]
Event: 537.810 Thread 0x000000011e845c00 Exception <a 'sun/nio/fs/UnixException'{0x00000007face6cb0}> (0x00000007face6cb0) 
thrown [src/hotspot/share/prims/jni.cpp, line 531]
Event: 537.810 Thread 0x000000011e845c00 Exception <a 'sun/nio/fs/UnixException'{0x00000007face7230}> (0x00000007face7230) 
thrown [src/hotspot/share/prims/jni.cpp, line 531]
Event: 546.773 Thread 0x000000010ef2ee00 Implicit null exception at 0x000000013c07b7e8 to 0x000000013c0802c0

VM Operations (20 events):
Event: 559.637 Executing VM operation: G1CollectForAllocation
Event: 559.752 Executing VM operation: G1CollectForAllocation done
Event: 560.572 Executing VM operation: G1CollectForAllocation
Event: 560.659 Executing VM operation: G1CollectForAllocation done
Event: 561.436 Executing VM operation: G1PauseRemark
Event: 561.544 Executing VM operation: G1PauseRemark done
Event: 561.583 Executing VM operation: HandshakeAllThreads
Event: 561.584 Executing VM operation: HandshakeAllThreads done
Event: 561.741 Executing VM operation: HandshakeAllThreads
Event: 561.741 Executing VM operation: HandshakeAllThreads done
Event: 561.765 Executing VM operation: G1CollectForAllocation
Event: 561.807 Executing VM operation: G1CollectForAllocation done
Event: 562.182 Executing VM operation: G1PauseCleanup
Event: 562.186 Executing VM operation: G1PauseCleanup done
Event: 562.890 Executing VM operation: G1CollectForAllocation
Event: 562.973 Executing VM operation: G1CollectForAllocation done
Event: 563.017 Executing VM operation: G1CollectForAllocation
Event: 563.110 Executing VM operation: G1CollectForAllocation done
Event: 563.979 Executing VM operation: G1CollectForAllocation
Event: 564.040 Executing VM operation: G1CollectForAllocation done

Events (20 events):
Event: 561.850 Thread 0x00000001180afc00 flushing nmethod 0x0000000131f15390
Event: 561.863 Thread 0x00000001180afc00 flushing nmethod 0x000000013277b010
Event: 561.873 Thread 0x00000001180afc00 flushing nmethod 0x0000000132ee8410
Event: 561.874 Thread 0x00000001180afc00 flushing nmethod 0x0000000132f1e710
Event: 561.874 Thread 0x00000001180afc00 flushing nmethod 0x0000000132fe7110
Event: 561.875 Thread 0x00000001180afc00 flushing nmethod 0x00000001330aa210
Event: 561.893 Thread 0x00000001180afc00 flushing nmethod 0x0000000133bc4810
Event: 561.899 Thread 0x00000001180afc00 flushing nmethod 0x00000001340d3790
Event: 561.921 Thread 0x00000001180afc00 flushing nmethod 0x00000001351ae310
Event: 561.959 Thread 0x00000001180afc00 flushing nmethod 0x000000013695bc10
Event: 561.973 Thread 0x00000001180afc00 flushing nmethod 0x0000000137315b10
Event: 561.975 Thread 0x00000001180afc00 flushing nmethod 0x00000001374aff90
Event: 561.979 Thread 0x00000001180afc00 flushing nmethod 0x00000001377cea10
Event: 561.980 Thread 0x00000001180afc00 flushing nmethod 0x00000001377f8a10
Event: 561.991 Thread 0x00000001180afc00 flushing nmethod 0x0000000137f76910
Event: 561.991 Thread 0x00000001180afc00 flushing nmethod 0x000000013801e710
Event: 561.992 Thread 0x00000001180afc00 flushing nmethod 0x0000000138050c10
Event: 561.995 Thread 0x00000001180afc00 flushing nmethod 0x0000000138171990
Event: 562.002 Thread 0x00000001180afc00 flushing nmethod 0x0000000138273b90
Event: 562.015 Thread 0x00000001180afc00 flushing nmethod 0x00000001384fc090


Dynamic libraries:
0x0000000104534000 	/Users/caioferreira/Library/Java/JavaVirtualMachines/jbr-17.0.12/Contents/Home/lib/libjli.dylib
0x00000001af623000 	/System/Library/Frameworks/Cocoa.framework/Versions/A/Cocoa
0x00000001949e7000 	/System/Library/Frameworks/AppKit.framework/Versions/C/AppKit
0x000000019803b000 	/System/Library/Frameworks/CoreData.framework/Versions/A/CoreData
0x0000000191de1000 	/System/Library/Frameworks/Foundation.framework/Versions/C/Foundation
0x000000019fff1000 	/usr/lib/libSystem.B.dylib
0x0000000196114000 	/System/Library/PrivateFrameworks/UIFoundation.framework/Versions/A/UIFoundation
0x0000000249d75000 	/System/Library/PrivateFrameworks/CollectionViewCore.framework/Versions/A/CollectionViewCore
0x000000019d382000 	/System/Library/PrivateFrameworks/XCTTargetBootstrap.framework/Versions/A/XCTTargetBootstrap
0x00000001a2a52000 	/System/Library/PrivateFrameworks/InternationalSupport.framework/Versions/A/InternationalSupport
0x00000001a2dac000 	/System/Library/PrivateFrameworks/UserActivity.framework/Versions/A/UserActivity
0x00000001986cb000 	/System/Library/PrivateFrameworks/BaseBoard.framework/Versions/A/BaseBoard
0x0000000252540000 	/System/Library/PrivateFrameworks/FrontBoard.framework/Versions/A/FrontBoard
0x00000001aa465000 	/System/Library/PrivateFrameworks/FrontBoardServices.framework/Versions/A/FrontBoardServices
0x000000028e47d000 	/usr/lib/libRosetta.dylib
0x0000000281d36000 	/System/Library/PrivateFrameworks/UIIntelligenceSupport.framework/Versions/A/UIIntelligenceSupport
0x000000023ecd2000 	/System/Library/Frameworks/SwiftUICore.framework/Versions/A/SwiftUICore
0x00000002882e6000 	/System/Library/PrivateFrameworks/WritingTools.framework/Versions/A/WritingTools
0x0000000287137000 	/System/Library/PrivateFrameworks/WindowManagement.framework/Versions/A/WindowManagement
0x0000000191a40000 	/System/Library/Frameworks/SystemConfiguration.framework/Versions/A/SystemConfiguration
0x00000001a1c8c000 	/usr/lib/libspindump.dylib
0x00000001962cf000 	/System/Library/Frameworks/UniformTypeIdentifiers.framework/Versions/A/UniformTypeIdentifiers
0x000000019f288000 	/usr/lib/libbsm.0.dylib
0x000000019aa8c000 	/usr/lib/libapp_launch_measurement.dylib
0x0000000199d8e000 	/System/Library/PrivateFrameworks/CoreAnalytics.framework/Versions/A/CoreAnalytics
0x000000019aa90000 	/System/Library/PrivateFrameworks/CoreAutoLayout.framework/Versions/A/CoreAutoLayout
0x000000019c8cd000 	/System/Library/Frameworks/Metal.framework/Versions/A/Metal
0x000000019dcd5000 	/usr/lib/liblangid.dylib
0x000000019d388000 	/System/Library/PrivateFrameworks/CoreSVG.framework/Versions/A/CoreSVG
0x0000000196d30000 	/System/Library/PrivateFrameworks/SkyLight.framework/Versions/A/SkyLight
0x0000000252279000 	/System/Library/PrivateFrameworks/FocusEngine.framework/Versions/A/FocusEngine
0x00000001972d7000 	/System/Library/Frameworks/CoreGraphics.framework/Versions/A/CoreGraphics
0x000000024fe74000 	/System/Library/PrivateFrameworks/DesignLibrary.framework/Versions/A/DesignLibrary
0x00000001a872d000 	/System/Library/Frameworks/Accelerate.framework/Versions/A/Accelerate
0x00000001a1a81000 	/System/Library/PrivateFrameworks/IconServices.framework/Versions/A/IconServices
0x000000019c8a5000 	/System/Library/Frameworks/IOSurface.framework/Versions/A/IOSurface
0x0000000199dbe000 	/usr/lib/libDiagnosticMessagesClient.dylib
0x000000019ff3a000 	/usr/lib/libz.1.dylib
0x00000001aca55000 	/System/Library/Frameworks/ApplicationServices.framework/Versions/A/ApplicationServices
0x000000019d36d000 	/System/Library/PrivateFrameworks/DFRFoundation.framework/Versions/A/DFRFoundation
0x0000000194236000 	/usr/lib/libicucore.A.dylib
0x00000001a3fe9000 	/System/Library/Frameworks/AudioToolbox.framework/Versions/A/AudioToolbox
0x00000001a2d5a000 	/System/Library/PrivateFrameworks/DataDetectorsCore.framework/Versions/A/DataDetectorsCore
0x0000000282945000 	/System/Library/PrivateFrameworks/UpdateCycle.framework/Versions/A/UpdateCycle
0x00000001c0c45000 	/System/Library/PrivateFrameworks/TextInput.framework/Versions/A/TextInput
0x0000000196c72000 	/usr/lib/libMobileGestalt.dylib
0x000000019d069000 	/System/Library/Frameworks/Carbon.framework/Versions/A/Frameworks/HIToolbox.framework/Versions/A/HIToolbox
0x000000019a2f3000 	/System/Library/Frameworks/QuartzCore.framework/Versions/A/QuartzCore
0x0000000193e11000 	/System/Library/Frameworks/Security.framework/Versions/A/Security
0x00000001a80ac000 	/System/Library/Frameworks/Carbon.framework/Versions/A/Frameworks/SpeechRecognition.framework/Versions/A/SpeechRecognition
0x000000019a75b000 	/System/Library/PrivateFrameworks/CoreUI.framework/Versions/A/CoreUI
0x000000019365f000 	/System/Library/Frameworks/CoreAudio.framework/Versions/A/CoreAudio
0x0000000199eb2000 	/System/Library/Frameworks/DiskArbitration.framework/Versions/A/DiskArbitration
0x00000001a222c000 	/System/Library/PrivateFrameworks/MultitouchSupport.framework/Versions/A/MultitouchSupport
0x0000000196c70000 	/usr/lib/libenergytrace.dylib
0x00000001b4131000 	/System/Library/PrivateFrameworks/RenderBox.framework/Versions/A/RenderBox
0x000000019488e000 	/System/Library/Frameworks/IOKit.framework/Versions/A/IOKit
0x00000001a84b6000 	/System/Library/Frameworks/CoreServices.framework/Versions/A/CoreServices
0x000000019aa1d000 	/System/Library/PrivateFrameworks/PerformanceAnalysis.framework/Versions/A/PerformanceAnalysis
0x00000002346bc000 	/System/Library/Frameworks/OpenGL.framework/Versions/A/OpenGL
0x000000019aada000 	/usr/lib/libxml2.2.dylib
0x000000019f169000 	/System/Library/PrivateFrameworks/MobileKeyBag.framework/Versions/A/MobileKeyBag
0x00000001900f8000 	/usr/lib/libobjc.A.dylib
0x000000019045e000 	/usr/lib/libc++.1.dylib
0x00000001a8433000 	/System/Library/Frameworks/Accessibility.framework/Versions/A/Accessibility
0x0000000197a31000 	/System/Library/Frameworks/ColorSync.framework/Versions/A/ColorSync
0x000000019058f000 	/System/Library/Frameworks/CoreFoundation.framework/Versions/A/CoreFoundation
0x000000019d715000 	/System/Library/Frameworks/CoreImage.framework/Versions/A/CoreImage
0x0000000193432000 	/System/Library/Frameworks/CoreText.framework/Versions/A/CoreText
0x0000000235fc6000 	/System/Library/Frameworks/CoreTransferable.framework/Versions/A/CoreTransferable
0x0000000236502000 	/System/Library/Frameworks/DataDetection.framework/Versions/A/DataDetection
0x0000000236517000 	/System/Library/Frameworks/DeveloperToolsSupport.framework/Versions/A/DeveloperToolsSupport
0x000000019d3c6000 	/System/Library/Frameworks/ImageIO.framework/Versions/A/ImageIO
0x000000023fc48000 	/System/Library/Frameworks/Symbols.framework/Versions/A/Symbols
0x00000001c5e6a000 	/System/Library/PrivateFrameworks/AttributeGraph.framework/Versions/A/AttributeGraph
0x00000001aa544000 	/System/Library/PrivateFrameworks/BoardServices.framework/Versions/A/BoardServices
0x00000001ea626000 	/System/Library/PrivateFrameworks/FeatureFlags.framework/Versions/A/FeatureFlags
0x000000025b4b9000 	/System/Library/PrivateFrameworks/Gestures.framework/Versions/A/Gestures
0x000000019fff6000 	/System/Library/PrivateFrameworks/SoftLinking.framework/Versions/A/SoftLinking
0x00000001d470b000 	/usr/lib/swift/libswiftAccelerate.dylib
0x00000001cab85000 	/usr/lib/swift/libswiftCompression.dylib
0x00000001a3951000 	/usr/lib/swift/libswiftCore.dylib
0x00000001bcf1b000 	/usr/lib/swift/libswiftCoreFoundation.dylib
0x00000001bcf74000 	/usr/lib/swift/libswiftCoreImage.dylib
0x00000001aa1e0000 	/usr/lib/swift/libswiftDispatch.dylib
0x00000001bcf75000 	/usr/lib/swift/libswiftIOKit.dylib
0x00000001cab78000 	/usr/lib/swift/libswiftMetal.dylib
0x00000001d9efa000 	/usr/lib/swift/libswiftOSLog.dylib
0x00000001ad0a6000 	/usr/lib/swift/libswiftObjectiveC.dylib
0x000000028f6bb000 	/usr/lib/swift/libswiftObservation.dylib
0x00000001cfe91000 	/usr/lib/swift/libswiftQuartzCore.dylib
0x000000028f7fa000 	/usr/lib/swift/libswiftSynchronization.dylib
0x00000001d46fc000 	/usr/lib/swift/libswiftUniformTypeIdentifiers.dylib
0x00000001bcf2d000 	/usr/lib/swift/libswiftXPC.dylib
0x000000028f834000 	/usr/lib/swift/libswift_Builtin_float.dylib
0x000000028f837000 	/usr/lib/swift/libswift_Concurrency.dylib
0x00000001ad0aa000 	/usr/lib/swift/libswiftos.dylib
0x00000001c09d5000 	/usr/lib/swift/libswiftsimd.dylib
0x00000001a021d000 	/usr/lib/libcompression.dylib
0x00000001a29b2000 	/System/Library/PrivateFrameworks/TextureIO.framework/Versions/A/TextureIO
0x0000000197bdd000 	/System/Library/Frameworks/ApplicationServices.framework/Versions/A/Frameworks/HIServices.framework/Versions/A/HIServices
0x00000001a170a000 	/usr/lib/libate.dylib
0x000000019ffeb000 	/usr/lib/system/libcache.dylib
0x000000019ffa6000 	/usr/lib/system/libcommonCrypto.dylib
0x000000019ffd1000 	/usr/lib/system/libcompiler_rt.dylib
0x000000019ffc6000 	/usr/lib/system/libcopyfile.dylib
0x0000000190298000 	/usr/lib/system/libcorecrypto.dylib
0x0000000190391000 	/usr/lib/system/libdispatch.dylib
0x000000019014c000 	/usr/lib/system/libdyld.dylib
0x000000019ffe1000 	/usr/lib/system/libkeymgr.dylib
0x000000019ff89000 	/usr/lib/system/libmacho.dylib
0x000000019f260000 	/usr/lib/system/libquarantine.dylib
0x000000019ffde000 	/usr/lib/system/libremovefile.dylib
0x0000000196cf3000 	/usr/lib/system/libsystem_asl.dylib
0x000000019021d000 	/usr/lib/system/libsystem_blocks.dylib
0x00000001903db000 	/usr/lib/system/libsystem_c.dylib
0x000000019ffd5000 	/usr/lib/system/libsystem_collections.dylib
0x000000019dcc2000 	/usr/lib/system/libsystem_configuration.dylib
0x000000019c86c000 	/usr/lib/system/libsystem_containermanager.dylib
0x000000019f9f0000 	/usr/lib/system/libsystem_coreservices.dylib
0x0000000194508000 	/usr/lib/system/libsystem_darwin.dylib
0x000000028fb8a000 	/usr/lib/system/libsystem_darwindirectory.dylib
0x000000019ffe2000 	/usr/lib/system/libsystem_dnssd.dylib
0x000000028fb8e000 	/usr/lib/system/libsystem_eligibility.dylib
0x00000001903d8000 	/usr/lib/system/libsystem_featureflags.dylib
0x000000019055f000 	/usr/lib/system/libsystem_info.dylib
0x000000019ff4a000 	/usr/lib/system/libsystem_m.dylib
0x0000000190345000 	/usr/lib/system/libsystem_malloc.dylib
0x0000000196c55000 	/usr/lib/system/libsystem_networkextension.dylib
0x0000000194979000 	/usr/lib/system/libsystem_notify.dylib
0x000000019dcc7000 	/usr/lib/system/libsystem_sandbox.dylib
0x000000028fb98000 	/usr/lib/system/libsystem_sanitizers.dylib
0x000000019ffda000 	/usr/lib/system/libsystem_secinit.dylib
0x000000019050c000 	/usr/lib/system/libsystem_kernel.dylib
0x0000000190556000 	/usr/lib/system/libsystem_platform.dylib
0x0000000190549000 	/usr/lib/system/libsystem_pthread.dylib
0x00000001988af000 	/usr/lib/system/libsystem_symptoms.dylib
0x0000000190277000 	/usr/lib/system/libsystem_trace.dylib
0x000000028fba0000 	/usr/lib/system/libsystem_trial.dylib
0x000000019ffb4000 	/usr/lib/system/libunwind.dylib
0x0000000190221000 	/usr/lib/system/libxpc.dylib
0x00000001904f1000 	/usr/lib/libc++abi.dylib
0x000000028f3cb000 	/usr/lib/libswiftPrespecialized.dylib
0x000000019fff3000 	/usr/lib/libfakelink.dylib
0x0000000196899000 	/System/Library/Frameworks/CFNetwork.framework/Versions/A/CFNetwork
0x00000001a0047000 	/usr/lib/libarchive.2.dylib
0x00000001a61c1000 	/System/Library/Frameworks/Combine.framework/Versions/A/Combine
0x0000000249d9a000 	/System/Library/PrivateFrameworks/CollectionsInternal.framework/Versions/A/CollectionsInternal
0x0000000270edf000 	/System/Library/PrivateFrameworks/ReflectionInternal.framework/Versions/A/ReflectionInternal
0x0000000271d6b000 	/System/Library/PrivateFrameworks/RuntimeInternal.framework/Versions/A/RuntimeInternal
0x00000001b9dc5000 	/usr/lib/swift/libswiftDarwin.dylib
0x000000028f802000 	/usr/lib/swift/libswiftSystem.dylib
0x000000028f8c1000 	/usr/lib/swift/libswift_DarwinFoundation1.dylib
0x000000028f9a2000 	/usr/lib/swift/libswift_StringProcessing.dylib
0x000000019480d000 	/System/Library/PrivateFrameworks/CoreServicesInternal.framework/Versions/A/CoreServicesInternal
0x000000019ffbe000 	/usr/lib/liboah.dylib
0x00000001ac4f3000 	/System/Library/PrivateFrameworks/DiskImages.framework/Versions/A/DiskImages
0x00000001b9887000 	/System/Library/Frameworks/NetFS.framework/Versions/A/NetFS
0x000000019aa54000 	/System/Library/Frameworks/CoreServices.framework/Versions/A/Frameworks/FSEvents.framework/Versions/A/FSEvents
0x0000000194513000 	/System/Library/Frameworks/CoreServices.framework/Versions/A/Frameworks/CarbonCore.framework/Versions/A/CarbonCore
0x0000000199e26000 	/System/Library/Frameworks/CoreServices.framework/Versions/A/Frameworks/Metadata.framework/Versions/A/Metadata
0x000000019f9f8000 	/System/Library/Frameworks/CoreServices.framework/Versions/A/Frameworks/OSServices.framework/Versions/A/OSServices
0x00000001a013f000 	/System/Library/Frameworks/CoreServices.framework/Versions/A/Frameworks/SearchKit.framework/Versions/A/SearchKit
0x0000000198828000 	/System/Library/Frameworks/CoreServices.framework/Versions/A/Frameworks/AE.framework/Versions/A/AE
0x0000000190ad9000 	/System/Library/Frameworks/CoreServices.framework/Versions/A/Frameworks/LaunchServices.framework/Versions/A/LaunchServices
0x00000001a1560000 	/System/Library/Frameworks/CoreServices.framework/Versions/A/Frameworks/DictionaryServices.framework/Versions/A/DictionaryServices
0x000000019aa62000 	/System/Library/Frameworks/CoreServices.framework/Versions/A/Frameworks/SharedFileList.framework/Versions/A/SharedFileList
0x00000001a01d4000 	/usr/lib/libapple_nghttp2.dylib
0x0000000198442000 	/usr/lib/libsqlite3.dylib
0x00000001ac73b000 	/System/Library/PrivateFrameworks/AppSupport.framework/Versions/A/AppSupport
0x00000001a4683000 	/System/Library/Frameworks/GSS.framework/Versions/A/GSS
0x00000001987bc000 	/System/Library/PrivateFrameworks/RunningBoardServices.framework/Versions/A/RunningBoardServices
0x00000001ad034000 	/System/Library/PrivateFrameworks/StreamingZip.framework/Versions/A/StreamingZip
0x00000001988b8000 	/System/Library/Frameworks/Network.framework/Versions/A/Network
0x000000019ff8d000 	/usr/lib/system/libkxld.dylib
0x0000000245639000 	/System/Library/PrivateFrameworks/AppleKeyStore.framework/Versions/A/AppleKeyStore
0x000000028e160000 	/usr/lib/libCoreEntitlements.dylib
0x0000000266de8000 	/System/Library/PrivateFrameworks/MessageSecurity.framework/Versions/A/MessageSecurity
0x0000000198426000 	/System/Library/PrivateFrameworks/ProtocolBuffer.framework/Versions/A/ProtocolBuffer
0x00000001a95e1000 	/System/Library/PrivateFrameworks/SymptomDiagnosticReporter.framework/Versions/A/SymptomDiagnosticReporter
0x00000001a17a4000 	/System/Library/PrivateFrameworks/CrashReporterSupport.framework/Versions/A/CrashReporterSupport
0x000000019f9d7000 	/System/Library/PrivateFrameworks/AppleFSCompression.framework/Versions/A/AppleFSCompression
0x000000019f270000 	/usr/lib/libcoretls.dylib
0x00000001a15d7000 	/usr/lib/libcoretls_cfhelpers.dylib
0x00000001a0216000 	/usr/lib/libpam.2.dylib
0x00000001a1649000 	/usr/lib/libxar.1.dylib
0x00000001a15d9000 	/System/Library/PrivateFrameworks/APFS.framework/Versions/A/APFS
0x000000027c7f1000 	/System/Library/PrivateFrameworks/SwiftASN1Internal.framework/Versions/A/SwiftASN1Internal
0x00000001a1658000 	/usr/lib/libutil.dylib
0x000000019dcd0000 	/System/Library/PrivateFrameworks/AppleSystemInfo.framework/Versions/A/AppleSystemInfo
0x000000019ef58000 	/System/Library/PrivateFrameworks/IOMobileFramebuffer.framework/Versions/A/IOMobileFramebuffer
0x00000001bcde1000 	/System/Library/PrivateFrameworks/LoggingSupport.framework/Versions/A/LoggingSupport
0x00000001a46e6000 	/System/Library/PrivateFrameworks/MobileAsset.framework/Versions/A/MobileAsset
0x00000001a95f1000 	/System/Library/PrivateFrameworks/PowerLog.framework/Versions/A/PowerLog
0x000000023eb64000 	/System/Library/Frameworks/SwiftData.framework/Versions/A/SwiftData
0x000000019ac87000 	/System/Library/PrivateFrameworks/UserManagement.framework/Versions/A/UserManagement
0x00000001967c4000 	/usr/lib/libboringssl.dylib
0x000000019889d000 	/usr/lib/libdns_services.dylib
0x00000001bbe1b000 	/usr/lib/libquic.dylib
0x00000001a38e1000 	/usr/lib/libusrtcp.dylib
0x000000024642b000 	/System/Library/PrivateFrameworks/AtomicsInternal.framework/Versions/A/AtomicsInternal
0x00000001e2786000 	/System/Library/PrivateFrameworks/InternalSwiftProtobuf.framework/Versions/A/InternalSwiftProtobuf
0x000000028f692000 	/usr/lib/swift/libswiftDistributed.dylib
0x000000019dcce000 	/System/Library/PrivateFrameworks/AggregateDictionary.framework/Versions/A/AggregateDictionary
0x0000000246bbe000 	/System/Library/PrivateFrameworks/BiomeLibrary.framework/Versions/A/BiomeLibrary
0x00000001cbb98000 	/System/Library/PrivateFrameworks/BiomeStreams.framework/Versions/A/BiomeStreams
0x00000001c7d63000 	/System/Library/PrivateFrameworks/BiomeFoundation.framework/Versions/A/BiomeFoundation
0x00000001d1c56000 	/System/Library/PrivateFrameworks/BiomePubSub.framework/Versions/A/BiomePubSub
0x00000001ae05e000 	/System/Library/PrivateFrameworks/ProactiveSupport.framework/Versions/A/ProactiveSupport
0x00000001a15b8000 	/usr/lib/liblzma.5.dylib
0x00000001aca56000 	/System/Library/PrivateFrameworks/InternationalTextSearch.framework/Versions/A/InternationalTextSearch
0x00000001c4267000 	/System/Library/PrivateFrameworks/SoftwareUpdateCoreSupport.framework/Versions/A/SoftwareUpdateCoreSupport
0x00000001cc61c000 	/System/Library/PrivateFrameworks/SoftwareUpdateCoreConnect.framework/Versions/A/SoftwareUpdateCoreConnect
0x00000001ac5f1000 	/System/Library/PrivateFrameworks/RemoteServiceDiscovery.framework/Versions/A/RemoteServiceDiscovery
0x00000001c3e5e000 	/System/Library/PrivateFrameworks/MSUDataAccessor.framework/Versions/A/MSUDataAccessor
0x00000001bef3d000 	/usr/lib/libbootpolicy.dylib
0x00000001ac608000 	/System/Library/PrivateFrameworks/RemoteXPC.framework/Versions/A/RemoteXPC
0x00000001cba64000 	/usr/lib/libFDR.dylib
0x00000001d1877000 	/usr/lib/libamsupport.dylib
0x000000028e475000 	/usr/lib/libReverseProxyDevice.dylib
0x0000000244f62000 	/System/Library/PrivateFrameworks/AppleDeviceQuerySupport.framework/Versions/A/AppleDeviceQuerySupport
0x00000001d490b000 	/usr/lib/libpartition2_dynamic.dylib
0x00000001a01b0000 	/System/Library/PrivateFrameworks/AppleSauce.framework/Versions/A/AppleSauce
0x000000028e001000 	/usr/lib/libAppleArchive.dylib
0x000000019f9e3000 	/usr/lib/libbz2.1.0.dylib
0x0000000199ebc000 	/System/Library/Frameworks/Accelerate.framework/Versions/A/Frameworks/vImage.framework/Versions/A/vImage
0x00000001a8490000 	/System/Library/Frameworks/Accelerate.framework/Versions/A/Frameworks/vecLib.framework/Versions/A/vecLib
0x00000001a168f000 	/System/Library/Frameworks/Accelerate.framework/Versions/A/Frameworks/vecLib.framework/Versions/A/libvMisc.dylib
0x0000000190fd9000 	/System/Library/Frameworks/Accelerate.framework/Versions/A/Frameworks/vecLib.framework/Versions/A/libBLAS.dylib
0x000000019abc1000 	/System/Library/Frameworks/CoreVideo.framework/Versions/A/CoreVideo
0x00000001a428a000 	/System/Library/Frameworks/ApplicationServices.framework/Versions/A/Frameworks/ATS.framework/Versions/A/ATS
0x00000001a293b000 	/System/Library/Frameworks/ApplicationServices.framework/Versions/A/Frameworks/PrintCore.framework/Versions/A/PrintCore
0x00000001a464c000 	/System/Library/Frameworks/ApplicationServices.framework/Versions/A/Frameworks/QD.framework/Versions/A/QD
0x00000001a4647000 	/System/Library/Frameworks/ApplicationServices.framework/Versions/A/Frameworks/ColorSyncLegacy.framework/Versions/A/ColorSyncLegacy
0x00000001a425c000 	/System/Library/Frameworks/ApplicationServices.framework/Versions/A/Frameworks/SpeechSynthesis.framework/Versions/A/SpeechSynthesis
0x000000019cd97000 	/System/Library/PrivateFrameworks/FontServices.framework/libFontParser.dylib
0x00000001ac317000 	/System/Library/PrivateFrameworks/BackBoardServices.framework/Versions/A/BackBoardServices
0x0000000246ad7000 	/System/Library/PrivateFrameworks/BackBoardHIDEventFoundation.framework/Versions/A/BackBoardHIDEventFoundation
0x0000000192f43000 	/System/Library/Frameworks/CoreDisplay.framework/Versions/A/CoreDisplay
0x00000001a2272000 	/System/Library/Frameworks/VideoToolbox.framework/Versions/A/VideoToolbox
0x00000001a0214000 	/System/Library/Frameworks/MetalPerformanceShaders.framework/Versions/A/MetalPerformanceShaders
0x000000026ff82000 	/System/Library/PrivateFrameworks/ProDisplayLibrary.framework/Versions/A/ProDisplayLibrary
0x00000001b00f5000 	/System/Library/PrivateFrameworks/IOSurfaceAccelerator.framework/Versions/A/IOSurfaceAccelerator
0x000000019c8c2000 	/System/Library/PrivateFrameworks/IOAccelerator.framework/Versions/A/IOAccelerator
0x000000019cbda000 	/System/Library/Frameworks/CoreMedia.framework/Versions/A/CoreMedia
0x0000000196d0b000 	/System/Library/PrivateFrameworks/TCC.framework/Versions/A/TCC
0x00000001a222a000 	/System/Library/PrivateFrameworks/WatchdogClient.framework/Versions/A/WatchdogClient
0x00000001d1cb4000 	/System/Library/PrivateFrameworks/BiomeStorage.framework/Versions/A/BiomeStorage
0x0000000261448000 	/System/Library/PrivateFrameworks/IntelligencePlatformLibrary.framework/Versions/A/IntelligencePlatformLibrary
0x000000026f281000 	/System/Library/PrivateFrameworks/PoirotSchematizer.framework/Versions/A/PoirotSchematizer
0x0000000247406000 	/System/Library/PrivateFrameworks/BiomeSync.framework/Versions/A/BiomeSync
0x0000000246ba4000 	/System/Library/PrivateFrameworks/BiomeDSL.framework/Versions/A/BiomeDSL
0x000000026f2eb000 	/System/Library/PrivateFrameworks/PoirotUDFs.framework/Versions/A/PoirotUDFs
0x000000026f250000 	/System/Library/PrivateFrameworks/PoirotSQLite.framework/Versions/A/PoirotSQLite
0x00000001aaa61000 	/System/Library/PrivateFrameworks/CoreTime.framework/Versions/A/CoreTime
0x00000001a002c000 	/usr/lib/libiconv.2.dylib
0x000000019ff88000 	/usr/lib/libcharset.1.dylib
0x000000028f902000 	/usr/lib/swift/libswift_RegexParser.dylib
0x0000000248a14000 	/System/Library/PrivateFrameworks/CascadeSets.framework/Versions/A/CascadeSets
0x00000001a4856000 	/System/Library/PrivateFrameworks/CorePhoneNumbers.framework/Versions/A/CorePhoneNumbers
0x00000001a2012000 	/System/Library/PrivateFrameworks/AppleJPEG.framework/Versions/A/AppleJPEG
0x00000001a19fc000 	/usr/lib/libexpat.1.dylib
0x00000001a280e000 	/System/Library/Frameworks/ImageIO.framework/Versions/A/Resources/libPng.dylib
0x00000001a283a000 	/System/Library/Frameworks/ImageIO.framework/Versions/A/Resources/libTIFF.dylib
0x00000001a2924000 	/System/Library/Frameworks/ImageIO.framework/Versions/A/Resources/libGIF.dylib
0x00000001a2057000 	/System/Library/Frameworks/ImageIO.framework/Versions/A/Resources/libJP2.dylib
0x00000001a28ca000 	/System/Library/Frameworks/ImageIO.framework/Versions/A/Resources/libJPEG.dylib
0x00000001a28c1000 	/System/Library/Frameworks/ImageIO.framework/Versions/A/Resources/libRadiance.dylib
0x0000000257c27000 	/System/Library/PrivateFrameworks/GPUCompiler.framework/Versions/32023/Libraries/libllvm-flatbuffers.dylib
0x0000000252533000 	/System/Library/PrivateFrameworks/FramePacing.framework/Versions/A/FramePacing
0x00000002346ae000 	/System/Library/Frameworks/OpenGL.framework/Versions/A/Libraries/libCoreFSCache.dylib
0x0000000253674000 	/System/Library/PrivateFrameworks/GPUCompiler.framework/Versions/32023/Libraries/libGPUCompilerUtils.dylib
0x00000001aa611000 	/System/Library/PrivateFrameworks/GraphicsServices.framework/Versions/A/GraphicsServices
0x00000001ae1ea000 	/System/Library/PrivateFrameworks/ASEProcessing.framework/Versions/A/ASEProcessing
0x00000001ddf55000 	/System/Library/PrivateFrameworks/Symbolication.framework/Versions/A/Symbolication
0x000000026ee6d000 	/System/Library/PrivateFrameworks/PhotosensitivityProcessing.framework/Versions/A/PhotosensitivityProcessing
0x00000001a1c2e000 	/System/Library/PrivateFrameworks/GraphVisualizer.framework/Versions/A/GraphVisualizer
0x000000023470d000 	/System/Library/Frameworks/OpenGL.framework/Versions/A/Libraries/libGLU.dylib
0x00000002346d0000 	/System/Library/Frameworks/OpenGL.framework/Versions/A/Libraries/libGFXShared.dylib
0x000000023489c000 	/System/Library/Frameworks/OpenGL.framework/Versions/A/Libraries/libGL.dylib
0x00000002346d9000 	/System/Library/Frameworks/OpenGL.framework/Versions/A/Libraries/libGLImage.dylib
0x00000002346cd000 	/System/Library/Frameworks/OpenGL.framework/Versions/A/Libraries/libCVMSPluginSupport.dylib
0x00000002346b6000 	/System/Library/Frameworks/OpenGL.framework/Versions/A/Libraries/libCoreVMClient.dylib
0x000000025243e000 	/System/Library/PrivateFrameworks/FontServices.framework/Versions/A/FontServices
0x00000001a1c3e000 	/System/Library/PrivateFrameworks/OTSVG.framework/Versions/A/OTSVG
0x000000019a708000 	/System/Library/Frameworks/ApplicationServices.framework/Versions/A/Frameworks/ATS.framework/Versions/A/Resources/libFontRegistry.dylib
0x000000028e985000 	/usr/lib/libhvf.dylib
0x000000026bca5000 	/System/Library/PrivateFrameworks/ParsingInternal.framework/Versions/A/ParsingInternal
0x0000000252442000 	/System/Library/PrivateFrameworks/FontServices.framework/libXTFontStaticRegistryData.dylib
0x000000019dc0d000 	/System/Library/Frameworks/MetalPerformanceShaders.framework/Versions/A/Frameworks/MPSCore.framework/Versions/A/MPSCore
0x000000019f942000 	/System/Library/Frameworks/MetalPerformanceShaders.framework/Versions/A/Frameworks/MPSImage.framework/Versions/A/MPSImage
0x000000019f313000 	/System/Library/Frameworks/MetalPerformanceShaders.framework/Versions/A/Frameworks/MPSNeuralNetwork.framework/Versions/A/MPSNeuralNetwork
0x000000019f74b000 	/System/Library/Frameworks/MetalPerformanceShaders.framework/Versions/A/Frameworks/MPSMatrix.framework/Versions/A/MPSMatrix
0x000000019f560000 	/System/Library/Frameworks/MetalPerformanceShaders.framework/Versions/A/Frameworks/MPSRayIntersector.framework/Versions/A/MPSRayIntersector
0x000000019f77d000 	/System/Library/Frameworks/MetalPerformanceShaders.framework/Versions/A/Frameworks/MPSNDArray.framework/Versions/A/MPSNDArray
0x0000000238845000 	/System/Library/Frameworks/MetalPerformanceShaders.framework/Versions/A/Frameworks/MPSFunctions.framework/Versions/A/MPSFunctions
0x0000000238826000 	/System/Library/Frameworks/MetalPerformanceShaders.framework/Versions/A/Frameworks/MPSBenchmarkLoop.framework/Versions/A/MPSBenchmarkLoop
0x000000023885a000 	/System/Library/Frameworks/MetalPerformanceShaders.framework/Versions/A/Frameworks/MPSHost.framework/Versions/A/MPSHost
0x0000000190df5000 	/System/Library/PrivateFrameworks/MetalTools.framework/Versions/A/MetalTools
0x00000001c2081000 	/System/Library/PrivateFrameworks/IOAccelMemoryInfo.framework/Versions/A/IOAccelMemoryInfo
0x00000001d0287000 	/System/Library/PrivateFrameworks/kperf.framework/Versions/A/kperf
0x00000001bcef7000 	/System/Library/PrivateFrameworks/GPURawCounter.framework/Versions/A/GPURawCounter
0x00000001aa94a000 	/System/Library/PrivateFrameworks/CoreSymbolication.framework/Versions/A/CoreSymbolication
0x00000001bce6e000 	/System/Library/PrivateFrameworks/MallocStackLogging.framework/Versions/A/MallocStackLogging
0x00000001aa927000 	/System/Library/PrivateFrameworks/DebugSymbols.framework/Versions/A/DebugSymbols
0x00000001ceaed000 	/System/Library/PrivateFrameworks/OSAnalytics.framework/Versions/A/OSAnalytics
0x000000025032b000 	/System/Library/PrivateFrameworks/DeviceRecovery.framework/Versions/A/DeviceRecovery
0x000000023665c000 	/System/Library/Frameworks/ExtensionFoundation.framework/Versions/A/ExtensionFoundation
0x00000001a1c7f000 	/System/Library/PrivateFrameworks/AppServerSupport.framework/Versions/A/AppServerSupport
0x00000002379c4000 	/System/Library/Frameworks/LightweightCodeRequirements.framework/Versions/A/LightweightCodeRequirements
0x00000001a18fb000 	/System/Library/PrivateFrameworks/PlugInKit.framework/Versions/A/PlugInKit
0x000000019f181000 	/System/Library/PrivateFrameworks/AssertionServices.framework/Versions/A/AssertionServices
0x00000001a1a21000 	/System/Library/PrivateFrameworks/IconFoundation.framework/Versions/A/IconFoundation
0x000000025e34a000 	/System/Library/PrivateFrameworks/IconRendering.framework/Versions/A/IconRendering
0x0000000271f1c000 	/System/Library/PrivateFrameworks/SFSymbols.framework/Versions/A/SFSymbols
0x0000000193067000 	/System/Library/PrivateFrameworks/AudioToolboxCore.framework/Versions/A/AudioToolboxCore
0x00000001a41c4000 	/System/Library/PrivateFrameworks/AudioSession.framework/Versions/A/AudioSession
0x00000001af436000 	/System/Library/Frameworks/CoreMIDI.framework/Versions/A/CoreMIDI
0x00000001a4243000 	/usr/lib/libAudioStatistics.dylib
0x000000019cbb1000 	/System/Library/PrivateFrameworks/caulk.framework/Versions/A/caulk
0x00000001a27e8000 	/usr/lib/libAudioToolboxUtility.dylib
0x00000001bcefb000 	/usr/lib/swift/libswiftCoreAudio.dylib
0x00000001c36a7000 	/usr/lib/swift/libswiftCoreMIDI.dylib
0x00000001a4655000 	/System/Library/PrivateFrameworks/perfdata.framework/Versions/A/perfdata
0x00000001bbf18000 	/System/Library/PrivateFrameworks/SystemPolicy.framework/Versions/A/SystemPolicy
0x00000001a44fa000 	/usr/lib/libSMC.dylib
0x00000001a4663000 	/usr/lib/libperfcheck.dylib
0x00000002464eb000 	/System/Library/PrivateFrameworks/AudioAnalytics.framework/Versions/A/AudioAnalytics
0x000000028f8c5000 	/usr/lib/swift/libswift_DarwinFoundation2.dylib
0x000000028f8c6000 	/usr/lib/swift/libswift_DarwinFoundation3.dylib
0x00000001e2483000 	/System/Library/Frameworks/OSLog.framework/Versions/A/OSLog
0x00000001bcea0000 	/usr/lib/libmis.dylib
0x00000001a1b3f000 	/System/Library/PrivateFrameworks/MediaExperience.framework/Versions/A/MediaExperience
0x00000001a3f92000 	/System/Library/PrivateFrameworks/AudioSession.framework/libSessionUtility.dylib
0x00000001a292a000 	/System/Library/PrivateFrameworks/CMCaptureCore.framework/Versions/A/CMCaptureCore
0x00000001a94db000 	/System/Library/Frameworks/CoreBluetooth.framework/Versions/A/CoreBluetooth
0x000000019efed000 	/System/Library/PrivateFrameworks/CoreUtils.framework/Versions/A/CoreUtils
0x00000001b4e58000 	/System/Library/PrivateFrameworks/HID.framework/Versions/A/HID
0x000000024f728000 	/System/Library/PrivateFrameworks/CoreUtilsExtras.framework/Versions/A/CoreUtilsExtras
0x000000025e29f000 	/System/Library/PrivateFrameworks/IO80211.framework/Versions/A/IO80211
0x00000001a5f14000 	/System/Library/Frameworks/IOBluetooth.framework/Versions/A/IOBluetooth
0x00000002460d9000 	/System/Library/PrivateFrameworks/ArgumentParserInternal.framework/Versions/A/ArgumentParserInternal
0x00000001a179b000 	/usr/lib/libIOReport.dylib
0x000000019f190000 	/System/Library/Frameworks/SecurityFoundation.framework/Versions/A/SecurityFoundation
0x00000001917b8000 	/System/Library/PrivateFrameworks/Lexicon.framework/Versions/A/Lexicon
0x000000019f2fb000 	/usr/lib/libgermantok.dylib
0x000000019ddf9000 	/System/Library/PrivateFrameworks/LinguisticData.framework/Versions/A/LinguisticData
0x00000001a96e3000 	/System/Library/PrivateFrameworks/MediaKit.framework/Versions/A/MediaKit
0x00000001a962e000 	/System/Library/Frameworks/DiscRecording.framework/Versions/A/DiscRecording
0x00000001a1a17000 	/usr/lib/libheimdal-asn1.dylib
0x00000001ad00a000 	/System/Library/Frameworks/AudioUnit.framework/Versions/A/AudioUnit
0x000000019aa27000 	/System/Library/Frameworks/OpenDirectory.framework/Versions/A/OpenDirectory
0x000000019aa35000 	/System/Library/Frameworks/OpenDirectory.framework/Versions/A/Frameworks/CFOpenDirectory.framework/Versions/A/CFOpenDirectory
0x0000000234c20000 	/System/Library/Frameworks/AVFAudio.framework/Versions/A/AVFAudio
0x00000001b5e29000 	/usr/lib/libAccessibility.dylib
0x0000000261fef000 	/System/Library/PrivateFrameworks/IsolatedCoreAudioClient.framework/Versions/A/IsolatedCoreAudioClient
0x00000001d8753000 	/usr/lib/swift/libswiftCoreMedia.dylib
0x000000027fdcc000 	/System/Library/PrivateFrameworks/Tightbeam.framework/Versions/A/Tightbeam
0x000000024b628000 	/System/Library/PrivateFrameworks/CoreAudioOrchestration.framework/Versions/A/CoreAudioOrchestration
0x00000001d4e5e000 	/System/Library/PrivateFrameworks/AFKUser.framework/Versions/A/AFKUser
0x00000001a877d000 	/System/Library/Frameworks/MediaAccessibility.framework/Versions/A/MediaAccessibility
0x0000000283fe7000 	/System/Library/PrivateFrameworks/VideoToolboxParavirtualizationSupport.framework/Versions/A/VideoToolboxParavirtualizationSupport
0x00000001a19b3000 	/System/Library/PrivateFrameworks/AppleVA.framework/Versions/A/AppleVA
0x00000001a28bc000 	/System/Library/PrivateFrameworks/GPUWrangler.framework/Versions/A/GPUWrangler
0x00000001a289c000 	/System/Library/PrivateFrameworks/IOPresentment.framework/Versions/A/IOPresentment
0x00000001a28c4000 	/System/Library/PrivateFrameworks/DSExternalDisplay.framework/Versions/A/DSExternalDisplay
0x0000000245f30000 	/System/Library/PrivateFrameworks/AppleMobileFileIntegrity.framework/Versions/A/AppleMobileFileIntegrity
0x000000028e502000 	/usr/lib/libTLE.dylib
0x00000001f3789000 	/System/Library/PrivateFrameworks/ConfigProfileHelper.framework/Versions/A/ConfigProfileHelper
0x00000001e8596000 	/usr/lib/libedit.3.dylib
0x000000026356f000 	/System/Library/PrivateFrameworks/MIL.framework/Versions/A/MIL
0x00000001c2044000 	/usr/lib/libncurses.5.4.dylib
0x000000019ef22000 	/System/Library/PrivateFrameworks/CoreEmoji.framework/Versions/A/CoreEmoji
0x0000000191ad4000 	/usr/lib/libCRFSuite.dylib
0x000000019dcd7000 	/System/Library/PrivateFrameworks/CoreNLP.framework/Versions/A/CoreNLP
0x000000019f29a000 	/usr/lib/libmecab.dylib
0x00000001a01a7000 	/usr/lib/libThaiTokenizer.dylib
0x00000001e294e000 	/System/Library/PrivateFrameworks/HIDDisplay.framework/Versions/A/HIDDisplay
0x00000001a28f6000 	/System/Library/Frameworks/ApplicationServices.framework/Versions/A/Frameworks/ATSUI.framework/Versions/A/ATSUI
0x00000001a45db000 	/usr/lib/libcups.2.dylib
0x00000001a4671000 	/System/Library/Frameworks/Kerberos.framework/Versions/A/Kerberos
0x00000001a42d2000 	/usr/lib/libresolv.9.dylib
0x00000001a1c93000 	/System/Library/PrivateFrameworks/Heimdal.framework/Versions/A/Heimdal
0x00000001ad009000 	/System/Library/Frameworks/Kerberos.framework/Versions/A/Libraries/libHeimdalProxy.dylib
0x00000001a46d5000 	/System/Library/PrivateFrameworks/CommonAuth.framework/Versions/A/CommonAuth
0x00000001b5d24000 	/System/Library/PrivateFrameworks/AXCoreUtilities.framework/Versions/A/AXCoreUtilities
0x000000028df1b000 	/usr/lib/libAXSafeCategoryBundle.dylib
0x000000019ede8000 	/System/Library/Frameworks/Accelerate.framework/Versions/A/Frameworks/vecLib.framework/Versions/A/libvDSP.dylib
0x00000001a02f4000 	/System/Library/Frameworks/Accelerate.framework/Versions/A/Frameworks/vecLib.framework/Versions/A/libLAPACK.dylib
0x000000019f2fe000 	/System/Library/Frameworks/Accelerate.framework/Versions/A/Frameworks/vecLib.framework/Versions/A/libLinearAlgebra.dylib
0x00000001a01ed000 	/System/Library/Frameworks/Accelerate.framework/Versions/A/Frameworks/vecLib.framework/Versions/A/libSparseBLAS.dylib
0x00000001a02ef000 	/System/Library/Frameworks/Accelerate.framework/Versions/A/Frameworks/vecLib.framework/Versions/A/libQuadrature.dylib
0x000000019de00000 	/System/Library/Frameworks/Accelerate.framework/Versions/A/Frameworks/vecLib.framework/Versions/A/libBNNS.dylib
0x00000001918cd000 	/System/Library/Frameworks/Accelerate.framework/Versions/A/Frameworks/vecLib.framework/Versions/A/libSparse.dylib
0x00000001a463a000 	/System/Library/PrivateFrameworks/NetAuth.framework/Versions/A/NetAuth
0x000000019ac46000 	/System/Library/PrivateFrameworks/login.framework/Versions/A/Frameworks/loginsupport.framework/Versions/A/loginsupport
0x000000019f264000 	/usr/lib/libCheckFix.dylib
0x0000000199dc0000 	/System/Library/PrivateFrameworks/MetadataUtilities.framework/Versions/A/MetadataUtilities
0x000000025ed67000 	/System/Library/PrivateFrameworks/InstalledContentLibrary.framework/Versions/A/InstalledContentLibrary
0x000000019484e000 	/System/Library/PrivateFrameworks/CoreServicesStore.framework/Versions/A/CoreServicesStore
0x00000001d038e000 	/System/Library/PrivateFrameworks/MobileSystemServices.framework/Versions/A/MobileSystemServices
0x00000001a165c000 	/usr/lib/libxslt.1.dylib
0x000000019f223000 	/System/Library/PrivateFrameworks/BackgroundTaskManagement.framework/Versions/A/BackgroundTaskManagement
0x00000001ac6b3000 	/usr/lib/libcurl.4.dylib
0x000000028e73b000 	/usr/lib/libcrypto.46.dylib
0x000000028f358000 	/usr/lib/libssl.48.dylib
0x00000001ac389000 	/System/Library/Frameworks/LDAP.framework/Versions/A/LDAP
0x00000001ac3c5000 	/System/Library/PrivateFrameworks/TrustEvaluationAgent.framework/Versions/A/TrustEvaluationAgent
0x00000001a42ef000 	/usr/lib/libsasl2.2.dylib
0x00000001b9dc4000 	/usr/lib/swift/libswiftCoreGraphics.dylib
0x00000001a8e79000 	/usr/lib/swift/libswiftFoundation.dylib
0x00000001f3145000 	/usr/lib/swift/libswiftSwiftOnoneSupport.dylib
0x000000028fa37000 	/usr/lib/swift/libswiftsys_time.dylib
0x00000001de712000 	/System/Library/PrivateFrameworks/CoreMaterial.framework/Versions/A/CoreMaterial
0x000000028f77d000 	/usr/lib/swift/libswiftSpatial.dylib
0x000000028e4ff000 	/usr/lib/libSpatial.dylib
0x000000028de39000 	/System/Library/SubFrameworks/UIUtilities.framework/Versions/A/UIUtilities
0x0000000109824000 	/Users/caioferreira/Library/Java/JavaVirtualMachines/jbr-17.0.12/Contents/Home/lib/server/libjvm.dylib
0x0000000104594000 	/Users/caioferreira/Library/Java/JavaVirtualMachines/jbr-17.0.12/Contents/Home/lib/libjimage.dylib
0x00000001045c0000 	/Users/caioferreira/Library/Java/JavaVirtualMachines/jbr-17.0.12/Contents/Home/lib/libinstrument.dylib
0x000000010460c000 	/Users/caioferreira/Library/Java/JavaVirtualMachines/jbr-17.0.12/Contents/Home/lib/libjava.dylib
0x0000000104784000 	/Users/caioferreira/Library/Java/JavaVirtualMachines/jbr-17.0.12/Contents/Home/lib/libzip.dylib
0x0000000104680000 	/Users/caioferreira/Library/Java/JavaVirtualMachines/jbr-17.0.12/Contents/Home/lib/libnio.dylib
0x00000001047d0000 	/Users/caioferreira/Library/Java/JavaVirtualMachines/jbr-17.0.12/Contents/Home/lib/libnet.dylib
0x00000001046a0000 	/Users/caioferreira/Library/Java/JavaVirtualMachines/jbr-17.0.12/Contents/Home/lib/libverify.dylib
0x00000001045fc000 	/Users/caioferreira/.gradle/native/1def1411415f61bf3af743bc5b6707747c0891f09f0c88961ee8f79bc544acac/osx-aarch64/libnative-platform.dylib
0x000000010e400000 	/Users/caioferreira/.gradle/native/0.2.7/aarch64-macos/libgradle-fileevents.dylib
0x00000001095d8000 	/Users/caioferreira/Library/Java/JavaVirtualMachines/jbr-17.0.12/Contents/Home/lib/libmanagement.dylib
0x00000001095ec000 	/Users/caioferreira/Library/Java/JavaVirtualMachines/jbr-17.0.12/Contents/Home/lib/libmanagement_ext.dylib
0x0000000109800000 	/Users/caioferreira/Library/Java/JavaVirtualMachines/jbr-17.0.12/Contents/Home/lib/libextnet.dylib
0x000000016fe74000 	/Users/caioferreira/Library/Java/JavaVirtualMachines/jbr-17.0.12/Contents/Home/lib/libawt.dylib
0x000000010e484000 	/Users/caioferreira/Library/Java/JavaVirtualMachines/jbr-17.0.12/Contents/Home/lib/libmlib_image.dylib
0x00000002379bb000 	/System/Library/Frameworks/JavaRuntimeSupport.framework/Versions/A/JavaRuntimeSupport
0x00000001bb8e9000 	/System/Library/Frameworks/Carbon.framework/Versions/A/Carbon
0x00000001b1c20000 	/System/Library/Frameworks/Carbon.framework/Versions/A/Frameworks/CommonPanels.framework/Versions/A/CommonPanels
0x00000001ac69e000 	/System/Library/Frameworks/Carbon.framework/Versions/A/Frameworks/Help.framework/Versions/A/Help
0x00000001b1c24000 	/System/Library/Frameworks/Carbon.framework/Versions/A/Frameworks/ImageCapture.framework/Versions/A/ImageCapture
0x00000001b1bff000 	/System/Library/Frameworks/Carbon.framework/Versions/A/Frameworks/OpenScripting.framework/Versions/A/OpenScripting
0x00000001b1c1f000 	/System/Library/Frameworks/Carbon.framework/Versions/A/Frameworks/Ink.framework/Versions/A/Ink
0x00000001b1c1c000 	/System/Library/Frameworks/Carbon.framework/Versions/A/Frameworks/SecurityHI.framework/Versions/A/SecurityHI
0x000000028e35d000 	/usr/lib/libInterpreterSecurity.dylib
0x00000001d1fc4000 	/System/Library/PrivateFrameworks/XprotectFramework.framework/Versions/A/XprotectFramework
0x00000001b516d000 	/System/Library/PrivateFrameworks/yara.framework/Versions/A/yara
0x000000028e2d9000 	/usr/lib/libEndpointSecuritySystem.dylib
0x000000031b000000 	/Users/caioferreira/Library/Java/JavaVirtualMachines/jbr-17.0.12/Contents/Home/lib/libawt_lwawt.dylib
0x000000010e05c000 	/Users/caioferreira/Library/Java/JavaVirtualMachines/jbr-17.0.12/Contents/Home/lib/libosxapp.dylib
0x00000001b9e2b000 	/System/Library/Frameworks/ExceptionHandling.framework/Versions/A/ExceptionHandling
0x000000031b17c000 	/Users/caioferreira/Library/Java/JavaVirtualMachines/jbr-17.0.12/Contents/Home/lib/libfontmanager.dylib
0x0000000314db4000 	/Users/caioferreira/Library/Java/JavaVirtualMachines/jbr-17.0.12/Contents/Home/lib/libfreetype.dylib
0x000000010e02c000 	/Users/caioferreira/Library/Java/JavaVirtualMachines/jbr-17.0.12/Contents/Home/lib/librmi.dylib


VM Arguments:
jvm_args: --add-opens=java.base/java.lang=ALL-UNNAMED --add-opens=java.base/java.lang.invoke=ALL-UNNAMED --add-opens=java.base/java.util=ALL-UNNAMED --add-opens=java.prefs/java.util.prefs=ALL-UNNAMED --add-exports=jdk.compiler/com.sun.tools.javac.api=ALL-UNNAMED --add-exports=jdk.compiler/com.sun.tools.javac.util=ALL-UNNAMED --add-opens=java.base/java.util=ALL-UNNAMED --add-opens=java.prefs/java.util.prefs=ALL-UNNAMED --add-opens=java.base/java.nio.charset=ALL-UNNAMED --add-opens=java.base/java.net=ALL-UNNAMED --add-opens=java.base/java.util.concurrent.atomic=ALL-UNNAMED --add-opens=java.xml/javax.xml.namespace=ALL-UNNAMED -Xmx2048m -Dfile.encoding=UTF-8 -Duser.country=US -Duser.language=pt -Duser.variant -javaagent:/Users/caioferreira/.gradle/wrapper/dists/gradle-8.13-bin/5xuhj0ry160q40clulazy9h7d/gradle-8.13/lib/agents/gradle-instrumentation-agent-8.13.jar 
java_command: org.gradle.launcher.daemon.bootstrap.GradleDaemon 8.13
java_class_path (initial): /Users/caioferreira/.gradle/wrapper/dists/gradle-8.13-bin/5xuhj0ry160q40clulazy9h7d/gradle-8.13/lib/gradle-daemon-main-8.13.jar
Launcher Type: SUN_STANDARD

[Global flags]
     intx CICompilerCount                          = 4                                         {product} {ergonomic}
     uint ConcGCThreads                            = 2                                         {product} {ergonomic}
     uint G1ConcRefinementThreads                  = 8                                         {product} {ergonomic}
   size_t G1HeapRegionSize                         = 1048576                                   {product} {ergonomic}
    uintx GCDrainStackTargetSize                   = 64                                        {product} {ergonomic}
   size_t InitialHeapSize                          = 134217728                                 {product} {ergonomic}
   size_t MarkStackSize                            = 4194304                                   {product} {ergonomic}
   size_t MaxHeapSize                              = 2147483648                                {product} {command line}
   size_t MaxNewSize                               = 1287651328                                {product} {ergonomic}
   size_t MinHeapDeltaBytes                        = 1048576                                   {product} {ergonomic}
   size_t MinHeapSize                              = 8388608                                   {product} {ergonomic}
    uintx NonNMethodCodeHeapSize                   = 5839564                                {pd product} {ergonomic}
    uintx NonProfiledCodeHeapSize                  = 122909338                              {pd product} {ergonomic}
    uintx ProfiledCodeHeapSize                     = 122909338                              {pd product} {ergonomic}
    uintx ReservedCodeCacheSize                    = 251658240                              {pd product} {ergonomic}
     bool SegmentedCodeCache                       = true                                      {product} {ergonomic}
   size_t SoftMaxHeapSize                          = 2147483648                             {manageable} {ergonomic}
     bool UseCompressedClassPointers               = true                           {product lp64_product} {ergonomic}
     bool UseCompressedOops                        = true                           {product lp64_product} {ergonomic}
     bool UseG1GC                                  = true                                      {product} {ergonomic}
     bool UseNUMA                                  = false                                     {product} {ergonomic}
     bool UseNUMAInterleaving                      = false                                     {product} {ergonomic}

Logging:
Log output configuration:
 #0: stdout all=warning uptime,level,tags
 #1: stderr all=off uptime,level,tags

Environment Variables:
PATH=/Users/caioferreira/.rvm/gems/ruby-3.0.7/bin:/Users/caioferreira/.rvm/gems/ruby-3.0.7@global/bin:/Users/caioferreira/.rvm/rubies/ruby-3.0.7/bin:/Users/caioferreira/.antigravity-ide/antigravity-ide/bin:/Users/caioferreira/.local/bin:/opt/homebrew/bin:/Users/caioferreira/.antigravity/antigravity/bin:/Users/caioferreira/.local/bin:/opt/homebrew/bin:/opt/homebrew/sbin:/usr/local/bin:/System/Cryptexes/App/usr/bin:/usr/bin:/bin:/usr/sbin:/sbin:/var/run/com.apple.security.cryptexd/codex.system/bootstrap/usr/local/bin:/var/run/com.apple.security.cryptexd/codex.system/bootstrap/usr/bin:/var/run/com.apple.security.cryptexd/codex.system/bootstrap/usr/appleinternal/bin:/opt/pmk/env/global/bin:/Library/Apple/usr/bin:/Users/caioferreira/Library/Application Support/JetBrains/Toolbox/scripts:/Users/caioferreira/.rvm/bin:/Users/caioferreira/.claude/plugins/cache/claude-plugins-official/code-review/unknown/bin:/Users/caioferreira/.claude/plugins/cache/firebase/firebase/1.0.0/bin:/Users/caioferreira/Library/Application Support/Claude/local-agent-mode-sessions/8096934e-69fd-41cd-a5fb-cc83e8578bee/cb9240d2-5e46-4358-b034-8411ca572ef5/rpm/plugin_01Eeb9y5m4iFuY3yRtytYfdc/bin:/Users/caioferreira/Library/Application Support/Claude/local-agent-mode-sessions/8096934e-69fd-41cd-a5fb-cc83e8578bee/cb9240d2-5e46-4358-b034-8411ca572ef5/rpm/plugin_01FTLa86dhbVJ3HB1LdHdhN7/bin:/Users/caioferreira/Library/Application Support/Claude/local-agent-mode-sessions/skills-plugin/cb9240d2-5e46-4358-b034-8411ca572ef5/8096934e-69fd-41cd-a5fb-cc83e8578bee/bin:/Users/caioferreira/.claude/plugins/cache/firebase/firebase/1.0.0/bin
SHELL=/bin/zsh
TMPDIR=/var/folders/7x/85k5jysd3nsfmn_djpkbnfrc0000gn/T/

Active Locale:
LC_ALL=C
LC_COLLATE=C
LC_CTYPE=C
LC_MESSAGES=C
LC_MONETARY=C
LC_NUMERIC=C
LC_TIME=C

Signal Handlers:
   SIGSEGV: crash_handler in libjvm.dylib, mask=11100110000111110111111111111111, flags=SA_RESTART|SA_SIGINFO, unblocked
    SIGBUS: crash_handler in libjvm.dylib, mask=11100110000111110111111111111111, flags=SA_RESTART|SA_SIGINFO, unblocked
    SIGFPE: crash_handler in libjvm.dylib, mask=11100110000111110111111111111111, flags=SA_RESTART|SA_SIGINFO, unblocked
   SIGPIPE: javaSignalHandler in libjvm.dylib, mask=11100110000111110111111111111111, flags=SA_RESTART|SA_SIGINFO, blocked
   SIGXFSZ: javaSignalHandler in libjvm.dylib, mask=11100110000111110111111111111111, flags=SA_RESTART|SA_SIGINFO, blocked
    SIGILL: crash_handler in libjvm.dylib, mask=11100110000111110111111111111111, flags=SA_RESTART|SA_SIGINFO, unblocked
   SIGUSR2: SR_handler in libjvm.dylib, mask=00000000000000000000000000000000, flags=SA_RESTART|SA_SIGINFO, blocked
    SIGHUP: UserHandler in libjvm.dylib, mask=11100110000111110111111111111111, flags=SA_RESTART|SA_SIGINFO, blocked
    SIGINT: UserHandler in libjvm.dylib, mask=11100110000111110111111111111111, flags=SA_RESTART|SA_SIGINFO, blocked
   SIGTERM: UserHandler in libjvm.dylib, mask=11100110000111110111111111111111, flags=SA_RESTART|SA_SIGINFO, blocked
   SIGQUIT: UserHandler in libjvm.dylib, mask=11100110000111110111111111111111, flags=SA_RESTART|SA_SIGINFO, blocked
   SIGTRAP: crash_handler in libjvm.dylib, mask=11100110000111110111111111111111, flags=SA_RESTART|SA_SIGINFO, unblocked


Periodic native trim disabled

JNI global refs:
JNI global refs: 32, weak refs: 119

JNI global refs memory usage: 835, weak refs: 2097

Process memory usage:
Resident Set Size: 1204992K (14% of 8388608K total physical memory with 69904K free physical memory)

OOME stack traces (most recent first):
Classloader memory used:
Loader java.net.URLClassLoader                                                         : 13724K
Loader org.gradle.internal.classloader.VisitableURLClassLoader$InstrumentingVisitableURLClassLoader: 9830K
Loader org.gradle.internal.classloader.VisitableURLClassLoader                         : 5844K
Loader bootstrap                                                                       : 3032K
Loader org.gradle.initialization.MixInLegacyTypesClassLoader                           : 1653K
Loader jdk.internal.loader.ClassLoaders$AppClassLoader                                 : 1293K
Loader jdk.internal.reflect.DelegatingClassLoader                                      : 281K
Loader jdk.internal.loader.ClassLoaders$PlatformClassLoader                            : 162K
Loader org.gradle.internal.classloader.VisitableURLClassLoader                         : 75829B
Loader jdk.internal.jrtfs.JrtFileSystemProvider$JrtFsLoader                            : 39850B
Loader sun.reflect.misc.MethodUtil                                                     : 375B

Classes loaded by more than one classloader:
Class kotlin.jvm.internal.FunctionReference                                           : loaded 5 times (x 121B)
Class kotlin.TuplesKt                                                                 : loaded 5 times (x 70B)
Class kotlin.sequences.SequencesKt                                                    : loaded 5 times (x 70B)
Class kotlin.collections.AbstractCollection                                           : loaded 5 times (x 116B)
Class kotlin.jvm.internal.markers.KMappedMarker                                       : loaded 5 times (x 69B)
Class kotlin.text.StringsKt__StringNumberConversionsJVMKt                             : loaded 5 times (x 70B)
Class kotlin.text.StringsKt__AppendableKt                                             : loaded 5 times (x 70B)
Class kotlin.comparisons.ComparisonsKt__ComparisonsKt                                 : loaded 5 times (x 70B)
Class kotlin.collections.ArraysKt__ArraysKt                                           : loaded 5 times (x 70B)
Class kotlin.collections.CollectionsKt                                                : loaded 5 times (x 70B)
Class kotlin.collections.AbstractList                                                 : loaded 5 times (x 158B)
Class kotlin.collections.ArraysKt___ArraysKt                                          : loaded 5 times (x 70B)
Class kotlin.jvm.internal.CollectionToArray                                           : loaded 5 times (x 70B)
Class kotlin.text.StringsKt__RegexExtensionsKt                                        : loaded 5 times (x 70B)
Class kotlin.comparisons.ComparisonsKt___ComparisonsJvmKt                             : loaded 5 times (x 70B)
Class kotlin.LazyKt__LazyKt                                                           : loaded 5 times (x 70B)
Class kotlin.sequences.SequencesKt___SequencesKt                                      : loaded 5 times (x 70B)
Class kotlin.collections.CollectionsKt__CollectionsJVMKt                              : loaded 5 times (x 70B)
Class kotlin.LazyKt                                                                   : loaded 5 times (x 70B)
Class kotlin.collections.EmptyIterator                                                : loaded 5 times (x 88B)
Class kotlin.collections.MapsKt___MapsJvmKt                                           : loaded 5 times (x 70B)
Class kotlin.Function                                                                 : loaded 5 times (x 69B)
Class kotlin.enums.EnumEntriesList                                                    : loaded 5 times (x 184B)
Class kotlin.jvm.KotlinReflectionNotSupportedError                                    : loaded 5 times (x 81B)
Class kotlin.collections.ArraysKt___ArraysJvmKt                                       : loaded 5 times (x 70B)
Class [Lkotlin.reflect.KCallable;                                                     : loaded 5 times (x 68B)
Class kotlin.collections.CollectionsKt__IteratorsKt                                   : loaded 5 times (x 70B)
Class kotlin.collections.MapsKt__MapWithDefaultKt                                     : loaded 5 times (x 70B)
Class kotlin.reflect.KFunction                                                        : loaded 5 times (x 69B)
Class Program                                                                         : loaded 5 times (x 71B)
Class kotlin.jvm.functions.Function0                                                  : loaded 5 times (x 69B)
Class kotlin.sequences.SequencesKt__SequencesJVMKt                                    : loaded 5 times (x 70B)
Class kotlin.collections.MapsKt                                                       : loaded 5 times (x 70B)
Class kotlin.internal.ProgressionUtilKt                                               : loaded 5 times (x 70B)
Class kotlin.sequences.SequencesKt__SequencesKt                                       : loaded 5 times (x 70B)
Class kotlin.jvm.internal.CallableReference                                           : loaded 5 times (x 105B)
Class kotlin.UNINITIALIZED_VALUE                                                      : loaded 5 times (x 70B)
Class kotlin.collections.CollectionsKt__IterablesKt                                   : loaded 5 times (x 70B)
Class kotlin.text.StringsKt__RegexExtensionsJVMKt                                     : loaded 5 times (x 70B)
Class kotlin.collections.MapsKt__MapsJVMKt                                            : loaded 5 times (x 70B)
Class kotlin.text.StringsKt__StringsJVMKt                                             : loaded 5 times (x 70B)
Class kotlin.text.StringsKt___StringsJvmKt                                            : loaded 5 times (x 70B)
Class kotlin.text.StringsKt___StringsKt                                               : loaded 5 times (x 70B)
Class kotlin.jvm.internal.CallableReference$NoReceiver                                : loaded 5 times (x 70B)
Class kotlin.collections.CollectionsKt___CollectionsKt                                : loaded 5 times (x 70B)
Class kotlin.ranges.RangesKt___RangesKt                                               : loaded 5 times (x 70B)
Class kotlin.enums.EnumEntries                                                        : loaded 5 times (x 69B)
Class kotlin.jvm.functions.Function1                                                  : loaded 5 times (x 69B)
Class kotlin.collections.ArraysUtilJVM                                                : loaded 5 times (x 70B)
Class kotlin.collections.CollectionsKt__ReversedViewsKt                               : loaded 5 times (x 70B)
Class kotlin.jvm.functions.Function2                                                  : loaded 5 times (x 69B)
Class kotlin.collections.IndexedValue                                                 : loaded 5 times (x 71B)
Class kotlin.text.StringsKt__StringNumberConversionsKt                                : loaded 5 times (x 70B)
Class kotlin.collections.ArraysKt__ArraysJVMKt                                        : loaded 5 times (x 70B)
Class kotlin.sequences.Sequence                                                       : loaded 5 times (x 69B)
Class kotlin.collections.CollectionsKt__MutableCollectionsJVMKt                       : loaded 5 times (x 70B)
Class kotlin.reflect.KAnnotatedElement                                                : loaded 5 times (x 69B)
Class kotlin.ranges.RangesKt__RangesKt                                                : loaded 5 times (x 70B)
Class kotlin.collections.SetsKt___SetsKt                                              : loaded 5 times (x 70B)
Class kotlin.collections.IndexingIterable                                             : loaded 5 times (x 78B)
Class kotlin.collections.CollectionsKt__IteratorsJVMKt                                : loaded 5 times (x 70B)
Class kotlin.jvm.functions.Function3                                                  : loaded 5 times (x 69B)
Class kotlin.collections.CollectionsKt___CollectionsJvmKt                             : loaded 5 times (x 70B)
Class kotlin.jvm.internal.Intrinsics                                                  : loaded 5 times (x 70B)
Class kotlin.collections.SetsKt__SetsKt                                               : loaded 5 times (x 70B)
Class kotlin.sequences.SequencesKt___SequencesJvmKt                                   : loaded 5 times (x 70B)
Class kotlin.text.StringsKt                                                           : loaded 5 times (x 70B)
Class kotlin.sequences.SequencesKt__SequenceBuilderKt                                 : loaded 5 times (x 70B)
Class kotlin.text.StringsKt__StringBuilderKt                                          : loaded 5 times (x 70B)
Class kotlin.collections.SetsKt__SetsJVMKt                                            : loaded 5 times (x 70B)
Class kotlin.collections.EmptySet                                                     : loaded 5 times (x 121B)
Class kotlin.LazyKt__LazyJVMKt                                                        : loaded 5 times (x 70B)
Class kotlin.text.StringsKt__IndentKt                                                 : loaded 5 times (x 70B)
Class kotlin.collections.MapsKt__MapsKt                                               : loaded 5 times (x 70B)
Class kotlin.Lazy                                                                     : loaded 5 times (x 69B)
Class kotlin.Unit                                                                     : loaded 5 times (x 70B)
Class kotlin.SynchronizedLazyImpl                                                     : loaded 5 times (x 75B)
Class kotlin.collections.IndexingIterator                                             : loaded 5 times (x 78B)
Class kotlin.jvm.internal.FunctionBase                                                : loaded 5 times (x 69B)
Class kotlin.collections.ArraysKt                                                     : loaded 5 times (x 70B)
Class kotlin.collections.CollectionsKt__MutableCollectionsKt                          : loaded 5 times (x 70B)
Class kotlin.comparisons.ComparisonsKt___ComparisonsKt                                : loaded 5 times (x 70B)
Class kotlin.reflect.KCallable                                                        : loaded 5 times (x 69B)
Class kotlin.collections.SetsKt                                                       : loaded 5 times (x 70B)
Class kotlin.reflect.KDeclarationContainer                                            : loaded 5 times (x 69B)
Class kotlin.text.StringsKt__StringBuilderJVMKt                                       : loaded 5 times (x 70B)
Class kotlin.comparisons.ComparisonsKt                                                : loaded 5 times (x 70B)
Class kotlin.NoWhenBranchMatchedException                                             : loaded 5 times (x 81B)
Class kotlin.collections.EmptyList                                                    : loaded 5 times (x 135B)
Class kotlin.NotImplementedError                                                      : loaded 5 times (x 81B)
Class kotlin.text.StringsKt__StringsKt                                                : loaded 5 times (x 70B)
Class kotlin.collections.CollectionsKt__CollectionsKt                                 : loaded 5 times (x 70B)
Class kotlin.collections.AbstractList$Companion                                       : loaded 5 times (x 70B)
Class kotlin.UninitializedPropertyAccessException                                     : loaded 5 times (x 81B)
Class kotlin.enums.EnumEntriesKt                                                      : loaded 5 times (x 70B)
Class [Lkotlin.reflect.KAnnotatedElement;                                             : loaded 5 times (x 68B)
Class kotlin.collections.MapsKt___MapsKt                                              : loaded 5 times (x 70B)
Class kotlin.Pair                                                                     : loaded 5 times (x 71B)
Class kotlin.KotlinNullPointerException                                               : loaded 5 times (x 82B)
Class kotlin._Assertions                                                              : loaded 5 times (x 70B)
Class kotlin.ranges.RangesKt                                                          : loaded 5 times (x 70B)
Class com.google.common.cache.CacheBuilder$2                                          : loaded 4 times (x 78B)
Class com.google.common.collect.ImmutableSet$SetBuilderImpl                           : loaded 4 times (x 75B)
Class com.google.common.collect.EmptyImmutableListMultimap                            : loaded 4 times (x 175B)
Class com.google.common.collect.ImmutableList$1                                       : loaded 4 times (x 96B)
Class com.google.common.cache.CacheBuilder$3                                          : loaded 4 times (x 71B)
Class kotlin.jvm.internal.MutablePropertyReference                                    : loaded 4 times (x 118B)
Class com.google.common.cache.LocalCache$Strength$3                                   : loaded 4 times (x 80B)
Class com.google.common.collect.Iterators$ArrayItr                                    : loaded 4 times (x 96B)
Class com.google.common.base.FunctionalEquivalence                                    : loaded 4 times (x 82B)
Class com.google.common.collect.ImmutableMapEntrySet$RegularEntrySet                  : loaded 4 times (x 151B)
Class com.google.common.cache.LocalCache$Segment                                      : loaded 4 times (x 153B)
Class [Lcom.google.common.cache.RemovalListener;                                      : loaded 4 times (x 68B)
Class com.google.common.collect.ImmutableSetMultimap                                  : loaded 4 times (x 179B)
Class com.google.common.collect.ObjectArrays                                          : loaded 4 times (x 70B)
Class kotlin.collections.builders.MapBuilder                                          : loaded 4 times (x 111B)
Class [Lcom.google.common.collect.ImmutableMapEntry;                                  : loaded 4 times (x 68B)
Class com.google.common.collect.ImmutableMap$1                                        : loaded 4 times (x 80B)
Class kotlin.text.CharsKt__CharKt                                                     : loaded 4 times (x 70B)
Class com.google.common.cache.LocalCache$ComputingValueReference                      : loaded 4 times (x 95B)
Class com.google.common.base.Splitter$SplittingIterator                               : loaded 4 times (x 83B)
Class kotlin.reflect.KProperty$Getter                                                 : loaded 4 times (x 69B)
Class kotlin.jvm.internal.markers.KMutableMap                                         : loaded 4 times (x 69B)
Class com.google.common.collect.SortedIterable                                        : loaded 4 times (x 69B)
Class kotlin.annotation.AnnotationRetention                                           : loaded 4 times (x 78B)
Class com.google.common.collect.RegularImmutableMap                                   : loaded 4 times (x 120B)
Class com.google.common.collect.Maps$IteratorBasedAbstractMap                         : loaded 4 times (x 124B)
Class com.google.common.collect.ArrayListMultimapGwtSerializationDependencies         : loaded 4 times (x 171B)
Class com.google.common.collect.Hashing                                               : loaded 4 times (x 70B)
Class kotlin.jvm.internal.PropertyReference0                                          : loaded 4 times (x 126B)
Class com.google.common.collect.AbstractMapBasedMultimap$RandomAccessWrappedList      : loaded 4 times (x 166B)
Class com.google.common.collect.ImmutableMultisetGwtSerializationDependencies         : loaded 4 times (x 124B)
Class kotlin.SafePublicationLazyImpl                                                  : loaded 4 times (x 75B)
Class kotlin.reflect.KTypeParameter                                                   : loaded 4 times (x 69B)
Class com.google.common.cache.CacheLoader$SupplierToCacheLoader                       : loaded 4 times (x 74B)
Class com.google.common.collect.AbstractMapBasedMultimap$WrappedCollection            : loaded 4 times (x 123B)
Class com.google.common.collect.AbstractIndexedListIterator                           : loaded 4 times (x 95B)
Class com.google.common.cache.LocalCache$LocalManualCache$1                           : loaded 4 times (x 74B)
Class kotlin.reflect.KProperty$Accessor                                               : loaded 4 times (x 69B)
Class com.google.common.collect.ImmutableListMultimap                                 : loaded 4 times (x 175B)
Class com.google.common.collect.ImmutableMultimap$Builder                             : loaded 4 times (x 85B)
Class com.google.common.collect.ImmutableList$ReverseImmutableList                    : loaded 4 times (x 170B)
Class com.google.common.collect.Maps$ViewCachingAbstractMap                           : loaded 4 times (x 124B)
Class kotlin.jvm.internal.markers.KMutableList                                        : loaded 4 times (x 69B)
Class com.google.common.collect.ImmutableList$SubList                                 : loaded 4 times (x 170B)
Class com.google.common.collect.Sets                                                  : loaded 4 times (x 70B)
Class kotlin.collections.AbstractMutableList                                          : loaded 4 times (x 167B)
Class com.google.common.collect.ImmutableMap                                          : loaded 4 times (x 119B)
Class kotlin.annotation.AnnotationTarget                                              : loaded 4 times (x 78B)
Class com.google.common.cache.LocalCache$ValueReference                               : loaded 4 times (x 69B)
Class kotlin.text.Regex                                                               : loaded 4 times (x 71B)
Class com.google.common.collect.SetMultimap                                           : loaded 4 times (x 69B)
Class com.google.common.collect.CollectSpliterators                                   : loaded 4 times (x 70B)
Class kotlin.jvm.internal.PropertyReference1                                          : loaded 4 times (x 126B)
Class com.google.common.collect.ImmutableSet$Builder                                  : loaded 4 times (x 84B)
Class kotlin.jvm.JvmClassMappingKt                                                    : loaded 4 times (x 70B)
Class com.google.common.collect.ImmutableMultimap                                     : loaded 4 times (x 146B)
Class com.google.common.cache.AbstractCache$StatsCounter                              : loaded 4 times (x 69B)
Class com.google.common.base.CharMatcher$ForPredicate                                 : loaded 4 times (x 111B)
Class com.google.common.collect.FluentIterable$3                                      : loaded 4 times (x 80B)
Class com.google.common.collect.RegularImmutableSet                                   : loaded 4 times (x 148B)
Class com.google.common.base.CharMatcher$None                                         : loaded 4 times (x 111B)
Class [Lkotlin.reflect.KProperty;                                                     : loaded 4 times (x 68B)
Class com.google.common.collect.ImmutableMap$MapViewOfValuesAsSingletonSets           : loaded 4 times (x 125B)
Class com.google.common.collect.ImmutableMapKeySet                                    : loaded 4 times (x 151B)
Class com.google.common.math.MathPreconditions                                        : loaded 4 times (x 70B)
Class com.google.common.base.MoreObjects                                              : loaded 4 times (x 70B)
Class com.google.common.collect.SortedMapDifference                                   : loaded 4 times (x 69B)
Class [Lcom.google.common.cache.LocalCache$EntryFactory;                              : loaded 4 times (x 68B)
Class kotlin.jvm.internal.Lambda                                                      : loaded 4 times (x 74B)
Class [Lcom.google.common.collect.AbstractIterator$State;                             : loaded 4 times (x 68B)
Class kotlin.reflect.KMutableProperty0                                                : loaded 4 times (x 69B)
Class com.google.common.base.Splitter                                                 : loaded 4 times (x 71B)
Class kotlin.reflect.KMutableProperty1                                                : loaded 4 times (x 69B)
Class com.google.common.cache.CacheStats                                              : loaded 4 times (x 70B)
Class kotlin.reflect.KMutableProperty2                                                : loaded 4 times (x 69B)
Class kotlin.coroutines.jvm.internal.BaseContinuationImpl                             : loaded 4 times (x 86B)
Class kotlin.jvm.functions.Function4                                                  : loaded 4 times (x 69B)
Class com.google.common.base.Converter                                                : loaded 4 times (x 89B)
Class kotlin.jvm.functions.Function5                                                  : loaded 4 times (x 69B)
Class com.google.common.cache.CacheBuilder$OneWeigher                                 : loaded 4 times (x 81B)
Class [Lcom.google.common.cache.Weigher;                                              : loaded 4 times (x 68B)
Class kotlin.jvm.functions.Function6                                                  : loaded 4 times (x 69B)
Class kotlin.reflect.KType                                                            : loaded 4 times (x 69B)
Class com.google.common.base.JdkPattern                                               : loaded 4 times (x 74B)
Class com.google.common.cache.LocalCache$LocalLoadingCache                            : loaded 4 times (x 133B)
Class kotlin.jvm.functions.Function7                                                  : loaded 4 times (x 69B)
Class com.google.common.collect.UnmodifiableListIterator                              : loaded 4 times (x 94B)
Class com.google.common.base.Supplier                                                 : loaded 4 times (x 69B)
Class kotlin.jvm.functions.Function8                                                  : loaded 4 times (x 69B)
Class com.google.common.base.CharMatcher$Is                                           : loaded 4 times (x 110B)
Class kotlin.jvm.functions.Function9                                                  : loaded 4 times (x 69B)
Class com.google.common.base.Optional                                                 : loaded 4 times (x 79B)
Class com.google.common.collect.Multimap                                              : loaded 4 times (x 69B)
Class com.google.common.collect.SingletonImmutableList                                : loaded 4 times (x 168B)
Class com.google.common.base.Objects                                                  : loaded 4 times (x 70B)
Class com.google.common.collect.ImmutableMultimap$Keys                                : loaded 4 times (x 165B)
Class com.google.common.collect.ImmutableBiMap                                        : loaded 4 times (x 142B)
Class com.google.common.base.Splitter$1                                               : loaded 4 times (x 76B)
Class kotlin.jvm.internal.DefaultConstructorMarker                                    : loaded 4 times (x 70B)
Class kotlin.reflect.KMutableProperty$Setter                                          : loaded 4 times (x 69B)
Class com.google.common.collect.RegularImmutableAsList                                : loaded 4 times (x 178B)
Class [Lkotlin.LazyThreadSafetyMode;                                                  : loaded 4 times (x 68B)
Class com.google.common.cache.LocalCache$Strength$1                                   : loaded 4 times (x 80B)
Class com.google.common.collect.NullnessCasts                                         : loaded 4 times (x 70B)
Class com.google.common.collect.ImmutableSet$EmptySetBuilderImpl                      : loaded 4 times (x 75B)
Class com.google.common.base.Ticker$1                                                 : loaded 4 times (x 71B)
Class com.google.common.collect.Maps$BiMapConverter                                   : loaded 4 times (x 89B)
Class [Lcom.google.common.cache.LocalCache$Strength;                                  : loaded 4 times (x 68B)
Class com.google.common.cache.LocalCache$EntryFactory                                 : loaded 4 times (x 82B)
Class com.google.common.util.concurrent.UncheckedExecutionException                   : loaded 4 times (x 81B)
Class com.google.common.cache.CacheLoader$FunctionToCacheLoader                       : loaded 4 times (x 74B)
Class com.google.common.collect.ImmutableSet                                          : loaded 4 times (x 144B)
Class com.google.common.base.Suppliers$NonSerializableMemoizingSupplier               : loaded 4 times (x 78B)
Class com.google.common.collect.PeekingIterator                                       : loaded 4 times (x 69B)
Class kotlin.coroutines.jvm.internal.DebugProbesKt                                    : loaded 4 times (x 70B)
Class com.google.common.collect.AbstractIterator$State                                : loaded 4 times (x 78B)
Class com.google.common.cache.CacheBuilder$1                                          : loaded 4 times (x 84B)
Class com.google.common.cache.LocalCache$Strength$2                                   : loaded 4 times (x 80B)
Class com.google.common.base.Splitter$Strategy                                        : loaded 4 times (x 69B)
Class kotlin.coroutines.jvm.internal.RestrictedSuspendLambda                          : loaded 4 times (x 90B)
Class com.google.common.collect.AbstractMapBasedMultimap$AsMap$AsMapEntries           : loaded 4 times (x 137B)
Class kotlin.jvm.internal.SpreadBuilder                                               : loaded 4 times (x 75B)
Class kotlin.jvm.internal.ReflectionFactory                                           : loaded 4 times (x 90B)
Class kotlin.text.CharsKt                                                             : loaded 4 times (x 70B)
Class com.google.common.collect.ArrayListMultimap                                     : loaded 4 times (x 171B)
Class [Lcom.google.common.cache.CacheBuilder$NullListener;                            : loaded 4 times (x 68B)
Class com.google.common.collect.Iterables                                             : loaded 4 times (x 70B)
Class com.google.common.base.Equivalence                                              : loaded 4 times (x 81B)
Class com.google.common.collect.ListMultimap                                          : loaded 4 times (x 69B)
Class com.google.common.collect.ImmutableSortedSet                                    : loaded 4 times (x 235B)
Class kotlin.reflect.KProperty                                                        : loaded 4 times (x 69B)
Class com.google.common.base.Splitter$1$1                                             : loaded 4 times (x 85B)
Class kotlin.annotation.Target                                                        : loaded 4 times (x 69B)
Class com.google.common.cache.Cache                                                   : loaded 4 times (x 69B)
Class kotlin.sequences.SequencesKt__SequenceBuilderKt$sequence$$inlined$Sequence$1    : loaded 4 times (x 74B)
Class com.google.common.base.CharMatcher$InRange                                      : loaded 4 times (x 110B)
Class com.google.common.cache.LocalCache$EntryFactory$1                               : loaded 4 times (x 82B)
Class kotlin.coroutines.intrinsics.IntrinsicsKt__IntrinsicsJvmKt                      : loaded 4 times (x 70B)
Class com.google.common.collect.FluentIterable                                        : loaded 4 times (x 80B)
Class [Lkotlin.annotation.AnnotationRetention;                                        : loaded 4 times (x 68B)
Class com.google.common.primitives.Ints                                               : loaded 4 times (x 70B)
Class com.google.common.collect.Maps$EntrySet                                         : loaded 4 times (x 135B)
Class com.google.common.collect.ImmutableMapEntry                                     : loaded 4 times (x 84B)
Class com.google.common.cache.LocalCache$EntryFactory$2                               : loaded 4 times (x 82B)
Class kotlin.reflect.KProperty0                                                       : loaded 4 times (x 69B)
Class kotlin.reflect.KProperty1                                                       : loaded 4 times (x 69B)
Class kotlin.reflect.KProperty2                                                       : loaded 4 times (x 69B)
Class kotlin.coroutines.jvm.internal.CoroutineStackFrame                              : loaded 4 times (x 69B)
Class kotlin.Result$Failure                                                           : loaded 4 times (x 71B)
Class com.google.common.collect.Iterators$1                                           : loaded 4 times (x 80B)
Class com.google.common.cache.CacheBuilder                                            : loaded 4 times (x 71B)
Class com.google.common.collect.Maps$EntryTransformer                                 : loaded 4 times (x 69B)
Class kotlin.collections.builders.ListBuilder$Companion                               : loaded 4 times (x 70B)
Class com.google.common.base.Joiner$1                                                 : loaded 4 times (x 79B)
Class kotlin.jvm.internal.MutablePropertyReference1                                   : loaded 4 times (x 136B)
Class com.google.common.collect.ImmutableCollection$Builder                           : loaded 4 times (x 75B)
Class com.google.common.base.Joiner$2                                                 : loaded 4 times (x 78B)
Class com.google.common.collect.BaseImmutableMultimap                                 : loaded 4 times (x 122B)
Class com.google.common.collect.ImmutableSet$JdkBackedSetBuilderImpl                  : loaded 4 times (x 75B)
Class com.google.common.collect.FluentIterable$1                                      : loaded 4 times (x 80B)
Class com.google.common.collect.ImmutableCollection                                   : loaded 4 times (x 124B)
Class com.google.common.collect.SingletonImmutableSet                                 : loaded 4 times (x 145B)
Class com.google.common.collect.Maps$KeySet                                           : loaded 4 times (x 136B)
Class com.google.common.base.CharMatcher$FastMatcher                                  : loaded 4 times (x 110B)
Class kotlin.collections.AbstractList$IteratorImpl                                    : loaded 4 times (x 81B)
Class com.google.common.collect.ImmutableMultiset                                     : loaded 4 times (x 162B)
Class com.google.common.collect.RegularImmutableMap$BucketOverflowException           : loaded 4 times (x 81B)
Class kotlin.coroutines.Continuation                                                  : loaded 4 times (x 69B)
Class com.google.common.collect.Iterators$4                                           : loaded 4 times (x 81B)
Class com.google.common.base.CharMatcher                                              : loaded 4 times (x 110B)
Class com.google.common.collect.Iterators$5                                           : loaded 4 times (x 81B)
Class com.google.common.collect.SingletonImmutableBiMap                               : loaded 4 times (x 142B)
Class com.google.common.collect.ImmutableMultimap$EntryCollection                     : loaded 4 times (x 127B)
Class kotlin.Result$Companion                                                         : loaded 4 times (x 70B)
Class kotlin.collections.builders.ListBuilder$Itr                                     : loaded 4 times (x 93B)
Class kotlin.jvm.internal.markers.KMutableCollection                                  : loaded 4 times (x 69B)
Class com.google.common.collect.ImmutableMap$Builder                                  : loaded 4 times (x 81B)
Class com.google.common.collect.ImmutableSet$RegularSetBuilderImpl                    : loaded 4 times (x 76B)
Class com.google.common.base.Joiner                                                   : loaded 4 times (x 78B)
Class com.google.common.base.Equivalence$Equals                                       : loaded 4 times (x 81B)
Class com.google.common.base.Preconditions                                            : loaded 4 times (x 70B)
Class com.google.common.base.AbstractIterator                                         : loaded 4 times (x 79B)
Class com.google.common.collect.ImmutableMultimap$1                                   : loaded 4 times (x 81B)
Class kotlin.text.CharsKt__CharJVMKt                                                  : loaded 4 times (x 70B)
Class com.google.common.cache.LocalCache$EntryFactory$3                               : loaded 4 times (x 82B)
Class com.google.common.collect.ImmutableMultimap$2                                   : loaded 4 times (x 80B)
Class com.google.common.base.CommonPattern                                            : loaded 4 times (x 73B)
Class com.google.common.base.Function                                                 : loaded 4 times (x 69B)
Class com.google.common.collect.Iterators$9                                           : loaded 4 times (x 80B)
Class com.google.common.cache.CacheLoader$InvalidCacheLoadException                   : loaded 4 times (x 81B)
Class com.google.common.collect.CollectSpliterators$1WithCharacteristics              : loaded 4 times (x 89B)
Class com.google.common.base.Suppliers$MemoizingSupplier                              : loaded 4 times (x 78B)
Class com.google.common.base.Suppliers                                                : loaded 4 times (x 70B)
Class [Lkotlin.reflect.KClassifier;                                                   : loaded 4 times (x 68B)
Class com.google.common.collect.Sets$SetView                                          : loaded 4 times (x 137B)
Class com.google.common.collect.MapDifference                                         : loaded 4 times (x 69B)
Class kotlin.coroutines.CoroutineContext                                              : loaded 4 times (x 69B)
Class kotlin.coroutines.jvm.internal.SuspendFunction                                  : loaded 4 times (x 69B)
Class kotlin.streams.jdk8.StreamsKt                                                   : loaded 4 times (x 70B)
Class com.google.common.cache.LocalCache$EntryFactory$4                               : loaded 4 times (x 82B)
Class com.google.common.collect.UnmodifiableIterator                                  : loaded 4 times (x 79B)
Class com.google.common.collect.Sets$1                                                : loaded 4 times (x 138B)
Class kotlin.jvm.internal.MutablePropertyReference1Impl                               : loaded 4 times (x 136B)
Class [Lkotlin.reflect.KClass;                                                        : loaded 4 times (x 68B)
Class [Lcom.google.common.collect.Iterators$EmptyModifiableIterator;                  : loaded 4 times (x 68B)
Class com.google.common.collect.Sets$2                                                : loaded 4 times (x 138B)
Class com.google.common.collect.Sets$3                                                : loaded 4 times (x 138B)
Class com.google.common.collect.Sets$4                                                : loaded 4 times (x 138B)
Class com.google.common.graph.SuccessorsFunction                                      : loaded 4 times (x 69B)
Class kotlin.LazyThreadSafetyMode                                                     : loaded 4 times (x 78B)
Class com.google.common.cache.LoadingCache                                            : loaded 4 times (x 69B)
Class kotlin.jvm.internal.Reflection                                                  : loaded 4 times (x 70B)
Class [Lcom.google.common.collect.ImmutableEntry;                                     : loaded 4 times (x 68B)
Class kotlin.jvm.internal.markers.KMutableIterator                                    : loaded 4 times (x 69B)
Class kotlin.SafePublicationLazyImpl$Companion                                        : loaded 4 times (x 70B)
Class com.google.common.base.Ticker                                                   : loaded 4 times (x 71B)
Class [Lcom.google.common.cache.CacheBuilder$OneWeigher;                              : loaded 4 times (x 68B)
Class kotlin.jvm.functions.Function10                                                 : loaded 4 times (x 69B)
Class com.google.common.base.PairwiseEquivalence                                      : loaded 4 times (x 82B)
Class kotlin.collections.MapWithDefault                                               : loaded 4 times (x 69B)
Class kotlin.jvm.functions.Function11                                                 : loaded 4 times (x 69B)
Class kotlin.coroutines.intrinsics.CoroutineSingletons                                : loaded 4 times (x 78B)
Class kotlin.jvm.functions.Function12                                                 : loaded 4 times (x 69B)
Class com.google.common.collect.Iterators                                             : loaded 4 times (x 70B)
Class com.google.common.base.CharMatcher$1                                            : loaded 4 times (x 112B)
Class kotlin.jvm.functions.Function13                                                 : loaded 4 times (x 69B)
Class com.google.common.collect.Sets$ImprovedAbstractSet                              : loaded 4 times (x 134B)
Class com.google.common.collect.AbstractMapBasedMultimap$AsMap                        : loaded 4 times (x 127B)
Class kotlin.jvm.functions.Function14                                                 : loaded 4 times (x 69B)
Class com.google.common.collect.AbstractMapBasedMultimap$WrappedCollection$WrappedIterator: loaded 4 times (x 83B)
Class kotlin.jvm.functions.Function15                                                 : loaded 4 times (x 69B)
Class com.google.common.collect.FluentIterable$2                                      : loaded 4 times (x 80B)
Class kotlin.jvm.functions.Function16                                                 : loaded 4 times (x 69B)
Class com.google.common.cache.LocalCache$EntryFactory$5                               : loaded 4 times (x 82B)
Class com.google.common.collect.AbstractSetMultimap                                   : loaded 4 times (x 173B)
Class com.google.common.collect.Lists                                                 : loaded 4 times (x 70B)
Class kotlin.collections.builders.ListBuilder                                         : loaded 4 times (x 168B)
Class kotlin.jvm.functions.Function17                                                 : loaded 4 times (x 69B)
Class com.google.common.base.CharMatcher$And                                          : loaded 4 times (x 111B)
Class kotlin.reflect.KClass                                                           : loaded 4 times (x 69B)
Class kotlin.jvm.functions.Function18                                                 : loaded 4 times (x 69B)
Class kotlin.jvm.functions.Function19                                                 : loaded 4 times (x 69B)
Class kotlin.coroutines.jvm.internal.RestrictedContinuationImpl                       : loaded 4 times (x 86B)
Class kotlin.collections.builders.ListBuilderKt                                       : loaded 4 times (x 70B)
Class com.google.common.base.Present                                                  : loaded 4 times (x 80B)
Class kotlin.coroutines.intrinsics.IntrinsicsKt                                       : loaded 4 times (x 70B)
Class com.google.common.collect.Multimaps                                             : loaded 4 times (x 70B)
Class com.google.common.collect.RegularImmutableMap$Values                            : loaded 4 times (x 168B)
Class com.google.common.collect.Platform                                              : loaded 4 times (x 70B)
Class kotlin.jvm.internal.markers.KMutableListIterator                                : loaded 4 times (x 69B)
Class com.google.common.collect.ImmutableAsList                                       : loaded 4 times (x 170B)
Class com.google.common.cache.LocalCache$EntryFactory$6                               : loaded 4 times (x 82B)
Class com.google.common.base.Ascii                                                    : loaded 4 times (x 70B)
Class com.google.common.util.concurrent.ExecutionError                                : loaded 4 times (x 81B)
Class com.google.common.collect.BiMap                                                 : loaded 4 times (x 69B)
Class com.google.common.collect.IndexedImmutableSet                                   : loaded 4 times (x 151B)
Class com.google.common.base.Equivalence$Identity                                     : loaded 4 times (x 81B)
Class com.google.common.base.CharMatcher$AnyOf                                        : loaded 4 times (x 111B)
Class com.google.common.base.CharMatcher$IsEither                                     : loaded 4 times (x 110B)
Class com.google.common.cache.LocalCache$EntryFactory$7                               : loaded 4 times (x 82B)
Class com.google.common.collect.Lists$StringAsImmutableList                           : loaded 4 times (x 168B)
Class com.google.common.base.CharMatcher$NegatedFastMatcher                           : loaded 4 times (x 112B)
Class kotlin.DeprecationLevel                                                         : loaded 4 times (x 78B)
Class kotlin.Result                                                                   : loaded 4 times (x 71B)
Class com.google.common.base.CharMatcher$BitSetMatcher                                : loaded 4 times (x 111B)
Class com.google.common.cache.LocalCache                                              : loaded 4 times (x 186B)
Class com.google.common.base.ExtraObjectsMethodsForWeb                                : loaded 4 times (x 70B)
Class com.google.common.cache.ReferenceEntry                                          : loaded 4 times (x 69B)
Class [Lkotlin.annotation.AnnotationTarget;                                           : loaded 4 times (x 68B)
Class kotlin.jvm.internal.PropertyReference                                           : loaded 4 times (x 114B)
Class com.google.common.collect.ImmutableMultimap$Values                              : loaded 4 times (x 125B)
Class kotlin.sequences.SequenceBuilderIterator                                        : loaded 4 times (x 84B)
Class kotlin.annotation.Retention                                                     : loaded 4 times (x 69B)
Class kotlin.jvm.functions.Function20                                                 : loaded 4 times (x 69B)
Class com.google.common.collect.RegularImmutableList                                  : loaded 4 times (x 174B)
Class com.google.common.cache.LocalCache$EntryFactory$8                               : loaded 4 times (x 82B)
Class kotlin.jvm.functions.Function21                                                 : loaded 4 times (x 69B)
Class kotlin.jvm.internal.markers.KMutableIterable                                    : loaded 4 times (x 69B)
Class com.google.common.collect.Table                                                 : loaded 4 times (x 69B)
Class kotlin.jvm.functions.Function22                                                 : loaded 4 times (x 69B)
Class com.google.common.collect.RegularImmutableMap$KeySet                            : loaded 4 times (x 151B)
Class com.google.common.collect.CollectPreconditions                                  : loaded 4 times (x 70B)
Class com.google.common.base.CharMatcher$IsNot                                        : loaded 4 times (x 110B)
Class com.google.common.collect.IndexedImmutableSet$1                                 : loaded 4 times (x 174B)
Class com.google.common.cache.LocalCache$LoadingValueReference                        : loaded 4 times (x 95B)
Class com.google.common.collect.ImmutableMap$IteratorBasedImmutableMap                : loaded 4 times (x 125B)
Class com.google.common.math.IntMath                                                  : loaded 4 times (x 70B)
Class com.google.common.collect.AbstractListMultimap                                  : loaded 4 times (x 171B)
Class com.google.common.primitives.IntsMethodsForWeb                                  : loaded 4 times (x 70B)
Class com.google.common.collect.Multiset                                              : loaded 4 times (x 69B)
Class kotlin.jvm.internal.PropertyReference1Impl                                      : loaded 4 times (x 126B)
Class com.google.common.collect.ImmutableSet$CachingAsList                            : loaded 4 times (x 147B)
Class com.google.common.math.IntMath$1                                                : loaded 4 times (x 70B)
Class com.google.common.collect.AbstractIterator                                      : loaded 4 times (x 81B)
Class [Lcom.google.common.collect.AbstractMapEntry;                                   : loaded 4 times (x 68B)
Class com.google.common.collect.RegularImmutableSortedSet                             : loaded 4 times (x 235B)
Class com.google.common.collect.ImmutableEntry                                        : loaded 4 times (x 81B)
Class com.google.common.base.Predicate                                                : loaded 4 times (x 69B)
Class com.google.common.cache.LocalCache$Strength                                     : loaded 4 times (x 80B)
Class com.google.common.collect.ImmutableEnumMap                                      : loaded 4 times (x 125B)
Class com.google.common.base.NullnessCasts                                            : loaded 4 times (x 70B)
Class com.google.common.collect.AbstractMultimap                                      : loaded 4 times (x 122B)
Class kotlin.collections.EmptyMap                                                     : loaded 4 times (x 108B)
Class kotlin.ResultKt                                                                 : loaded 4 times (x 70B)
Class kotlin.annotation.MustBeDocumented                                              : loaded 4 times (x 69B)
Class com.google.common.cache.LocalCache$LocalManualCache                             : loaded 4 times (x 98B)
Class kotlin.collections.builders.MapBuilder$Companion                                : loaded 4 times (x 70B)
Class com.google.common.collect.AbstractMapEntry                                      : loaded 4 times (x 80B)
Class com.google.common.collect.AbstractMapBasedMultimap$KeySet$1                     : loaded 4 times (x 81B)
Class com.google.common.base.CharMatcher$Negated                                      : loaded 4 times (x 112B)
Class com.google.common.collect.ImmutableList$Builder                                 : loaded 4 times (x 76B)
Class com.google.common.collect.ImmutableMapEntry$NonTerminalImmutableMapEntry        : loaded 4 times (x 84B)
Class com.google.common.cache.CacheBuilder$NullListener                               : loaded 4 times (x 81B)
Class com.google.common.collect.AbstractMapBasedMultimap                              : loaded 4 times (x 138B)
Class com.google.common.collect.Maps                                                  : loaded 4 times (x 70B)
Class com.google.common.collect.AbstractMapBasedMultimap$KeySet                       : loaded 4 times (x 136B)
Class com.google.common.cache.CacheLoader$1                                           : loaded 4 times (x 74B)
Class com.google.common.collect.TransformedIterator                                   : loaded 4 times (x 79B)
Class com.google.common.base.Absent                                                   : loaded 4 times (x 79B)
Class [Lkotlin.coroutines.intrinsics.CoroutineSingletons;                             : loaded 4 times (x 68B)
Class com.google.common.collect.ImmutableEnumSet                                      : loaded 4 times (x 145B)
Class com.google.common.collect.AbstractMapBasedMultimap$WrappedSet                   : loaded 4 times (x 141B)
Class kotlin.coroutines.intrinsics.IntrinsicsKt__IntrinsicsKt                         : loaded 4 times (x 70B)
Class com.google.common.base.CharMatcher$Or                                           : loaded 4 times (x 111B)
Class [Lkotlin.reflect.KDeclarationContainer;                                         : loaded 4 times (x 68B)
Class kotlin.sequences.SequenceScope                                                  : loaded 4 times (x 72B)
Class kotlin.reflect.KMutableProperty                                                 : loaded 4 times (x 69B)
Class com.google.common.collect.AbstractMapBasedMultimap$WrappedList                  : loaded 4 times (x 166B)
Class kotlin.reflect.KClassifier                                                      : loaded 4 times (x 69B)
Class kotlin.LazyKt__LazyJVMKt$WhenMappings                                           : loaded 4 times (x 70B)
Class com.google.common.cache.LocalCache$1                                            : loaded 4 times (x 88B)
Class com.google.common.collect.SortedSetMultimap                                     : loaded 4 times (x 69B)
Class com.google.common.collect.ImmutableMapEntrySet                                  : loaded 4 times (x 151B)
Class kotlin.coroutines.EmptyCoroutineContext                                         : loaded 4 times (x 76B)
Class com.google.common.cache.LocalCache$2                                            : loaded 4 times (x 141B)
Class [Lkotlin.DeprecationLevel;                                                      : loaded 4 times (x 68B)
Class kotlin.jvm.internal.ClassBasedDeclarationContainer                              : loaded 4 times (x 69B)
Class com.google.common.collect.Maps$8                                                : loaded 4 times (x 81B)
Class com.google.common.collect.Iterators$EmptyModifiableIterator                     : loaded 4 times (x 85B)
Class com.google.common.collect.ImmutableList                                         : loaded 4 times (x 167B)
Class com.google.common.cache.RemovalListener                                         : loaded 4 times (x 69B)
Class com.google.common.cache.Weigher                                                 : loaded 4 times (x 69B)
Class com.google.common.cache.CacheLoader                                             : loaded 4 times (x 73B)
Class com.google.common.base.Suppliers$SupplierOfInstance                             : loaded 4 times (x 78B)
Class com.google.common.collect.RegularImmutableBiMap                                 : loaded 4 times (x 148B)
Class kotlin.Metadata                                                                 : loaded 4 times (x 69B)
Class [Lcom.google.common.cache.LocalCache$Segment;                                   : loaded 4 times (x 68B)
Class com.google.common.cache.CacheLoader$UnsupportedLoadingOperationException        : loaded 4 times (x 81B)
Class com.google.common.collect.Iterators$MergingIterator                             : loaded 4 times (x 80B)
Class kotlin.text.Regex$Companion                                                     : loaded 4 times (x 70B)
Class com.google.common.base.CharMatcher$NamedFastMatcher                             : loaded 4 times (x 111B)
Class kotlin.reflect.jvm.internal.ReflectProperties$Val                               : loaded 3 times (x 73B)
Class com.google.common.collect.MultimapBuilder$3                                     : loaded 3 times (x 83B)
Class com.squareup.javapoet.AnnotationSpec                                            : loaded 3 times (x 71B)
Class kotlin.jvm.internal.FunctionReferenceImpl                                       : loaded 3 times (x 121B)
Class com.google.common.collect.ExplicitOrdering                                      : loaded 3 times (x 114B)
Class kotlin.reflect.jvm.internal.CacheByClass                                        : loaded 3 times (x 72B)
Class com.google.common.collect.MultimapBuilder$4                                     : loaded 3 times (x 83B)
Class kotlin.collections.MapWithDefaultImpl                                           : loaded 3 times (x 125B)
Class com.squareup.javapoet.ArrayTypeName                                             : loaded 3 times (x 80B)
Class kotlin.io.FileAlreadyExistsException                                            : loaded 3 times (x 81B)
Class com.squareup.javapoet.AnnotationSpec$Builder                                    : loaded 3 times (x 71B)
Class kotlin.io.FilesKt                                                               : loaded 3 times (x 70B)
Class com.google.common.collect.UsingToStringOrdering                                 : loaded 3 times (x 113B)
Class com.google.common.collect.Maps$12                                               : loaded 3 times (x 81B)
Class kotlin.io.FilesKt__FileReadWriteKt                                              : loaded 3 times (x 70B)
Class com.google.common.collect.MultimapBuilder$2                                     : loaded 3 times (x 82B)
Class [Lcom.google.common.base.CaseFormat;                                            : loaded 3 times (x 68B)
Class kotlin.reflect.jvm.internal.ReflectProperties                                   : loaded 3 times (x 70B)
Class kotlin.reflect.jvm.internal.KClassImpl                                          : loaded 3 times (x 114B)
Class dagger.hilt.processor.internal.root.ir.InvalidRootsException                    : loaded 3 times (x 81B)
Class kotlin.reflect.jvm.internal.KProperty1Impl                                      : loaded 3 times (x 127B)
Class com.google.common.collect.MultimapBuilder$MultimapBuilderWithKeys$1             : loaded 3 times (x 75B)
Class kotlin.reflect.full.IllegalPropertyDelegateAccessException                      : loaded 3 times (x 81B)
Class kotlin.reflect.jvm.internal.impl.name.FqName                                    : loaded 3 times (x 71B)
Class com.google.common.collect.ReverseNaturalOrdering                                : loaded 3 times (x 113B)
Class kotlin.reflect.jvm.internal.impl.builtins.PrimitiveType$Companion               : loaded 3 times (x 70B)
Class [Lkotlin.reflect.jvm.internal.impl.name.FqName;                                 : loaded 3 times (x 68B)
Class [Lkotlin.reflect.jvm.internal.impl.name.ClassId;                                : loaded 3 times (x 68B)
Class com.google.common.collect.ImmutableSortedAsList                                 : loaded 3 times (x 182B)
Class com.google.common.collect.MultimapBuilder$SortedSetMultimapBuilder              : loaded 3 times (x 76B)
Class com.google.common.collect.LinkedHashMultimap                                    : loaded 3 times (x 174B)
Class kotlin.reflect.jvm.internal.KClassifierImpl                                     : loaded 3 times (x 69B)
Class com.google.common.base.Equivalence$Wrapper                                      : loaded 3 times (x 71B)
Class com.squareup.javapoet.ParameterizedTypeName                                     : loaded 3 times (x 80B)
Class kotlin.reflect.jvm.internal.impl.builtins.functions.FunctionTypeKind$KSuspendFunction: loaded 3 times (x 71B)
Class kotlin.reflect.jvm.internal.KDeclarationContainerImpl$Companion                 : loaded 3 times (x 70B)
Class com.squareup.javapoet.TypeSpec$Kind                                             : loaded 3 times (x 78B)
Class com.google.common.collect.MultimapBuilder$1                                     : loaded 3 times (x 82B)
Class kotlin.reflect.jvm.internal.KMutableProperty1Impl                               : loaded 3 times (x 134B)
Class com.google.common.collect.Maps$13                                               : loaded 3 times (x 84B)
Class kotlin.reflect.jvm.internal.impl.name.StandardClassIdsKt                        : loaded 3 times (x 70B)
Class kotlin.reflect.jvm.internal.impl.builtins.jvm.JavaToKotlinClassMap              : loaded 3 times (x 70B)
Class com.google.common.collect.Sets$1$1                                              : loaded 3 times (x 81B)
Class com.google.common.collect.LexicographicalOrdering                               : loaded 3 times (x 114B)
Class com.squareup.javapoet.CodeWriter$Multiset                                       : loaded 3 times (x 71B)
Class com.google.common.collect.Iterators$ConcatenatedIterator                        : loaded 3 times (x 81B)
Class kotlin.io.FileSystemException                                                   : loaded 3 times (x 81B)
Class kotlin.reflect.jvm.internal.KotlinReflectionInternalError                       : loaded 3 times (x 81B)
Class kotlin.reflect.jvm.internal.CachesKt                                            : loaded 3 times (x 70B)
Class com.google.common.collect.Maps$9                                                : loaded 3 times (x 75B)
Class [Lcom.google.common.collect.LinkedHashMultimap$ValueEntry;                      : loaded 3 times (x 68B)
Class com.squareup.javapoet.JavaFile$Builder                                          : loaded 3 times (x 71B)
Class kotlin.reflect.jvm.internal.impl.name.FqNameUnsafe$1                            : loaded 3 times (x 73B)
Class kotlin.reflect.jvm.internal.KPackageImpl                                        : loaded 3 times (x 84B)
Class com.squareup.javapoet.LineWrapper                                               : loaded 3 times (x 71B)
Class com.squareup.javapoet.TypeSpec                                                  : loaded 3 times (x 71B)
Class kotlin.reflect.jvm.internal.impl.builtins.functions.FunctionTypeKind$SuspendFunction: loaded 3 times (x 71B)
Class com.google.common.base.Predicates                                               : loaded 3 times (x 70B)
Class com.google.common.collect.MultimapBuilder$MultimapBuilderWithKeys$2             : loaded 3 times (x 75B)
Class com.google.common.collect.Count                                                 : loaded 3 times (x 70B)
Class kotlin.reflect.jvm.internal.impl.name.FqNameUnsafe                              : loaded 3 times (x 71B)
Class kotlin.reflect.jvm.internal.KClassImpl$Data                                     : loaded 3 times (x 71B)
Class kotlin.io.NoSuchFileException                                                   : loaded 3 times (x 81B)
Class com.google.common.collect.Maps$3                                                : loaded 3 times (x 81B)
Class kotlin.reflect.jvm.internal.EmptyContainerForLocal                              : loaded 3 times (x 83B)
Class kotlin.reflect.jvm.internal.ReflectProperties$Val$1                             : loaded 3 times (x 70B)
Class kotlin.reflect.jvm.internal.ClassValueCache                                     : loaded 3 times (x 73B)
Class kotlin.io.CloseableKt                                                           : loaded 3 times (x 70B)
Class com.google.common.collect.Sets$3$1                                              : loaded 3 times (x 81B)
Class [Lkotlin.reflect.jvm.internal.impl.builtins.jvm.JavaToKotlinClassMap$PlatformMutabilityMapping;: loaded 3 times (x 68B)
Class com.google.common.base.CaseFormat                                               : loaded 3 times (x 82B)
Class com.google.common.collect.Iterators$SingletonIterator                           : loaded 3 times (x 80B)
Class com.google.common.collect.AbstractMapBasedMultimap$Itr                          : loaded 3 times (x 82B)
Class com.google.common.collect.LinkedHashMultimap$ValueSet                           : loaded 3 times (x 141B)
Class kotlin.reflect.jvm.internal.KTypeParameterOwnerImpl                             : loaded 3 times (x 69B)
Class com.google.common.collect.MultimapBuilder$ArrayListSupplier                     : loaded 3 times (x 76B)
Class com.google.common.collect.LinkedHashMultimapGwtSerializationDependencies        : loaded 3 times (x 173B)
Class com.google.common.collect.ImmutableBiMap$Builder                                : loaded 3 times (x 81B)
Class com.squareup.javapoet.JavaFile$1                                                : loaded 3 times (x 78B)
Class com.google.common.collect.ImmutableListMultimap$Builder                         : loaded 3 times (x 85B)
Class com.google.common.collect.Maps$TransformedEntriesMap                            : loaded 3 times (x 126B)
Class com.google.common.collect.MultimapBuilder$MultimapBuilderWithKeys$6             : loaded 3 times (x 75B)
Class com.google.common.collect.NaturalOrdering                                       : loaded 3 times (x 114B)
Class com.google.common.base.CaseFormat$5                                             : loaded 3 times (x 82B)
Class kotlin.reflect.jvm.internal.impl.name.SpecialNames                              : loaded 3 times (x 70B)
Class kotlin.reflect.jvm.internal.impl.builtins.StandardNames$FqNames                 : loaded 3 times (x 70B)
Class com.google.common.collect.MultimapBuilder$MultimapBuilderWithKeys$3             : loaded 3 times (x 75B)
Class [Lkotlin.reflect.jvm.internal.impl.resolve.jvm.JvmPrimitiveType;                : loaded 3 times (x 68B)
Class com.google.common.collect.LinkedHashMultimap$ValueSet$1                         : loaded 3 times (x 81B)
Class com.google.common.base.CaseFormat$StringConverter                               : loaded 3 times (x 89B)
Class kotlin.reflect.jvm.internal.impl.name.StandardClassIds                          : loaded 3 times (x 70B)
Class kotlin.reflect.jvm.internal.impl.builtins.CompanionObjectMapping                : loaded 3 times (x 70B)
Class com.google.devtools.ksp.symbol.KSNode                                           : loaded 3 times (x 69B)
Class kotlin.reflect.jvm.internal.KPropertyImpl$Companion                             : loaded 3 times (x 70B)
Class com.squareup.javapoet.TypeSpec$Builder                                          : loaded 3 times (x 71B)
Class kotlin.sequences.FilteringSequence                                              : loaded 3 times (x 74B)
Class com.squareup.javapoet.TypeName                                                  : loaded 3 times (x 80B)
Class com.squareup.javapoet.JavaFile                                                  : loaded 3 times (x 71B)
Class com.google.common.base.CaseFormat$4                                             : loaded 3 times (x 82B)
Class kotlin.reflect.jvm.internal.impl.builtins.StandardNames                         : loaded 3 times (x 70B)
Class kotlin.reflect.jvm.internal.ReflectProperties$LazySoftVal                       : loaded 3 times (x 77B)
Class com.squareup.javapoet.ClassName                                                 : loaded 3 times (x 83B)
Class com.google.common.collect.Maps$IteratorBasedAbstractMap$1                       : loaded 3 times (x 137B)
Class kotlin.sequences.FilteringSequence$iterator$1                                   : loaded 3 times (x 78B)
Class kotlin.reflect.jvm.internal.impl.builtins.jvm.JavaToKotlinClassMap$PlatformMutabilityMapping: loaded 3 times (x 71B)
Class com.google.devtools.ksp.symbol.KSDeclaration                                    : loaded 3 times (x 69B)
Class com.google.common.collect.HashMultiset                                          : loaded 3 times (x 162B)
Class [Ldagger.hilt.processor.internal.optionvalues.GradleProjectType;                : loaded 3 times (x 68B)
Class com.google.common.collect.RegularImmutableBiMap$Inverse                         : loaded 3 times (x 142B)
Class com.squareup.javapoet.LineWrapper$RecordingAppendable                           : loaded 3 times (x 76B)
Class kotlin.reflect.jvm.internal.ReflectionFactoryImpl                               : loaded 3 times (x 90B)
Class com.squareup.javapoet.CodeBlock                                                 : loaded 3 times (x 71B)
Class kotlin.reflect.jvm.internal.KCallableImpl                                       : loaded 3 times (x 104B)
Class com.google.common.collect.AbstractTable                                         : loaded 3 times (x 119B)
Class dagger.hilt.processor.internal.optionvalues.GradleProjectType                   : loaded 3 times (x 78B)
Class Build_gradle                                                                    : loaded 3 times (x 129B)
Class com.google.common.collect.MultimapBuilder                                       : loaded 3 times (x 72B)
Class com.google.common.collect.HashMultimap                                          : loaded 3 times (x 173B)
Class com.squareup.javapoet.CodeBlock$Builder                                         : loaded 3 times (x 71B)
Class com.google.common.collect.ForwardingObject                                      : loaded 3 times (x 71B)
Class kotlin.reflect.jvm.internal.impl.builtins.functions.FunctionTypeKind$Function   : loaded 3 times (x 71B)
Class com.squareup.javapoet.CodeWriter                                                : loaded 3 times (x 71B)
Class com.google.common.base.CaseFormat$3                                             : loaded 3 times (x 82B)
Class com.google.common.collect.SortedIterables                                       : loaded 3 times (x 70B)
Class com.google.common.collect.CompoundOrdering                                      : loaded 3 times (x 114B)
Class com.google.common.collect.FluentIterable$3$1                                    : loaded 3 times (x 97B)
Class com.google.common.collect.MultimapBuilder$MultimapBuilderWithKeys$4             : loaded 3 times (x 75B)
Class com.squareup.javapoet.Util                                                      : loaded 3 times (x 70B)
Class [Lcom.squareup.javapoet.TypeSpec$Kind;                                          : loaded 3 times (x 68B)
Class kotlin.reflect.jvm.internal.impl.resolve.jvm.JvmPrimitiveType                   : loaded 3 times (x 78B)
Class com.google.common.collect.MultimapBuilder$SetMultimapBuilder                    : loaded 3 times (x 74B)
Class kotlin.reflect.jvm.internal.impl.name.FqNamesUtilKt                             : loaded 3 times (x 70B)
Class kotlin.jvm.internal.PropertyReference2                                          : loaded 3 times (x 126B)
Class com.google.common.collect.ForwardingSet                                         : loaded 3 times (x 150B)
Class [Lkotlin.reflect.jvm.internal.impl.builtins.PrimitiveType;                      : loaded 3 times (x 68B)
Class com.google.common.collect.Iterables$5                                           : loaded 3 times (x 80B)
Class kotlin.comparisons.NaturalOrderComparator                                       : loaded 3 times (x 87B)
Class kotlin.reflect.jvm.internal.impl.descriptors.runtime.structure.ReflectClassUtilKt: loaded 3 times (x 70B)
Class com.squareup.javapoet.TypeVariableName                                          : loaded 3 times (x 80B)
Class kotlin.jvm.internal.MutablePropertyReference0                                   : loaded 3 times (x 136B)
Class com.google.common.base.CaseFormat$2                                             : loaded 3 times (x 82B)
Class com.google.common.collect.HashMultimapGwtSerializationDependencies              : loaded 3 times (x 173B)
Class com.google.common.collect.HashBasedTable$Factory                                : loaded 3 times (x 78B)
Class com.google.common.collect.Multimaps$CustomListMultimap                          : loaded 3 times (x 173B)
Class com.google.common.collect.NullsLastOrdering                                     : loaded 3 times (x 114B)
Class com.google.common.collect.ReverseOrdering                                       : loaded 3 times (x 114B)
Class kotlin.io.FilesKt__UtilsKt                                                      : loaded 3 times (x 70B)
Class com.google.common.collect.LinkedHashMultimap$ValueSetLink                       : loaded 3 times (x 69B)
Class com.google.common.collect.MultimapBuilder$ListMultimapBuilder                   : loaded 3 times (x 74B)
Class com.google.common.base.CaseFormat$1                                             : loaded 3 times (x 82B)
Class com.google.common.collect.AbstractMapBasedMultimap$AsMap$AsMapIterator          : loaded 3 times (x 82B)
Class kotlin.reflect.jvm.internal.KPropertyImpl                                       : loaded 3 times (x 114B)
Class com.google.common.collect.LinkedHashMultimap$ValueEntry                         : loaded 3 times (x 88B)
Class com.google.common.collect.Ordering                                              : loaded 3 times (x 113B)
Class kotlin.io.FilesKt__FileTreeWalkKt                                               : loaded 3 times (x 70B)
Class com.google.common.collect.ImmutableMap$IteratorBasedImmutableMap$1EntrySetImpl  : loaded 3 times (x 153B)
Class kotlin.reflect.jvm.internal.ComputableClassValue                                : loaded 3 times (x 79B)
Class com.google.common.collect.ImmutableSetMultimap$Builder                          : loaded 3 times (x 85B)
Class com.google.common.collect.HashBasedTable                                        : loaded 3 times (x 123B)
Class com.google.common.collect.ImmutableMapEntry$NonTerminalImmutableBiMapEntry      : loaded 3 times (x 84B)
Class kotlin.io.TerminateException                                                    : loaded 3 times (x 81B)
Class kotlin.jvm.internal.MutablePropertyReference2                                   : loaded 3 times (x 136B)
Class com.google.common.collect.MultimapBuilder$MultimapBuilderWithKeys               : loaded 3 times (x 81B)
Class com.google.common.collect.ImmutableMapValues                                    : loaded 3 times (x 125B)
Class kotlin.reflect.jvm.internal.impl.builtins.functions.FunctionTypeKind$KFunction  : loaded 3 times (x 71B)
Class com.google.common.collect.EmptyImmutableSetMultimap                             : loaded 3 times (x 179B)
Class com.google.devtools.ksp.symbol.KSAnnotated                                      : loaded 3 times (x 69B)
Class com.google.common.collect.AbstractMapBasedMultiset                              : loaded 3 times (x 162B)
Class com.google.devtools.ksp.symbol.KSExpectActual                                   : loaded 3 times (x 69B)
Class com.google.common.collect.AllEqualOrdering                                      : loaded 3 times (x 113B)
Class com.google.common.base.Functions                                                : loaded 3 times (x 70B)
Class [Lcom.google.common.collect.LinkedHashMultimap$ValueSetLink;                    : loaded 3 times (x 68B)
Class kotlin.reflect.jvm.internal.KDeclarationContainerImpl                           : loaded 3 times (x 83B)
Class com.google.devtools.ksp.symbol.KSModifierListOwner                              : loaded 3 times (x 69B)
Class com.google.common.base.Verify                                                   : loaded 3 times (x 70B)
Class kotlin.io.FilesKt__FilePathComponentsKt                                         : loaded 3 times (x 70B)
Class kotlin.reflect.jvm.internal.KDeclarationContainerImpl$Data                      : loaded 3 times (x 71B)
Class kotlin.reflect.jvm.internal.impl.builtins.functions.FunctionTypeKind            : loaded 3 times (x 71B)
Class kotlin.reflect.jvm.internal.RuntimeTypeMapper                                   : loaded 3 times (x 70B)
Class kotlin.reflect.jvm.internal.impl.builtins.PrimitiveType                         : loaded 3 times (x 78B)
Class com.google.common.collect.ForwardingCollection                                  : loaded 3 times (x 129B)
Class com.google.common.base.VerifyException                                          : loaded 3 times (x 81B)
Class com.google.common.collect.NullsFirstOrdering                                    : loaded 3 times (x 114B)
Class com.google.common.collect.Iterators$6                                           : loaded 3 times (x 80B)
Class kotlin.reflect.jvm.internal.impl.name.Name                                      : loaded 3 times (x 74B)
Class kotlin.reflect.jvm.internal.impl.name.ClassId                                   : loaded 3 times (x 71B)
Class kotlin.collections.ArrayAsCollection                                            : loaded 3 times (x 104B)
Class com.google.common.collect.StandardTable                                         : loaded 3 times (x 123B)
Class com.google.common.collect.ImmutableSortedSet$Builder                            : loaded 3 times (x 85B)
Class com.google.common.collect.ImmutableSetMultimap$EntrySet                         : loaded 3 times (x 145B)
Class kotlin.reflect.jvm.internal.impl.utils.CollectionsKt                            : loaded 3 times (x 70B)
Class com.google.common.collect.AbstractMultiset                                      : loaded 3 times (x 158B)
Class com.google.common.collect.ByFunctionOrdering                                    : loaded 3 times (x 114B)
Class com.google.common.collect.MultimapBuilder$MultimapBuilderWithKeys$5             : loaded 3 times (x 77B)
Class kotlin.reflect.jvm.internal.CacheByClassKt                                      : loaded 3 times (x 70B)
Class Build_gradle$1                                                                  : loaded 3 times (x 74B)
Class com.google.common.collect.ComparatorOrdering                                    : loaded 3 times (x 114B)
Class kotlin.reflect.full.IllegalCallableAccessException                              : loaded 3 times (x 81B)
Class com.google.common.base.Functions$ConstantFunction                               : loaded 3 times (x 83B)
Class dagger.internal.codegen.validation.ProvidesMethodValidator_Factory              : loaded 2 times (x 81B)
Class dagger.spi.internal.shaded.androidx.room.compiler.processing.javac.JavacTypeElement$allFieldsIncludingPrivateSupers$1: loaded 2 times (x 78B)
Class dagger.spi.model.BindingKind                                                    : loaded 2 times (x 78B)
Class dagger.spi.internal.shaded.androidx.room.compiler.processing.javac.JavacTypeElement$allMethods$1: loaded 2 times (x 78B)
Class org.objectweb.asm.Symbol                                                        : loaded 2 times (x 72B)
Class dagger.spi.internal.shaded.kotlin.metadata.Attributes$hasAnnotations$26         : loaded 2 times (x 136B)
Class com.google.common.graph.MultiEdgesConnecting                                    : loaded 2 times (x 136B)
Class [Ldagger.internal.codegen.validation.ModuleValidator$ModuleMethodKind;          : loaded 2 times (x 68B)
Class dagger.internal.codegen.writing.ProducerFactoryGenerator_Factory                : loaded 2 times (x 81B)
Class dagger.internal.codegen.ServiceLoaders$1                                        : loaded 2 times (x 70B)
Class dagger.spi.internal.shaded.androidx.room.compiler.processing.javac.JavacMethodParameter$jvmName$2: loaded 2 times (x 78B)
Class dagger.spi.internal.shaded.kotlin.metadata.internal.protobuf.SmallSortedMap$EmptySet: loaded 2 times (x 70B)
Class dagger.internal.codegen.binding.DependencyRequestFormatter_Factory              : loaded 2 times (x 81B)
Class dagger.spi.internal.shaded.kotlin.metadata.internal.metadata.ProtoBuf$Function$1: loaded 2 times (x 143B)
Class com.google.common.reflect.TypeToken                                             : loaded 2 times (x 72B)
Class dagger.internal.codegen.binding.AutoValue_SubcomponentCreatorBinding            : loaded 2 times (x 90B)
Class dagger.hilt.processor.internal.root.RootFileFormatter                           : loaded 2 times (x 70B)
Class dagger.spi.internal.shaded.androidx.room.compiler.processing.XHasModifiers      : loaded 2 times (x 69B)
Class dagger.internal.codegen.writing.SwitchingProviderInstanceSupplier               : loaded 2 times (x 74B)
Class [[Ldagger.internal.codegen.compileroption.ProcessingEnvironmentCompilerOptions$CommandLineOption;: loaded 2 times (x 68B)
Class org.gradle.internal.classloader.ClassLoaderFactory                              : loaded 2 times (x 69B)
Class dagger.internal.codegen.writing.ProviderInstanceRequestRepresentation_Factory   : loaded 2 times (x 71B)
Class dagger.internal.codegen.binding.ComponentDependencyProvisionBinding             : loaded 2 times (x 89B)
Class dagger.hilt.android.processor.internal.androidentrypoint.AndroidEntryPointMetadata$Type: loaded 2 times (x 71B)
Class dagger.internal.codegen.base.DaggerSuperficialValidation                        : loaded 2 times (x 71B)
Class dagger.internal.codegen.componentgenerator.CurrentImplementationSubcomponent_ChildComponentImplementationFactoryModule_ProvideTopLevelImplementationFactory: loaded 2 times (x 81B)
Class com.google.common.util.concurrent.AbstractFuture$Waiter                         : loaded 2 times (x 71B)
Class dagger.internal.codegen.compileroption.ProcessingEnvironmentCompilerOptions$Validation: loaded 2 times (x 92B)
Class dagger.spi.internal.shaded.kotlin.metadata.internal.protobuf.WireFormat$FieldType: loaded 2 times (x 82B)
Class dagger.internal.codegen.writing.FrameworkInstanceKind                           : loaded 2 times (x 78B)
Class dagger.internal.codegen.binding.MembersInjectionBinding$Builder                 : loaded 2 times (x 74B)
Class dagger.internal.codegen.binding.ErrorMessages$Messages                          : loaded 2 times (x 71B)
Class dagger.spi.internal.shaded.androidx.room.compiler.processing.javac.JavacAnnotationValueKt: loaded 2 times (x 70B)
Class com.google.common.util.concurrent.Uninterruptibles                              : loaded 2 times (x 70B)
Class dagger.spi.internal.shaded.androidx.room.compiler.processing.javac.JavacTypeVariableType: loaded 2 times (x 208B)
Class kotlin.reflect.jvm.internal.impl.builtins.PrimitiveType$arrayTypeFqName$2       : loaded 2 times (x 78B)
Class jdk.internal.jimage.ImageHeader                                                 : loaded 2 times (x 70B)
Class dagger.internal.codegen.validation.SpiModelBindingGraphConverter$BindingNodeImpl: loaded 2 times (x 103B)
Class dagger.internal.codegen.binding.AutoValue_ComponentNodeImpl                     : loaded 2 times (x 85B)
Class dagger.internal.codegen.bindinggraphvalidation.NullableBindingValidator         : loaded 2 times (x 84B)
Class dagger.internal.codegen.bindinggraphvalidation.SubcomponentFactoryMethodValidator_Factory$InstanceHolder: loaded 2 times (x 70B)
Class kotlin.time.DurationJvmKt                                                       : loaded 2 times (x 70B)
Class org.gradle.api.internal.classpath.ManifestUtil                                  : loaded 2 times (x 70B)
Class org.gradle.api.specs.Spec                                                       : loaded 2 times (x 69B)
Class dagger.hilt.processor.internal.ClassNames                                       : loaded 2 times (x 70B)
Class com.google.common.collect.RangeSet                                              : loaded 2 times (x 69B)
Class dagger.internal.codegen.binding.$AutoValue_MultiboundMapBinding$Builder         : loaded 2 times (x 96B)
Class com.google.common.base.CharMatcher$Whitespace                                   : loaded 2 times (x 111B)
Class dagger.internal.codegen.validation.AutoValue_SpiModelBindingGraphConverter_BindingGraphImpl: loaded 2 times (x 95B)
Class dagger.spi.internal.shaded.androidx.room.compiler.processing.javac.JavacType    : loaded 2 times (x 184B)
Class [Ldagger.internal.codegen.writing.ComponentImplementation$CompilerMode;         : loaded 2 times (x 68B)
Class dagger.internal.codegen.binding.AutoValue_MembersInjectionBinding               : loaded 2 times (x 83B)
Class [Ldagger.internal.codegen.validation.BindingElementValidator$AllowsScoping;     : loaded 2 times (x 68B)
Class dagger.internal.codegen.xprocessing.XTypes$1                                    : loaded 2 times (x 70B)
Class com.google.common.util.concurrent.ListenableFuture                              : loaded 2 times (x 69B)
Class com.google.common.collect.MapMaker$Dummy                                        : loaded 2 times (x 78B)
Class kotlin.jvm.internal.Ref$ObjectRef                                               : loaded 2 times (x 71B)
Class org.apache.http.client.methods.AbortableHttpRequest                             : loaded 2 times (x 69B)
Class dagger.spi.internal.shaded.androidx.room.compiler.processing.javac.kotlin.KmFunctionContainer: loaded 2 times (x 69B)
Class dagger.internal.codegen.bindinggraphvalidation.BindingGraphValidationModule_ProvidePluginsFactory: loaded 2 times (x 81B)
Class dagger.spi.internal.shaded.androidx.room.compiler.processing.javac.JavacMethodElement$returnType$2: loaded 2 times (x 78B)
Class dagger.internal.codegen.binding.AutoValue_BindingGraph_TopLevelBindingGraph     : loaded 2 times (x 99B)
Class dagger.spi.internal.shaded.androidx.room.compiler.processing.javac.JavacMethodType$typeVariables$2: loaded 2 times (x 78B)
Class org.jetbrains.kotlin.build.report.metrics.BuildMetricsReporter                  : loaded 2 times (x 69B)
Class kotlin.jvm.internal.ArrayIterator                                               : loaded 2 times (x 78B)
Class dagger.internal.codegen.binding.DeclarationFormatter                            : loaded 2 times (x 85B)
Class dagger.internal.codegen.binding.ProvisionBinding                                : loaded 2 times (x 89B)
Class dagger.spi.internal.shaded.androidx.room.compiler.processing.XNullability       : loaded 2 times (x 78B)
Class [Ldagger.spi.model.RequestKind;                                                 : loaded 2 times (x 68B)
Class dagger.internal.codegen.validation.$AutoValue_SpiModelBindingGraphConverter_BindingGraphImpl: loaded 2 times (x 95B)
Class dagger.spi.internal.shaded.androidx.room.compiler.processing.javac.JavacFieldElement$kotlinMetadata$2: loaded 2 times (x 78B)
Class dagger.spi.internal.shaded.androidx.room.compiler.processing.javac.JavacTypeElement$DefaultJavacTypeElement: loaded 2 times (x 297B)
Class dagger.spi.internal.shaded.kotlin.metadata.internal.metadata.ProtoBuf$TypeParameter$Variance: loaded 2 times (x 81B)
Class org.jetbrains.org.objectweb.asm.ClassWriter                                     : loaded 2 times (x 105B)
Class dagger.internal.codegen.writing.ProducerNodeInstanceRequestRepresentation_Factory: loaded 2 times (x 71B)
Class [Ldagger.spi.internal.shaded.androidx.room.compiler.processing.XProcessingEnv$Backend;: loaded 2 times (x 68B)
Class com.google.common.collect.Iterators$3                                           : loaded 2 times (x 81B)
Class kotlin.coroutines.jvm.internal.ContinuationImpl                                 : loaded 2 times (x 86B)
Class dagger.internal.codegen.validation.DiagnosticMessageGenerator$Factory           : loaded 2 times (x 71B)
Class dagger.internal.codegen.binding.OptionalBindingDeclaration                      : loaded 2 times (x 73B)
Class [Ldagger.internal.codegen.validation.BindingMethodValidator$Abstractness;       : loaded 2 times (x 68B)
Class dagger.spi.internal.shaded.kotlin.metadata.internal.metadata.deserialization.Flags$EnumLiteFlagField: loaded 2 times (x 75B)
Class dagger.hilt.android.processor.internal.bindvalue.AutoValue_BindValueMetadata    : loaded 2 times (x 73B)
Class kotlin.ranges.OpenEndRange                                                      : loaded 2 times (x 69B)
Class com.google.common.graph.IncidentEdgeSet                                         : loaded 2 times (x 135B)
Class com.google.common.util.concurrent.AbstractFuture$UnsafeAtomicHelper             : loaded 2 times (x 77B)
Class dagger.internal.codegen.binding.KeyFactory$1                                    : loaded 2 times (x 70B)
Class dagger.internal.codegen.processingstep.BindingMethodProcessingStep_Factory      : loaded 2 times (x 81B)
Class dagger.internal.codegen.processingstep.AssistedInjectProcessingStep_Factory     : loaded 2 times (x 81B)
Class dagger.internal.codegen.validation.ModuleValidator$ModuleMethodKind             : loaded 2 times (x 78B)
Class dagger.spi.internal.shaded.kotlin.metadata.internal.protobuf.MessageLite$Builder: loaded 2 times (x 69B)
Class dagger.internal.codegen.writing.ImmediateFutureRequestRepresentation_Factory    : loaded 2 times (x 71B)
Class dagger.internal.codegen.binding.$AutoValue_SubcomponentDeclaration              : loaded 2 times (x 77B)
Class dagger.internal.codegen.writing.StaticFactoryInstanceSupplier_Factory           : loaded 2 times (x 71B)
Class dagger.internal.codegen.binding.ComponentDependencyBinding                      : loaded 2 times (x 89B)
Class [Ldagger.spi.internal.shaded.androidx.room.compiler.processing.XType;           : loaded 2 times (x 68B)
Class dagger.internal.codegen.binding.BindingType                                     : loaded 2 times (x 78B)
Class dagger.internal.codegen.binding.ComponentCreatorDescriptor                      : loaded 2 times (x 78B)
Class dagger.internal.codegen.writing.ComponentNames_Factory                          : loaded 2 times (x 81B)
Class dagger.spi.internal.shaded.androidx.room.compiler.processing.XTypeVariableType  : loaded 2 times (x 69B)
Class dagger.hilt.processor.internal.HiltCompilerOptions                              : loaded 2 times (x 70B)
Class dagger.spi.internal.shaded.androidx.room.compiler.processing.javac.kotlin.KmConstructorContainer: loaded 2 times (x 99B)
Class dagger.internal.codegen.processingstep.ComponentHjarProcessingStep_Factory      : loaded 2 times (x 81B)
Class dagger.internal.codegen.ServiceLoaders                                          : loaded 2 times (x 70B)
Class org.gradle.internal.IoActions                                                   : loaded 2 times (x 70B)
Class com.google.common.collect.MapMakerInternalMap$StrongKeyDummyValueEntry$Helper   : loaded 2 times (x 78B)
Class dagger.internal.codegen.model.RequestKind                                       : loaded 2 times (x 78B)
Class dagger.internal.codegen.validation.DiagnosticMessageGenerator_Factory_Factory   : loaded 2 times (x 81B)
Class dagger.spi.internal.shaded.kotlin.metadata.KmDeclarationContainer               : loaded 2 times (x 69B)
Class [Lcom.squareup.javapoet.LineWrapper$FlushType;                                  : loaded 2 times (x 68B)
Class dagger.internal.codegen.validation.BindingMethodValidator                       : loaded 2 times (x 77B)
Class dagger.spi.internal.shaded.androidx.room.compiler.processing.javac.JavacMethodElement$executableType$2: loaded 2 times (x 78B)
Class dagger.internal.codegen.writing.ComponentImplementation$FieldSpecKind           : loaded 2 times (x 78B)
Class kotlin.reflect.jvm.internal.KProperty1Impl$_getter$1                            : loaded 2 times (x 78B)
Class Settings_gradle$1$1$1                                                           : loaded 2 times (x 73B)
Class dagger.internal.codegen.binding.ComponentDeclarations_Factory_Factory           : loaded 2 times (x 81B)
Class [Lorg.jetbrains.kotlin.build.report.metrics.BuildTime;                          : loaded 2 times (x 68B)
Class dagger.spi.internal.shaded.kotlin.metadata.KmClassifier$TypeParameter           : loaded 2 times (x 70B)
Class dagger.internal.codegen.writing.InaccessibleMapKeyProxyGenerator                : loaded 2 times (x 76B)
Class dagger.hilt.processor.internal.earlyentrypoint.AutoValue_AggregatedEarlyEntryPointMetadata: loaded 2 times (x 73B)
Class kotlin.collections.ArrayDeque                                                   : loaded 2 times (x 168B)
Class dagger.spi.internal.shaded.androidx.room.compiler.processing.XVariableElement   : loaded 2 times (x 69B)
Class dagger.internal.codegen.validation.SpiModelBindingGraphConverter$DiagnosticReporterImpl: loaded 2 times (x 75B)
Class dagger.spi.internal.shaded.androidx.room.compiler.processing.javac.JavacType$xTypeName$2: loaded 2 times (x 78B)
Class org.apache.http.HttpMessage                                                     : loaded 2 times (x 69B)
Class dagger.internal.codegen.writing.MapRequestRepresentation$Factory                : loaded 2 times (x 69B)
Class dagger.internal.codegen.bindinggraphvalidation.ProvisionDependencyOnProducerBindingValidator_Factory$InstanceHolder: loaded 2 times (x 70B)
Class dagger.internal.codegen.base.MapType                                            : loaded 2 times (x 71B)
Class dagger.internal.codegen.writing.ComponentRequirementRequestRepresentation$Factory: loaded 2 times (x 71B)
Class [Lcom.google.common.base.Function;                                              : loaded 2 times (x 68B)
Class com.google.common.graph.Traverser$1                                             : loaded 2 times (x 73B)
Class dagger.internal.codegen.binding.MultibindingDeclaration$Factory                 : loaded 2 times (x 71B)
Class dagger.internal.codegen.bindinggraphvalidation.InvalidProductionBindingScopeValidator_Factory$InstanceHolder: loaded 2 times (x 70B)
Class com.google.common.graph.Traverser$2                                             : loaded 2 times (x 73B)
Class com.google.common.collect.RangeGwtSerializationDependencies                     : loaded 2 times (x 70B)
Class dagger.internal.codegen.validation.ComponentCreatorValidator$ElementValidator   : loaded 2 times (x 71B)
Class dagger.internal.codegen.validation.InjectBindingRegistryImpl                    : loaded 2 times (x 80B)
Class com.google.common.graph.Traverser$3                                             : loaded 2 times (x 79B)
Class kotlin.io.TextStreamsKt                                                         : loaded 2 times (x 70B)
Class com.google.common.graph.Traverser$4                                             : loaded 2 times (x 79B)
Class dagger.internal.codegen.processingstep.AssistedFactoryProcessingStep_Factory    : loaded 2 times (x 81B)
Class com.squareup.kotlinpoet.WildcardTypeName                                        : loaded 2 times (x 85B)
Class com.google.common.graph.Traverser$5                                             : loaded 2 times (x 79B)
Class dagger.internal.codegen.writing.AnonymousProviderCreationExpression_Factory     : loaded 2 times (x 71B)
Class dagger.internal.codegen.writing.ComponentRequirementExpressions_Factory         : loaded 2 times (x 81B)
Class dagger.internal.codegen.extension.DaggerGraphs                                  : loaded 2 times (x 70B)
Class dagger.internal.codegen.binding.$AutoValue_LegacyBindingGraphFactory_LegacyResolvedBindings: loaded 2 times (x 76B)
Class dagger.spi.internal.shaded.kotlin.metadata.internal.extensions.KmExtension      : loaded 2 times (x 69B)
Class com.google.common.graph.ForwardingGraph                                         : loaded 2 times (x 135B)
Class dagger.internal.codegen.base.SetType                                            : loaded 2 times (x 71B)
Class dagger.internal.codegen.DaggerDelegateComponentProcessor_Injector               : loaded 2 times (x 70B)
Class dagger.internal.codegen.validation.SpiModelBindingGraphConverter$ComponentNodeImpl: loaded 2 times (x 86B)
Class com.google.common.collect.FilteredKeyMultimap$Entries                           : loaded 2 times (x 130B)
Class kotlin.reflect.jvm.internal.KCallableImpl$parametersNeedMFVCFlattening$1        : loaded 2 times (x 78B)
Class dagger.hilt.processor.internal.HiltCompilerOptions$EnumOption                   : loaded 2 times (x 71B)
Class jdk.internal.jimage.decompressor.StringSharingDecompressorFactory               : loaded 2 times (x 73B)
Class dagger.internal.codegen.validation.DependencyRequestValidator$Validator         : loaded 2 times (x 71B)
Class kotlin.reflect.jvm.internal.KClassImpl$Data$sealedSubclasses$2                  : loaded 2 times (x 78B)
Class dagger.internal.codegen.model.BindingGraph$MaybeBinding                         : loaded 2 times (x 69B)
Class [Lcom.google.common.graph.ElementOrder$Type;                                    : loaded 2 times (x 68B)
Class org.apache.http.HttpEntity                                                      : loaded 2 times (x 69B)
Class dagger.internal.codegen.DaggerDelegateComponentProcessor_Injector$TopLevelImplementationComponentImpl$1: loaded 2 times (x 81B)
Class [Ldagger.spi.internal.shaded.kotlin.metadata.internal.metadata.ProtoBuf$Expression$ConstantValue;: loaded 2 times (x 68B)
Class com.squareup.kotlinpoet.Taggable                                                : loaded 2 times (x 69B)
Class dagger.internal.codegen.writing.SwitchingProviders                              : loaded 2 times (x 71B)
Class dagger.spi.internal.shaded.androidx.room.compiler.processing.javac.TypeMirrorExtKt: loaded 2 times (x 70B)
Class dagger.internal.codegen.writing.FactoryGenerator_Factory                        : loaded 2 times (x 81B)
Class dagger.internal.codegen.base.ElementFormatter_Factory                           : loaded 2 times (x 80B)
Class dagger.spi.internal.shaded.kotlin.metadata.internal.extensions.KmFunctionExtension: loaded 2 times (x 69B)
Class dagger.spi.internal.shaded.kotlin.metadata.internal.protobuf.SmallSortedMap$EmptySet$1: loaded 2 times (x 77B)
Class [Ldagger.hilt.processor.internal.optionvalues.BooleanValue;                     : loaded 2 times (x 68B)
Class dagger.internal.codegen.binding.$AutoValue_MultiboundSetBinding$Builder         : loaded 2 times (x 96B)
Class dagger.spi.internal.shaded.kotlin.metadata.internal.protobuf.SmallSortedMap$EmptySet$2: loaded 2 times (x 77B)
Class dagger.spi.internal.shaded.androidx.room.compiler.processing.javac.JavacBasicAnnotationProcessor$commonDelegate$2: loaded 2 times (x 78B)
Class dagger.internal.codegen.validation.AutoValue_SpiModelBindingGraphConverter_ComponentNodeImpl: loaded 2 times (x 87B)
Class dagger.internal.codegen.binding.ErrorMessages$1                                 : loaded 2 times (x 70B)
Class dagger.internal.codegen.processingstep.MultibindingAnnotationsProcessingStep    : loaded 2 times (x 85B)
Class dagger.spi.internal.shaded.kotlin.metadata.internal.metadata.deserialization.VersionRequirementTable$Companion: loaded 2 times (x 70B)
Class kotlin.reflect.jvm.internal.CachesKt$CACHE_FOR_GENERIC_CLASSIFIERS$1            : loaded 2 times (x 77B)
Class dagger.internal.codegen.writing.OptionalRequestRepresentation_Factory_Impl      : loaded 2 times (x 74B)
Class dagger.internal.codegen.validation.MembersInjectionValidator_Factory            : loaded 2 times (x 81B)
Class org.jetbrains.kotlin.build.report.metrics.GradleBuildTime$Companion             : loaded 2 times (x 70B)
Class dagger.internal.codegen.writing.DependencyMethodProviderCreationExpression$Factory: loaded 2 times (x 69B)
Class dagger.internal.codegen.binding.OptionalBinding                                 : loaded 2 times (x 90B)
Class [Ldagger.internal.codegen.compileroption.FeatureStatus;                         : loaded 2 times (x 68B)
Class dagger.spi.internal.shaded.androidx.room.compiler.processing.javac.JavacProcessingEnv$typeElementStore$1: loaded 2 times (x 78B)
Class [Lorg.apache.commons.io.StandardLineSeparator;                                  : loaded 2 times (x 68B)
Class androidx.room.processor.Context                                                 : loaded 2 times (x 71B)
Class dagger.spi.internal.shaded.kotlin.metadata.internal.metadata.ProtoBuf$ValueParameter: loaded 2 times (x 127B)
Class dagger.spi.internal.shaded.androidx.room.compiler.processing.javac.JavacProcessingEnv$typeElementStore$2: loaded 2 times (x 77B)
Class dagger.spi.internal.shaded.kotlin.metadata.internal.ReadContext                 : loaded 2 times (x 71B)
Class dagger.spi.internal.shaded.auto.common.Overrides$ExplicitOverrides              : loaded 2 times (x 75B)
Class dagger.spi.internal.shaded.androidx.room.compiler.processing.javac.JavacProcessingEnv$typeElementStore$3: loaded 2 times (x 78B)
Class [Lorg.objectweb.asm.Attribute;                                                  : loaded 2 times (x 68B)
Class dagger.internal.codegen.writing.OptionalFactories_PerGeneratedFileCache_Factory$InstanceHolder: loaded 2 times (x 70B)
Class org.jetbrains.org.objectweb.asm.AnnotationVisitor                               : loaded 2 times (x 77B)
Class org.gradle.api.internal.classpath.EffectiveClassPath                            : loaded 2 times (x 89B)
Class dagger.spi.internal.shaded.androidx.room.compiler.processing.XPackageElement    : loaded 2 times (x 69B)
Class kotlin.time.Duration                                                            : loaded 2 times (x 73B)
Class org.apache.commons.io.StandardLineSeparator                                     : loaded 2 times (x 78B)
Class org.apache.commons.io.output.AppendableWriter                                   : loaded 2 times (x 99B)
Class org.apache.http.client.methods.Configurable                                     : loaded 2 times (x 69B)
Class dagger.internal.codegen.binding.AutoValue_BindingNode                           : loaded 2 times (x 108B)
Class dagger.internal.codegen.writing.DirectInstanceBindingRepresentation             : loaded 2 times (x 71B)
Class dagger.spi.internal.shaded.androidx.room.compiler.processing.javac.JavacTypeElement$JavacEnumTypeElement$entries$2: loaded 2 times (x 78B)
Class dagger.spi.internal.shaded.androidx.room.compiler.processing.XElement           : loaded 2 times (x 69B)
Class com.google.common.io.Files                                                      : loaded 2 times (x 70B)
Class com.google.common.collect.Multisets                                             : loaded 2 times (x 70B)
Class dagger.internal.codegen.writing.ProviderInstanceRequestRepresentation           : loaded 2 times (x 75B)
Class kotlin.text.MatchGroupCollection                                                : loaded 2 times (x 69B)
Class dagger.spi.model.BindingGraph$Edge                                              : loaded 2 times (x 69B)
Class dagger.internal.codegen.binding.LegacyBindingGraphConverter                     : loaded 2 times (x 70B)
Class dagger.internal.codegen.binding.$AutoValue_MultibindingDeclaration              : loaded 2 times (x 78B)
Class dagger.internal.codegen.writing.ComponentImplementation_Factory                 : loaded 2 times (x 81B)
Class androidx.hilt.ClassNames                                                        : loaded 2 times (x 70B)
Class kotlin.reflect.jvm.internal.KClassImpl$Data$constructors$2                      : loaded 2 times (x 78B)
Class dagger.hilt.processor.internal.definecomponent.DefineComponentProcessor         : loaded 2 times (x 99B)
Class com.google.common.io.CharStreams                                                : loaded 2 times (x 70B)
Class dagger.internal.codegen.DelegateComponentProcessor                              : loaded 2 times (x 71B)
Class dagger.internal.codegen.writing.InjectionOrProvisionProviderCreationExpression$Factory: loaded 2 times (x 69B)
Class dagger.spi.internal.shaded.kotlin.metadata.KmClassifier$TypeAlias               : loaded 2 times (x 71B)
Class com.google.common.base.Predicates$CompositionPredicate                          : loaded 2 times (x 87B)
Class dagger.internal.codegen.binding.AutoValue_OptionalBindingDeclaration            : loaded 2 times (x 74B)
Class androidx.room.compiler.processing.javac.JavacBasicAnnotationProcessor$commonDelegate$2: loaded 2 times (x 78B)
Class dagger.spi.internal.shaded.kotlin.metadata.internal.protobuf.WireFormat$JavaType: loaded 2 times (x 78B)
Class kotlin.reflect.jvm.internal.KClassImpl$Data$nestedClasses$2                     : loaded 2 times (x 78B)
Class dagger.internal.codegen.writing.SimpleMethodRequestRepresentation_Factory_Impl  : loaded 2 times (x 74B)
Class dagger.internal.codegen.writing.MembersInjectionBindingRepresentation_Factory   : loaded 2 times (x 71B)
Class dagger.internal.codegen.binding.$AutoValue_DelegateDeclaration                  : loaded 2 times (x 82B)
Class com.google.common.collect.Interners                                             : loaded 2 times (x 70B)
Class dagger.internal.codegen.model.DaggerAnnotation                                  : loaded 2 times (x 74B)
Class dagger.internal.codegen.extension.DaggerCollectors                              : loaded 2 times (x 70B)
Class kotlin.io.FileTreeWalk$FileTreeWalkIterator                                     : loaded 2 times (x 82B)
Class dagger.internal.codegen.model.AutoValue_DaggerElement                           : loaded 2 times (x 73B)
Class com.google.common.graph.EndpointPairIterator                                    : loaded 2 times (x 81B)
Class dagger.spi.internal.shaded.androidx.room.compiler.processing.javac.kotlin.KmConstructorContainer$parameters$2: loaded 2 times (x 78B)
Class dagger.internal.codegen.kotlin.PropertyMetadata                                 : loaded 2 times (x 71B)
Class dagger.internal.codegen.compileroption.ProcessingEnvironmentCompilerOptions$EnumOption: loaded 2 times (x 69B)
Class [Ldagger.internal.codegen.validation.ValidationBindingGraphPlugin;              : loaded 2 times (x 68B)
Class com.google.common.collect.MapMakerInternalMap$Strength$1                        : loaded 2 times (x 79B)
Class org.gradle.internal.installation.CurrentGradleInstallation                      : loaded 2 times (x 72B)
Class dagger.spi.internal.shaded.kotlin.metadata.internal.FlagDelegatesImplKt$typeBooleanFlag$1: loaded 2 times (x 136B)
Class dagger.spi.internal.shaded.kotlin.metadata.internal.protobuf.RopeByteString     : loaded 2 times (x 109B)
Class dagger.spi.internal.shaded.kotlin.metadata.internal.metadata.jvm.JvmProtoBuf$JvmFieldSignature$1: loaded 2 times (x 143B)
Class kotlin.reflect.jvm.internal.KClassImpl$Data$typeParameters$2                    : loaded 2 times (x 78B)
Class dagger.hilt.android.processor.internal.customtestapplication.CustomTestApplicationProcessor: loaded 2 times (x 99B)
Class com.google.common.collect.MapMakerInternalMap$Strength$2                        : loaded 2 times (x 79B)
Class dagger.internal.codegen.binding.AutoValue_ComponentCreatorDescriptor            : loaded 2 times (x 81B)
Class [Ldagger.spi.internal.shaded.kotlin.metadata.internal.metadata.ProtoBuf$Modality;: loaded 2 times (x 68B)
Class dagger.spi.internal.shaded.kotlin.metadata.internal.metadata.ProtoBuf$AnnotationOrBuilder: loaded 2 times (x 69B)
Class org.gradle.internal.installation.CurrentGradleInstallationLocator               : loaded 2 times (x 70B)
Class dagger.internal.codegen.validation.DiagnosticMessageGenerator$1                 : loaded 2 times (x 86B)
Class androidx.room.compiler.processing.javac.JavacProcessingEnv$messager$2           : loaded 2 times (x 78B)
Class kotlin.reflect.jvm.internal.KClassImpl$Data$inheritedNonStaticMembers$2         : loaded 2 times (x 78B)
Class androidx.room.compiler.processing.XProcessingStep                               : loaded 2 times (x 69B)
Class org.gradle.api.internal.classpath.Module                                        : loaded 2 times (x 69B)
Class dagger.internal.codegen.writing.UnscopedDirectInstanceRequestRepresentationFactory: loaded 2 times (x 71B)
Class [Ldagger.hilt.android.processor.internal.androidentrypoint.AndroidEntryPointMetadata$AndroidType;: loaded 2 times (x 68B)
Class com.google.common.collect.AbstractMultiset$ElementSet                           : loaded 2 times (x 137B)
Class com.squareup.javapoet.FieldSpec                                                 : loaded 2 times (x 71B)
Class dagger.spi.internal.shaded.androidx.room.compiler.processing.javac.JavacAnnotation$declaredAnnotationValues$2: loaded 2 times (x 78B)
Class com.google.common.io.ByteSource$ByteArrayByteSource                             : loaded 2 times (x 84B)
Class dagger.internal.codegen.binding.MethodSignatureFormatter$1                      : loaded 2 times (x 86B)
Class dagger.internal.codegen.binding.ComponentDescriptor_Factory_Factory             : loaded 2 times (x 81B)
Class dagger.internal.codegen.DaggerDelegateComponentProcessor_Injector$InjectorImpl  : loaded 2 times (x 74B)
Class com.google.common.collect.Multimaps$CustomSetMultimap                           : loaded 2 times (x 177B)
Class dagger.internal.codegen.validation.BindsInstanceParameterValidator_Factory      : loaded 2 times (x 81B)
Class dagger.spi.internal.shaded.kotlin.metadata.Attributes$visibility$10             : loaded 2 times (x 136B)
Class dagger.spi.internal.shaded.kotlin.metadata.internal.metadata.jvm.deserialization.JvmNameResolverKt: loaded 2 times (x 70B)
Class org.jetbrains.org.objectweb.asm.ClassReader                                     : loaded 2 times (x 91B)
Class dagger.internal.codegen.binding.AssistedFactoryBinding                          : loaded 2 times (x 90B)
Class dagger.internal.codegen.model.DiagnosticReporter                                : loaded 2 times (x 74B)
Class [Ldagger.internal.codegen.model.RequestKind;                                    : loaded 2 times (x 68B)
Class dagger.spi.internal.shaded.kotlin.metadata.Attributes$visibility$14             : loaded 2 times (x 136B)
Class dagger.spi.internal.shaded.kotlin.metadata.internal.protobuf.Internal$EnumLite  : loaded 2 times (x 69B)
Class kotlin.sequences.DistinctSequence                                               : loaded 2 times (x 74B)
Class dagger.internal.codegen.validation.DiagnosticReporterFactory$DiagnosticReporterImpl: loaded 2 times (x 75B)
Class com.google.common.collect.MapMakerInternalMap$Segment                           : loaded 2 times (x 141B)
Class dagger.internal.codegen.binding.AutoValue_BindingRequest                        : loaded 2 times (x 74B)
Class dagger.spi.internal.shaded.auto.common.MoreTypes$TypeVariableVisitor            : loaded 2 times (x 101B)
Class dagger.internal.codegen.validation.ComponentValidator$ElementValidator          : loaded 2 times (x 72B)
Class com.squareup.javapoet.MethodSpec$Builder                                        : loaded 2 times (x 71B)
Class com.google.common.collect.Multisets$EntrySet                                    : loaded 2 times (x 135B)
Class dagger.internal.codegen.validation.ModuleValidator                              : loaded 2 times (x 71B)
Class dagger.internal.codegen.processingstep.AssistedProcessingStep_Factory           : loaded 2 times (x 81B)
Class com.google.common.graph.GraphsBridgeMethods                                     : loaded 2 times (x 70B)
Class dagger.internal.codegen.base.AutoValue_ComponentAnnotation                      : loaded 2 times (x 75B)
Class dagger.spi.internal.shaded.kotlin.metadata.Attributes$visibility$18             : loaded 2 times (x 136B)
Class com.google.common.graph.AbstractGraphBuilder                                    : loaded 2 times (x 71B)
Class dagger.internal.codegen.binding.BindingGraphFactory_Factory                     : loaded 2 times (x 81B)
Class com.google.common.collect.FilteredKeyMultimap                                   : loaded 2 times (x 153B)
Class dagger.internal.codegen.binding.OptionalBindingDeclaration_Factory_Factory      : loaded 2 times (x 81B)
Class com.google.common.graph.Traverser$Traversal$1                                   : loaded 2 times (x 73B)
Class kotlin.reflect.jvm.internal.KClassImpl$Data$qualifiedName$2                     : loaded 2 times (x 78B)
Class com.google.common.graph.Traverser$Traversal$2                                   : loaded 2 times (x 73B)
Class dagger.spi.internal.shaded.kotlin.metadata.internal.metadata.jvm.JvmProtoBuf$StringTableTypes: loaded 2 times (x 109B)
Class com.google.common.reflect.Types$TypeVariableInvocationHandler                   : loaded 2 times (x 74B)
Class dagger.internal.codegen.xprocessing.XTypeElements                               : loaded 2 times (x 70B)
Class dagger.internal.codegen.binding.AutoValue_ComponentDescriptor                   : loaded 2 times (x 97B)
Class com.google.common.graph.Traverser$Traversal$3                                   : loaded 2 times (x 81B)
Class dagger.spi.internal.shaded.kotlin.metadata.internal.metadata.deserialization.Flags$BooleanFlagField: loaded 2 times (x 75B)
Class com.google.common.reflect.Types$ClassOwnership                                  : loaded 2 times (x 79B)
Class com.google.common.graph.Traverser$Traversal$4                                   : loaded 2 times (x 81B)
Class dagger.internal.codegen.writing.ComponentImplementation$MethodSpecKind          : loaded 2 times (x 78B)
Class dagger.internal.codegen.binding.AutoValue_BoundInstanceBinding                  : loaded 2 times (x 90B)
Class dagger.spi.internal.shaded.androidx.room.compiler.processing.javac.JavacTypeElement$_declaredFields$2: loaded 2 times (x 78B)
Class dagger.hilt.processor.internal.DaggerModelsKt                                   : loaded 2 times (x 70B)
Class kotlin.reflect.jvm.internal.KCallableImpl$_absentArguments$1                    : loaded 2 times (x 78B)
Class com.google.devtools.ksp.processing.KspGradleLogger$Companion                    : loaded 2 times (x 70B)
Class [Lorg.objectweb.asm.AnnotationWriter;                                           : loaded 2 times (x 68B)
Class dagger.internal.codegen.binding.ErrorMessages                                   : loaded 2 times (x 70B)
Class dagger.internal.codegen.binding.AutoValue_ComponentDescriptor_ComponentMethodDescriptor$Builder: loaded 2 times (x 77B)
Class dagger.internal.codegen.processingstep.BindsInstanceProcessingStep              : loaded 2 times (x 85B)
Class org.gradle.internal.service.CachingServiceLocator                               : loaded 2 times (x 81B)
Class dagger.internal.codegen.binding.DelegateDeclaration                             : loaded 2 times (x 79B)
Class kotlin.sequences.GeneratorSequence$iterator$1                                   : loaded 2 times (x 78B)
Class dagger.internal.codegen.writing.MapFactoryCreationExpression$Factory            : loaded 2 times (x 69B)
Class dagger.internal.codegen.processingstep.MonitoringModuleProcessingStep_Factory   : loaded 2 times (x 81B)
Class com.google.common.graph.StandardValueGraph                                      : loaded 2 times (x 145B)
Class kotlin.time.DurationUnitKt                                                      : loaded 2 times (x 70B)
Class dagger.spi.model.AutoValue_Key                                                  : loaded 2 times (x 79B)
Class dagger.internal.codegen.binding.BindingGraph$1                                  : loaded 2 times (x 70B)
Class org.jetbrains.org.objectweb.asm.ModuleWriter                                    : loaded 2 times (x 81B)
Class dagger.internal.DaggerGenerated                                                 : loaded 2 times (x 69B)
Class [Ldagger.internal.codegen.javapoet.AnnotationSpecs$Suppression;                 : loaded 2 times (x 68B)
Class dagger.internal.codegen.processingstep.ComponentHjarProcessingStep              : loaded 2 times (x 85B)
Class dagger.internal.codegen.bindinggraphvalidation.DuplicateBindingsValidator_Factory: loaded 2 times (x 81B)
Class org.apache.http.client.methods.HttpPut                                          : loaded 2 times (x 152B)
Class com.google.common.graph.MultiEdgesConnecting$1                                  : loaded 2 times (x 81B)
Class [Landroidx.room.compiler.processing.XProcessingEnv$Backend;                     : loaded 2 times (x 68B)
Class org.objectweb.asm.Handle                                                        : loaded 2 times (x 71B)
Class dagger.internal.codegen.writing.ComponentRequirementExpressions$AbstractField   : loaded 2 times (x 80B)
Class dagger.internal.codegen.binding.MethodSignatureFormatter_Factory                : loaded 2 times (x 81B)
Class kotlin.collections.MutableMapWithDefaultImpl                                    : loaded 2 times (x 143B)
Class dagger.hilt.processor.internal.kotlin.KotlinMetadataFactory                     : loaded 2 times (x 71B)
Class org.gradle.internal.classpath.DefaultClassPath                                  : loaded 2 times (x 89B)
Class [Ldagger.internal.codegen.writing.ComponentImplementation$TypeSpecKind;         : loaded 2 times (x 68B)
Class dagger.spi.internal.shaded.kotlin.metadata.Attributes$visibility$22             : loaded 2 times (x 136B)
Class com.google.common.collect.MapMakerInternalMap$1                                 : loaded 2 times (x 82B)
Class dagger.internal.codegen.writing.LazyMapKeyProxyGenerator                        : loaded 2 times (x 76B)
Class dagger.internal.codegen.binding.SourceFiles_Factory                             : loaded 2 times (x 80B)
Class com.squareup.kotlinpoet.ClassNames                                              : loaded 2 times (x 70B)
Class com.google.common.graph.ImmutableNetwork                                        : loaded 2 times (x 139B)
Class androidx.hilt.work.WorkerStep                                                   : loaded 2 times (x 78B)
Class dagger.internal.codegen.xprocessing.Nullability                                 : loaded 2 times (x 74B)
Class dagger.internal.codegen.base.ComponentCreatorKind                               : loaded 2 times (x 78B)
Class kotlin.sequences.FlatteningSequence                                             : loaded 2 times (x 74B)
Class com.google.common.collect.FilteredEntrySetMultimap                              : loaded 2 times (x 202B)
Class com.google.common.collect.AbstractMapBasedMultimap$2                            : loaded 2 times (x 84B)
Class dagger.internal.DoubleCheck                                                     : loaded 2 times (x 82B)
Class dagger.internal.codegen.validation.BindingElementValidator$1                    : loaded 2 times (x 70B)
Class kotlin.reflect.jvm.internal.KClassImpl$Data$objectInstance$2                    : loaded 2 times (x 78B)
Class dagger.spi.internal.shaded.androidx.room.compiler.processing.util.NamingUtilsKt : loaded 2 times (x 70B)
Class dagger.spi.internal.shaded.androidx.room.compiler.processing.ksp.KSTypeJavaPoetExtKt: loaded 2 times (x 70B)
Class androidx.room.compiler.processing.XProcessingEnv$Backend                        : loaded 2 times (x 78B)
Class dagger.spi.internal.shaded.kotlin.metadata.internal.metadata.deserialization.BinaryVersion: loaded 2 times (x 73B)
Class org.jetbrains.org.objectweb.asm.FieldVisitor                                    : loaded 2 times (x 76B)
Class com.google.common.util.concurrent.AbstractFuture$SetFuture                      : loaded 2 times (x 74B)
Class dagger.internal.codegen.binding.AutoValue_ProvisionBinding                      : loaded 2 times (x 91B)
Class dagger.spi.internal.shaded.androidx.room.compiler.processing.javac.kotlin.KmVisibility: loaded 2 times (x 69B)
Class dagger.internal.codegen.writing.AssistedFactoryRequestRepresentation_Factory    : loaded 2 times (x 71B)
Class dagger.spi.model.DaggerType                                                     : loaded 2 times (x 73B)
Class dagger.spi.internal.shaded.androidx.room.compiler.processing.javac.kotlin.KmClassContainer$primaryConstructorSignature$2: loaded 2 times (x 78B)
Class dagger.spi.internal.shaded.kotlin.metadata.internal.metadata.jvm.deserialization.ClassMapperLite: loaded 2 times (x 70B)
Class dagger.spi.internal.shaded.androidx.room.compiler.processing.javac.JavacAnnotationValue$value$2: loaded 2 times (x 78B)
Class dagger.spi.internal.shaded.kotlin.metadata.internal.extensions.KmExtensionType  : loaded 2 times (x 71B)
Class dagger.spi.internal.shaded.kotlin.metadata.internal.metadata.jvm.JvmProtoBuf$StringTableTypes$RecordOrBuilder: loaded 2 times (x 69B)
Class [Ldagger.internal.codegen.model.BindingGraphPlugin;                             : loaded 2 times (x 68B)
Class dagger.spi.internal.shaded.androidx.room.compiler.processing.KnownTypeNames     : loaded 2 times (x 70B)
Class dagger.spi.internal.shaded.kotlin.metadata.internal.ReadUtilsKt                 : loaded 2 times (x 70B)
Class com.google.common.collect.CollectCollectors                                     : loaded 2 times (x 70B)
Class dagger.internal.codegen.writing.ProviderInstanceRequestRepresentation$Factory   : loaded 2 times (x 69B)
Class dagger.internal.codegen.xprocessing.XExecutableTypes                            : loaded 2 times (x 70B)
Class dagger.spi.model.BindingGraph$Node                                              : loaded 2 times (x 69B)
Class kotlin.collections.builders.MapBuilder$Itr                                      : loaded 2 times (x 71B)
Class dagger.internal.codegen.binding.BindsTypeChecker$1                              : loaded 2 times (x 70B)
Class dagger.spi.internal.shaded.androidx.room.compiler.codegen.XClassName$Companion  : loaded 2 times (x 70B)
Class kotlin.jvm.internal.Ref$BooleanRef                                              : loaded 2 times (x 70B)
Class dagger.internal.codegen.bindinggraphvalidation.ProvisionDependencyOnProducerBindingValidator_Factory: loaded 2 times (x 80B)
Class dagger.spi.internal.shaded.kotlin.metadata.internal.metadata.jvm.JvmProtoBuf$StringTableTypes$Record$1: loaded 2 times (x 143B)
Class dagger.spi.model.Scope$1                                                        : loaded 2 times (x 70B)
Class com.google.common.graph.StandardNetwork                                         : loaded 2 times (x 139B)
Class dagger.spi.internal.shaded.kotlin.metadata.internal.protobuf.Internal$EnumLiteMap: loaded 2 times (x 69B)
Class kotlin.sequences.FlatteningSequence$iterator$1                                  : loaded 2 times (x 78B)
Class dagger.internal.codegen.writing.ComponentImplementation$ChildComponentImplementationFactory: loaded 2 times (x 69B)
Class dagger.hilt.processor.internal.aggregateddeps.AutoValue_ComponentDependencies   : loaded 2 times (x 74B)
Class dagger.hilt.processor.internal.aggregateddeps.AggregatedDepsProcessor           : loaded 2 times (x 99B)
Class dagger.hilt.processor.internal.uninstallmodules.UninstallModulesProcessor       : loaded 2 times (x 99B)
Class jdk.internal.jimage.BasicImageReader                                            : loaded 2 times (x 94B)
Class dagger.internal.codegen.model.AutoValue_Scope                                   : loaded 2 times (x 72B)
Class dagger.spi.internal.shaded.kotlin.metadata.internal.protobuf.AbstractMessageLite$Builder: loaded 2 times (x 121B)
Class com.squareup.kotlinpoet.ClassName$special$$inlined$thenBy$1                     : loaded 2 times (x 89B)
Class dagger.internal.codegen.base.AutoValue_ModuleAnnotation                         : loaded 2 times (x 75B)
Class com.squareup.kotlinpoet.ClassName$special$$inlined$thenBy$2                     : loaded 2 times (x 89B)
Class com.squareup.kotlinpoet.CodeWriterKt                                            : loaded 2 times (x 70B)
Class dagger.internal.codegen.binding.LegacyBindingGraphFactory$LegacyBindingGraph    : loaded 2 times (x 71B)
Class dagger.spi.internal.shaded.kotlin.metadata.internal.metadata.ProtoBuf$Visibility: loaded 2 times (x 81B)
Class dagger.spi.internal.shaded.kotlin.metadata.jvm.internal.JvmReadUtils            : loaded 2 times (x 70B)
Class androidx.room.compiler.processing.javac.JavacBasicAnnotationProcessor$steps$2   : loaded 2 times (x 78B)
Class dagger.internal.codegen.componentgenerator.CurrentImplementationSubcomponent_ChildComponentImplementationFactoryModule_ProvideChildComponentImplementationFactoryFactory: loaded 2 times (x 81B)
Class dagger.spi.internal.shaded.androidx.room.compiler.processing.XAnnotation        : loaded 2 times (x 69B)
Class dagger.spi.internal.shaded.kotlin.metadata.internal.extensions.ExtensionNodesKt : loaded 2 times (x 70B)
Class com.google.common.graph.BaseGraph                                               : loaded 2 times (x 69B)
Class dagger.internal.codegen.validation.ComponentDescriptorValidator                 : loaded 2 times (x 71B)
Class dagger.spi.internal.shaded.androidx.room.compiler.processing.XFiler$Mode        : loaded 2 times (x 78B)
Class net.ltgt.gradle.incap.IncrementalAnnotationProcessorType                        : loaded 2 times (x 78B)
Class com.google.common.reflect.TypeParameter                                         : loaded 2 times (x 71B)
Class dagger.internal.codegen.binding.AutoValue_ComponentRequirement                  : loaded 2 times (x 83B)
Class dagger.spi.internal.shaded.kotlin.metadata.internal.protobuf.LazyFieldLite      : loaded 2 times (x 81B)
Class kotlin.reflect.jvm.internal.KClassImpl$Data$allNonStaticMembers$2               : loaded 2 times (x 78B)
Class org.jetbrains.org.objectweb.asm.Attribute                                       : loaded 2 times (x 74B)
Class dagger.internal.codegen.kotlin.MethodMetadata                                   : loaded 2 times (x 76B)
Class dagger.spi.model.DaggerProcessingEnv                                            : loaded 2 times (x 74B)
Class dagger.internal.codegen.validation.DiagnosticReporterFactory                    : loaded 2 times (x 71B)
Class dagger.internal.codegen.validation.MultibindsMethodValidator$Validator          : loaded 2 times (x 79B)
Class dagger.spi.internal.shaded.kotlin.metadata.internal.metadata.ProtoBuf$Function  : loaded 2 times (x 148B)
Class dagger.spi.internal.shaded.androidx.room.compiler.processing.javac.VisitorData  : loaded 2 times (x 71B)
Class kotlin.ranges.IntProgressionIterator                                            : loaded 2 times (x 81B)
Class dagger.internal.codegen.writing.DerivedFromFrameworkInstanceRequestRepresentation: loaded 2 times (x 73B)
Class dagger.spi.internal.shaded.kotlin.metadata.internal.metadata.deserialization.Flags$FlagField: loaded 2 times (x 72B)
Class dagger.spi.internal.shaded.kotlin.metadata.jvm.internal.JvmExceptionUtilsKt     : loaded 2 times (x 70B)
Class dagger.spi.internal.shaded.androidx.room.compiler.processing.javac.JavacArrayType$componentType$2: loaded 2 times (x 78B)
Class dagger.internal.codegen.binding.$AutoValue_AssistedInjectionAnnotations_AssistedFactoryMetadata: loaded 2 times (x 81B)
Class jdk.internal.jimage.ImageLocation                                               : loaded 2 times (x 89B)
Class com.squareup.kotlinpoet.ParameterizedTypeName                                   : loaded 2 times (x 85B)
Class dagger.spi.internal.shaded.kotlin.metadata.internal.metadata.ProtoBuf$MemberKind$1: loaded 2 times (x 73B)
Class kotlin.reflect.jvm.internal.KClassImpl$data$1                                   : loaded 2 times (x 78B)
Class com.google.common.reflect.Types$ClassOwnership$1LocalClass                      : loaded 2 times (x 70B)
Class dagger.internal.codegen.processingstep.TypeCheckingProcessingStep               : loaded 2 times (x 85B)
Class dagger.internal.codegen.binding.BindingRequest                                  : loaded 2 times (x 73B)
Class com.google.common.collect.Lists$RandomAccessReverseList                         : loaded 2 times (x 161B)
Class dagger.spi.model.$AutoValue_ComponentPath                                       : loaded 2 times (x 73B)
Class dagger.spi.internal.shaded.kotlin.metadata.internal.metadata.ProtoBuf$ClassOrBuilder: loaded 2 times (x 69B)
Class androidx.room.util.SimpleJavaVersion$Companion                                  : loaded 2 times (x 70B)
Class dagger.spi.internal.shaded.androidx.room.compiler.processing.javac.JavacTypeElement$kotlinMetadata$2: loaded 2 times (x 78B)
Class org.objectweb.asm.SymbolTable$Entry                                             : loaded 2 times (x 73B)
Class dagger.internal.codegen.writing.ProducerNodeInstanceRequestRepresentation$Factory: loaded 2 times (x 69B)
Class kotlin.reflect.jvm.internal.KClassImpl$Data$declaredNonStaticMembers$2          : loaded 2 times (x 78B)
Class kotlin.sequences.ConstrainedOnceSequence                                        : loaded 2 times (x 74B)
Class dagger.internal.codegen.kotlin.KotlinMetadataFactory_Factory                    : loaded 2 times (x 80B)
Class dagger.spi.internal.shaded.androidx.room.compiler.processing.XTypeElement       : loaded 2 times (x 69B)
Class com.google.devtools.ksp.processing.KSPJvmConfig                                 : loaded 2 times (x 71B)
Class dagger.internal.codegen.xprocessing.XTypeNames                                  : loaded 2 times (x 70B)
Class dagger.spi.internal.shaded.androidx.room.compiler.processing.javac.JavacBasicAnnotationProcessor$2: loaded 2 times (x 78B)
Class jdk.internal.jimage.ImageReader$Node                                            : loaded 2 times (x 83B)
Class kotlin.jvm.internal.PropertyReference0Impl                                      : loaded 2 times (x 126B)
Class dagger.internal.codegen.model.$AutoValue_Key$Builder                            : loaded 2 times (x 77B)
Class dagger.internal.codegen.binding.LegacyBindingGraphFactory$Resolver              : loaded 2 times (x 71B)
Class com.google.common.base.Utf8                                                     : loaded 2 times (x 70B)
Class dagger.spi.internal.shaded.kotlin.metadata.internal.metadata.jvm.JvmProtoBuf$JvmMethodSignature$1: loaded 2 times (x 143B)
Class dagger.hilt.processor.internal.root.RootType                                    : loaded 2 times (x 78B)
Class dagger.internal.codegen.binding.AutoValue_AssistedInjectionAnnotations_AssistedParameter: loaded 2 times (x 73B)
Class com.google.common.collect.Maps$AbstractFilteredMap                              : loaded 2 times (x 126B)
Class dagger.internal.codegen.model.DaggerElement                                     : loaded 2 times (x 72B)
Class dagger.spi.internal.shaded.androidx.room.compiler.processing.XTypeKt            : loaded 2 times (x 70B)
Class dagger.spi.internal.shaded.androidx.room.compiler.processing.InternalXAnnotationValue$Companion: loaded 2 times (x 70B)
Class com.google.common.base.Platform                                                 : loaded 2 times (x 70B)
Class dagger.internal.codegen.writing.ComponentCreatorImplementationFactory$Builder   : loaded 2 times (x 81B)
Class dagger.internal.codegen.binding.$AutoValue_SubcomponentCreatorBinding           : loaded 2 times (x 90B)
Class dagger.spi.internal.shaded.kotlin.metadata.KmTypeAlias                          : loaded 2 times (x 71B)
Class dagger.spi.internal.shaded.kotlin.metadata.jvm.internal.JvmExtensionNodesKt     : loaded 2 times (x 70B)
Class [Ldagger.spi.internal.shaded.kotlin.metadata.internal.protobuf.WireFormat$JavaType;: loaded 2 times (x 68B)
Class dagger.spi.internal.shaded.androidx.room.compiler.processing.javac.JavacProcessingEnv$WhenMappings: loaded 2 times (x 70B)
Class dagger.internal.codegen.writing.ImmediateFutureRequestRepresentation$Factory    : loaded 2 times (x 69B)
Class dagger.internal.codegen.binding.InjectionSiteFactory_Factory                    : loaded 2 times (x 81B)
Class dagger.internal.codegen.writing.StaticFactoryInstanceSupplier$Factory           : loaded 2 times (x 69B)
Class dagger.hilt.processor.internal.kotlin.KotlinMetadataFactory_Factory$InstanceHolder: loaded 2 times (x 70B)
Class dagger.internal.codegen.binding.$AutoValue_AssistedFactoryBinding$Builder       : loaded 2 times (x 94B)
Class dagger.internal.codegen.binding.DelegateDeclaration$Factory                     : loaded 2 times (x 71B)
Class kotlin.reflect.jvm.internal.KProperty1Impl$delegateSource$1                     : loaded 2 times (x 78B)
Class org.jetbrains.kotlin.com.intellij.openapi.diagnostic.Logger                     : loaded 2 times (x 98B)
Class dagger.spi.internal.shaded.kotlin.metadata.internal.metadata.ProtoBuf$Modality$1: loaded 2 times (x 73B)
Class jdk.internal.jimage.decompressor.CompressedResourceHeader                       : loaded 2 times (x 70B)
Class dagger.internal.codegen.binding.SubcomponentDeclaration                         : loaded 2 times (x 75B)
Class [Ldagger.spi.internal.shaded.kotlin.metadata.Visibility;                        : loaded 2 times (x 68B)
Class dagger.spi.internal.shaded.kotlin.metadata.internal.metadata.ProtoBuf$Annotation: loaded 2 times (x 108B)
Class dagger.hilt.processor.internal.root.$AutoValue_AggregatedRootMetadata           : loaded 2 times (x 81B)
Class dagger.internal.codegen.binding.ComponentBinding$Builder                        : loaded 2 times (x 77B)
Class dagger.internal.codegen.base.FrameworkTypes                                     : loaded 2 times (x 70B)
Class dagger.internal.codegen.binding.BindingGraphFactory                             : loaded 2 times (x 71B)
Class dagger.internal.codegen.validation.SpiModelBindingGraphConverter$DaggerExecutableElementImpl: loaded 2 times (x 74B)
Class dagger.spi.internal.shaded.kotlin.metadata.internal.metadata.deserialization.ProtoTypeTableUtilKt: loaded 2 times (x 70B)
Class dagger.internal.codegen.xprocessing.XTypes$XTypeEquivalence                     : loaded 2 times (x 83B)
Class [Lkotlin.sequences.Sequence;                                                    : loaded 2 times (x 68B)
Class dagger.internal.codegen.xprocessing.XProcessingEnvs$1                           : loaded 2 times (x 70B)
Class dagger.internal.codegen.componentgenerator.ComponentHjarGenerator               : loaded 2 times (x 76B)
Class dagger.spi.internal.shaded.kotlin.metadata.internal.protobuf.AbstractMessageLite: loaded 2 times (x 97B)
Class com.google.devtools.ksp.processing.KSPLogger                                    : loaded 2 times (x 69B)
Class dagger.spi.model.DaggerAnnotation                                               : loaded 2 times (x 74B)
Class dagger.internal.codegen.kotlin.KotlinMetadata                                   : loaded 2 times (x 77B)
Class kotlin.sequences.EmptySequence                                                  : loaded 2 times (x 77B)
Class dagger.spi.internal.shaded.androidx.room.compiler.codegen.XTypeNameKt           : loaded 2 times (x 70B)
Class kotlin.reflect.jvm.internal.KClassImpl$Data$descriptor$2                        : loaded 2 times (x 78B)
Class kotlin.ranges.ClosedRange                                                       : loaded 2 times (x 69B)
Class dagger.spi.internal.shaded.androidx.room.compiler.processing.javac.kotlin.KmClassContainer$constructorList$2: loaded 2 times (x 78B)
Class org.apache.commons.io.CloseableURLConnection                                    : loaded 2 times (x 115B)
Class dagger.internal.codegen.writing.ComponentCreatorImplementationFactory$BuilderForCreatorDescriptor: loaded 2 times (x 81B)
Class dagger.internal.codegen.validation.ComponentHierarchyValidator_Factory          : loaded 2 times (x 81B)
Class com.google.common.graph.MutableValueGraph                                       : loaded 2 times (x 69B)
Class jdk.internal.jrtfs.JrtPath                                                      : loaded 2 times (x 117B)
Class dagger.internal.codegen.writing.FrameworkFieldInitializer$InitializationState   : loaded 2 times (x 78B)
Class dagger.spi.model.$AutoValue_Key                                                 : loaded 2 times (x 79B)
Class kotlin.reflect.jvm.internal.KClassImpl$Data$annotations$2                       : loaded 2 times (x 78B)
Class kotlin.jvm.internal.AdaptedFunctionReference                                    : loaded 2 times (x 76B)
Class com.google.common.reflect.TypeResolver$TypeTable$1                              : loaded 2 times (x 72B)
Class dagger.internal.codegen.binding.DelegateDeclaration_Factory_Factory             : loaded 2 times (x 81B)
Class dagger.spi.internal.shaded.kotlin.metadata.internal.extensions.MetadataExtensions: loaded 2 times (x 69B)
Class com.google.common.graph.DirectedGraphConnections                                : loaded 2 times (x 82B)
Class kotlin.sequences.GeneratorSequence                                              : loaded 2 times (x 74B)
Class kotlin.Triple                                                                   : loaded 2 times (x 71B)
Class dagger.internal.codegen.extension.Optionals                                     : loaded 2 times (x 70B)
Class dagger.hilt.processor.internal.aggregateddeps.ComponentDependencies$Builder     : loaded 2 times (x 74B)
Class dagger.hilt.processor.internal.optionvalues.BooleanValue                        : loaded 2 times (x 78B)
Class dagger.internal.codegen.processingstep.ModuleProcessingStep_Factory             : loaded 2 times (x 81B)
Class dagger.internal.codegen.xprocessing.XAnnotationValues                           : loaded 2 times (x 70B)
Class dagger.hilt.processor.internal.root.AggregatedRootMetadata                      : loaded 2 times (x 76B)
Class dagger.internal.codegen.writing.AssistedInjectionParameters                     : loaded 2 times (x 70B)
Class dagger.spi.model.BindingGraph$MissingBinding                                    : loaded 2 times (x 81B)
Class dagger.internal.codegen.validation.ProducesMethodValidator$Validator            : loaded 2 times (x 79B)
Class dagger.spi.internal.shaded.kotlin.metadata.jvm.internal.JvmPropertyExtension    : loaded 2 times (x 76B)
Class org.objectweb.asm.Opcodes                                                       : loaded 2 times (x 69B)
Class dagger.spi.internal.shaded.androidx.room.compiler.processing.XRawType           : loaded 2 times (x 69B)
Class dagger.spi.internal.shaded.androidx.room.compiler.processing.javac.JavacExecutableType$parameterTypes$2: loaded 2 times (x 78B)
Class dagger.spi.internal.shaded.kotlin.metadata.internal.protobuf.InvalidProtocolBufferException: loaded 2 times (x 83B)
Class jdk.internal.jimage.ImageStrings                                                : loaded 2 times (x 69B)
Class dagger.internal.codegen.writing.AnonymousProviderCreationExpression$Factory     : loaded 2 times (x 69B)
Class dagger.spi.internal.shaded.kotlin.metadata.internal.metadata.ProtoBuf$Effect$EffectType: loaded 2 times (x 81B)
Class [Ldagger.internal.codegen.base.OptionalType$OptionalKind;                       : loaded 2 times (x 68B)
Class dagger.internal.codegen.binding.BindingFactory_Factory                          : loaded 2 times (x 81B)
Class org.objectweb.asm.MethodTooLargeException                                       : loaded 2 times (x 82B)
Class dagger.internal.codegen.writing.InjectionMethods$1                              : loaded 2 times (x 70B)
Class dagger.internal.codegen.writing.OptionalRequestRepresentation                   : loaded 2 times (x 73B)
Class dagger.spi.internal.shaded.androidx.room.compiler.processing.javac.JavacVariableElement: loaded 2 times (x 197B)
Class dagger.internal.codegen.binding.AutoValue_ComponentDeclarations_TypeNameKey     : loaded 2 times (x 74B)
Class dagger.spi.internal.shaded.kotlin.metadata.internal.metadata.jvm.deserialization.JvmNameResolverBase$Companion: loaded 2 times (x 70B)
Class dagger.internal.codegen.writing.ProvisionBindingRepresentation$1                : loaded 2 times (x 70B)
Class dagger.internal.codegen.binding.ComponentDescriptor$ComponentMethodDescriptor   : loaded 2 times (x 73B)
Class dagger.internal.codegen.binding.MethodSignatureFormatter                        : loaded 2 times (x 85B)
Class dagger.spi.internal.shaded.kotlin.metadata.internal.metadata.deserialization.BinaryVersion$Companion: loaded 2 times (x 70B)
Class com.google.common.collect.HashBiMap$Inverse                                     : loaded 2 times (x 141B)
Class dagger.internal.codegen.writing.DependencyMethodProducerCreationExpression_Factory_Impl: loaded 2 times (x 74B)
Class dagger.internal.codegen.validation.BindingMethodValidator$MethodValidator       : loaded 2 times (x 79B)
Class jdk.internal.jrtfs.JrtFileAttributes                                            : loaded 2 times (x 82B)
Class dagger.internal.codegen.writing.InjectionMethods$ProvisionMethod                : loaded 2 times (x 70B)
Class com.google.common.graph.ValueGraph                                              : loaded 2 times (x 69B)
Class dagger.hilt.processor.internal.root.RootProcessor                               : loaded 2 times (x 99B)
Class dagger.internal.codegen.model.$AutoValue_Key                                    : loaded 2 times (x 79B)
Class dagger.spi.internal.shaded.androidx.room.compiler.processing.javac.JavacTypeElement$superClass$2: loaded 2 times (x 78B)
Class kotlin.InitializedLazyImpl                                                      : loaded 2 times (x 75B)
Class org.apache.commons.io.output.NullWriter                                         : loaded 2 times (x 98B)
Class dagger.spi.model.AutoValue_DependencyRequest                                    : loaded 2 times (x 75B)
Class dagger.internal.codegen.bindinggraphvalidation.InjectBindingValidator_Factory   : loaded 2 times (x 81B)
Class dagger.internal.codegen.writing.ProducerCreationExpression_Factory              : loaded 2 times (x 71B)
Class dagger.internal.codegen.binding.ComponentNodeImpl                               : loaded 2 times (x 84B)
Class dagger.internal.codegen.model.AutoValue_DaggerType                              : loaded 2 times (x 74B)
Class dagger.internal.codegen.writing.ComponentCreatorImplementationFactory           : loaded 2 times (x 71B)
Class dagger.internal.codegen.writing.MembersInjectionRequestRepresentation_Factory   : loaded 2 times (x 71B)
Class dagger.internal.codegen.componentgenerator.CurrentImplementationSubcomponent$Builder: loaded 2 times (x 69B)
Class dagger.hilt.processor.internal.aggregateddeps.AggregatedDepsMetadata$DependencyType: loaded 2 times (x 78B)
Class com.google.common.graph.Graphs                                                  : loaded 2 times (x 70B)
Class androidx.hilt.AndroidXHiltProcessor                                             : loaded 2 times (x 97B)
Class org.gradle.internal.classloader.SystemClassLoaderSpec                           : loaded 2 times (x 70B)
Class kotlin.collections.builders.MapBuilderEntries                                   : loaded 2 times (x 144B)
Class com.google.common.io.LineBuffer                                                 : loaded 2 times (x 74B)
Class dagger.internal.codegen.bindinggraphvalidation.SetMultibindingValidator_Factory$InstanceHolder: loaded 2 times (x 70B)
Class dagger.internal.codegen.binding.$AutoValue_AssistedFactoryBinding               : loaded 2 times (x 91B)
Class dagger.spi.internal.shaded.androidx.room.compiler.processing.javac.JavacBasicAnnotationProcessor: loaded 2 times (x 97B)
Class org.jetbrains.org.objectweb.asm.ByteVector                                      : loaded 2 times (x 77B)
Class com.google.common.util.concurrent.internal.InternalFutureFailureAccess          : loaded 2 times (x 71B)
Class dagger.internal.codegen.writing.AssistedFactoryRequestRepresentation            : loaded 2 times (x 73B)
Class com.google.common.graph.Traverser                                               : loaded 2 times (x 72B)
Class dagger.internal.codegen.binding.$AutoValue_MembersInjectionBinding_InjectionSite: loaded 2 times (x 76B)
Class dagger.internal.codegen.DelegateComponentProcessor$Injector                     : loaded 2 times (x 69B)
Class androidx.room.util.SimpleJavaVersion                                            : loaded 2 times (x 74B)
Class dagger.spi.internal.shaded.androidx.room.compiler.processing.javac.JavacFiler   : loaded 2 times (x 77B)
Class com.google.common.base.Charsets                                                 : loaded 2 times (x 70B)
Class dagger.internal.codegen.binding.ContributionBinding$Builder                     : loaded 2 times (x 77B)
Class dagger.spi.internal.shaded.androidx.room.compiler.processing.javac.kotlin.KmTypeContainer: loaded 2 times (x 75B)
Class dagger.internal.codegen.binding.AutoValue_MultiboundMapBinding                  : loaded 2 times (x 91B)
Class dagger.spi.model.DaggerTypeElement                                              : loaded 2 times (x 73B)
Class dagger.internal.codegen.binding.MultibindingDeclaration                         : loaded 2 times (x 77B)
Class dagger.spi.internal.shaded.kotlin.metadata.internal.metadata.ProtoBuf$Class$Kind: loaded 2 times (x 81B)
Class com.google.common.reflect.Types$TypeVariableImpl                                : loaded 2 times (x 71B)
Class com.google.common.collect.Interners$InternerBuilder                             : loaded 2 times (x 75B)
Class [Lcom.google.common.base.AbstractIterator$State;                                : loaded 2 times (x 68B)
Class dagger.internal.codegen.writing.DerivedFromFrameworkInstanceRequestRepresentation_Factory_Impl: loaded 2 times (x 74B)
Class dagger.spi.internal.shaded.androidx.room.compiler.processing.javac.JavacElement : loaded 2 times (x 176B)
Class kotlin.io.FileTreeWalk$FileTreeWalkIterator$TopDownDirectoryState               : loaded 2 times (x 73B)
Class org.apache.http.client.methods.HttpEntityEnclosingRequestBase                   : loaded 2 times (x 152B)
Class dagger.spi.internal.shaded.androidx.room.compiler.processing.XExecutableParameterElement: loaded 2 times (x 69B)
Class dagger.internal.codegen.writing.MembersInjectionBindingRepresentation$Factory   : loaded 2 times (x 69B)
Class dagger.internal.codegen.base.$AutoValue_ComponentAnnotation                     : loaded 2 times (x 75B)
Class androidx.room.DatabaseProcessingStep$Companion                                  : loaded 2 times (x 70B)
Class dagger.spi.internal.shaded.androidx.room.compiler.processing.XProcessingEnv$Companion: loaded 2 times (x 70B)
Class dagger.hilt.android.processor.internal.viewmodel.ViewModelValidationPlugin      : loaded 2 times (x 82B)
Class dagger.spi.internal.shaded.androidx.room.compiler.processing.XProcessingStep    : loaded 2 times (x 69B)
Class com.google.common.io.LineReader$1                                               : loaded 2 times (x 74B)
Class dagger.spi.internal.shaded.androidx.room.compiler.processing.XMethodElementKt   : loaded 2 times (x 70B)
Class dagger.internal.codegen.writing.ComponentMethodRequestRepresentation_Factory    : loaded 2 times (x 71B)
Class dagger.spi.internal.shaded.kotlin.metadata.internal.protobuf.MessageLiteOrBuilder: loaded 2 times (x 69B)
Class dagger.internal.codegen.binding.AutoValue_LegacyBindingGraphFactory_LegacyResolvedBindings: loaded 2 times (x 76B)
Class org.objectweb.asm.ClassWriter                                                   : loaded 2 times (x 105B)
Class dagger.internal.codegen.writing.DelegatingFrameworkInstanceCreationExpression_Factory_Impl: loaded 2 times (x 74B)
Class dagger.spi.internal.shaded.androidx.room.compiler.processing.javac.kotlin.KmPropertyFunctionContainerImpl: loaded 2 times (x 108B)
Class dagger.hilt.processor.internal.ComponentDescriptor                              : loaded 2 times (x 75B)
Class dagger.spi.internal.shaded.kotlin.metadata.internal.metadata.ProtoBuf$Type$Argument$Projection: loaded 2 times (x 81B)
Class kotlin.text.Charsets                                                            : loaded 2 times (x 70B)
Class dagger.internal.codegen.binding.MonitoringModules_Factory$InstanceHolder        : loaded 2 times (x 70B)
Class org.jetbrains.org.objectweb.asm.Label                                           : loaded 2 times (x 71B)
Class dagger.internal.codegen.writing.ComponentWrapperImplementation_Factory          : loaded 2 times (x 81B)
Class dagger.internal.codegen.validation.ComponentValidator_Factory                   : loaded 2 times (x 81B)
Class jdk.internal.jimage.decompressor.ResourceDecompressorRepository                 : loaded 2 times (x 70B)
Class dagger.spi.internal.shaded.kotlin.metadata.internal.metadata.ProtoBuf$Type$ArgumentOrBuilder: loaded 2 times (x 69B)
Class com.google.common.collect.Range                                                 : loaded 2 times (x 86B)
Class com.google.common.collect.FilteredEntryMultimap                                 : loaded 2 times (x 154B)
Class org.apache.commons.io.IOUtils                                                   : loaded 2 times (x 70B)
Class dagger.hilt.processor.internal.definecomponent.DefineComponentProcessingStep    : loaded 2 times (x 86B)
Class dagger.internal.codegen.binding.SubcomponentDeclaration$Factory                 : loaded 2 times (x 72B)
Class dagger.spi.internal.shaded.auto.common.AnnotationMirrors$1                      : loaded 2 times (x 83B)
Class dagger.hilt.android.processor.internal.bindvalue.BindValueProcessingStep        : loaded 2 times (x 86B)
Class dagger.spi.internal.shaded.androidx.room.compiler.processing.javac.JavacBasicAnnotationProcessor$xEnv$2: loaded 2 times (x 78B)
Class dagger.hilt.processor.internal.BaseProcessingStep                               : loaded 2 times (x 86B)
Class kotlin.text.MatcherMatchResult                                                  : loaded 2 times (x 79B)
Class dagger.internal.codegen.writing.MapFactoryCreationExpression_Factory_Impl       : loaded 2 times (x 74B)
Class dagger.internal.codegen.writing.ComponentProvisionRequestRepresentation_Factory : loaded 2 times (x 71B)
Class dagger.spi.internal.shaded.androidx.room.compiler.processing.javac.kotlin.JvmDescriptorTypeVisitor$WhenMappings: loaded 2 times (x 70B)
Class dagger.internal.codegen.base.ComponentAnnotation                                : loaded 2 times (x 75B)
Class dagger.spi.internal.shaded.androidx.room.compiler.processing.XBasicAnnotationProcessor: loaded 2 times (x 69B)
Class dagger.spi.internal.shaded.androidx.room.compiler.processing.javac.JavacMethodParameter$kotlinMetadata$2: loaded 2 times (x 78B)
Class dagger.internal.codegen.writing.UnscopedDirectInstanceRequestRepresentationFactory_Factory: loaded 2 times (x 81B)
Class dagger.spi.internal.shaded.androidx.room.compiler.processing.XProcessingEnvConfig: loaded 2 times (x 70B)
Class kotlin.KotlinVersion                                                            : loaded 2 times (x 73B)
Class com.google.common.cache.LocalCache$SoftValueReference                           : loaded 2 times (x 96B)
Class dagger.internal.codegen.writing.ProducerNodeInstanceRequestRepresentation_Factory_Impl: loaded 2 times (x 74B)
Class dagger.internal.codegen.binding.ProductionBinding                               : loaded 2 times (x 92B)
Class com.google.common.collect.ImmutableList$SerializedForm                          : loaded 2 times (x 72B)
Class dagger.spi.internal.shaded.androidx.room.compiler.processing.javac.JavacExecutableElement$Companion: loaded 2 times (x 70B)
Class org.gradle.api.UncheckedIOException                                             : loaded 2 times (x 81B)
Class dagger.internal.codegen.binding.$AutoValue_BindingGraph_TopLevelBindingGraph    : loaded 2 times (x 99B)
Class dagger.internal.codegen.validation.SpiModelBindingGraphConverter$BindingGraphImpl: loaded 2 times (x 94B)
Class dagger.internal.codegen.binding.ComponentRequirement$Kind                       : loaded 2 times (x 78B)
Class com.google.common.io.Files$FileByteSink                                         : loaded 2 times (x 76B)
Class [Lcom.google.common.io.FileWriteMode;                                           : loaded 2 times (x 68B)
Class [Ldagger.internal.codegen.binding.MembersInjectionBinding$InjectionSite$Kind;   : loaded 2 times (x 68B)
Class dagger.internal.codegen.binding.SubcomponentDeclaration_Factory_Factory         : loaded 2 times (x 81B)
Class jakarta.inject.Provider                                                         : loaded 2 times (x 69B)
Class dagger.internal.codegen.validation.ComponentCreatorValidator$1                  : loaded 2 times (x 70B)
Class kotlin.sequences.DistinctIterator                                               : loaded 2 times (x 82B)
Class dagger.internal.codegen.ProcessingEnvironmentModule_MessagerFactory             : loaded 2 times (x 81B)
Class dagger.spi.internal.shaded.androidx.room.compiler.processing.XConstructorElement: loaded 2 times (x 69B)
Class dagger.internal.codegen.binding.$AutoValue_OptionalBindingDeclaration           : loaded 2 times (x 74B)
Class dagger.spi.internal.shaded.kotlin.metadata.KmClassifier$Class                   : loaded 2 times (x 71B)
Class dagger.internal.codegen.validation.AutoValue_SpiModelBindingGraphConverter_DaggerAnnotationImpl: loaded 2 times (x 76B)
Class dagger.spi.internal.shaded.kotlin.metadata.internal.metadata.jvm.deserialization.JvmNameResolverBase$WhenMappings: loaded 2 times (x 70B)
Class dagger.hilt.processor.internal.generatesrootinput.GeneratesRootInputProcessor   : loaded 2 times (x 99B)
Class dagger.internal.codegen.model.BindingGraphPlugin                                : loaded 2 times (x 69B)
Class [Ldagger.internal.codegen.compileroption.ProcessingEnvironmentCompilerOptions$Feature;: loaded 2 times (x 68B)
Class dagger.internal.codegen.writing.DelegateRequestRepresentation$1                 : loaded 2 times (x 70B)
Class dagger.internal.codegen.binding.ComponentDeclarations$Factory                   : loaded 2 times (x 71B)
Class dagger.internal.codegen.model.BindingKind                                       : loaded 2 times (x 78B)
Class dagger.spi.internal.shaded.kotlin.metadata.internal.metadata.ProtoBuf$Effect$EffectType$1: loaded 2 times (x 73B)
Class dagger.internal.codegen.binding.$AutoValue_ComponentCreatorDescriptor           : loaded 2 times (x 81B)
Class dagger.internal.codegen.processingstep.BindsInstanceProcessingStep_Factory      : loaded 2 times (x 81B)
Class com.google.common.graph.Traverser$InsertionOrder                                : loaded 2 times (x 79B)
Class androidx.room.compiler.processing.XProcessingEnvConfig                          : loaded 2 times (x 70B)
Class org.jetbrains.org.objectweb.asm.SymbolTable                                     : loaded 2 times (x 71B)
Class [Lkotlin.jvm.functions.Function1;                                               : loaded 2 times (x 68B)
Class dagger.internal.codegen.model.AutoValue_Key_MultibindingContributionIdentifier  : loaded 2 times (x 73B)
Class dagger.internal.codegen.base.ModuleAnnotation                                   : loaded 2 times (x 75B)
Class dagger.internal.codegen.writing.ComponentImplementation$CompilerMode            : loaded 2 times (x 78B)
Class kotlin.coroutines.CoroutineContext$Element$DefaultImpls                         : loaded 2 times (x 70B)
Class [Ldagger.spi.internal.shaded.kotlin.metadata.internal.metadata.ProtoBuf$Effect$InvocationKind;: loaded 2 times (x 68B)
Class dagger.spi.internal.shaded.androidx.room.compiler.processing.javac.JavacTypeElement$typeParameters$2: loaded 2 times (x 78B)
Class jdk.internal.jimage.decompressor.ResourceDecompressor$StringsProvider           : loaded 2 times (x 69B)
Class com.google.common.graph.MutableNetwork                                          : loaded 2 times (x 69B)
Class dagger.internal.codegen.base.ComponentCreatorAnnotation                         : loaded 2 times (x 78B)
Class org.apache.commons.io.output.UnsynchronizedByteArrayOutputStream                : loaded 2 times (x 101B)
Class jdk.internal.jimage.decompressor.Decompressor                                   : loaded 2 times (x 71B)
Class kotlin.properties.ReadOnlyProperty                                              : loaded 2 times (x 69B)
Class dagger.spi.internal.shaded.androidx.room.compiler.processing.DeclarationCollectorKt$collectAllMethods$1: loaded 2 times (x 94B)
Class com.google.common.graph.DirectedGraphConnections$3$1                            : loaded 2 times (x 81B)
Class org.apache.http.auth.Credentials                                                : loaded 2 times (x 69B)
Class dagger.internal.codegen.writing.DelegateRequestRepresentation_Factory_Impl      : loaded 2 times (x 74B)
Class com.google.common.graph.DirectedGraphConnections$3$2                            : loaded 2 times (x 81B)
Class dagger.spi.internal.shaded.kotlin.metadata.jvm.internal.JvmConstructorExtension$Companion: loaded 2 times (x 70B)
Class dagger.spi.internal.shaded.kotlin.metadata.internal.metadata.jvm.deserialization.JvmMetadataVersion$Companion: loaded 2 times (x 70B)
Class kotlin.reflect.jvm.internal.CachesKt$CACHE_FOR_BASE_CLASSIFIERS$1               : loaded 2 times (x 77B)
Class dagger.internal.codegen.binding.MultiboundSetBinding                            : loaded 2 times (x 89B)
Class dagger.spi.internal.shaded.kotlin.metadata.KmTypeProjection                     : loaded 2 times (x 71B)
Class dagger.hilt.android.processor.internal.androidentrypoint.AutoValue_AndroidEntryPointMetadata: loaded 2 times (x 91B)
Class dagger.spi.internal.shaded.androidx.room.compiler.processing.javac.JavacTypeElement$xClassName$2: loaded 2 times (x 78B)
Class dagger.internal.codegen.writing.AssistedFactoryRequestRepresentation$Factory    : loaded 2 times (x 69B)
Class dagger.spi.internal.shaded.kotlin.metadata.jvm.internal.JvmTypeParameterExtension: loaded 2 times (x 76B)
Class dagger.spi.internal.shaded.androidx.room.compiler.processing.javac.kotlin.KmClassContainer$superTypes$2: loaded 2 times (x 78B)
Class dagger.spi.internal.shaded.kotlin.metadata.internal.protobuf.FieldSet$FieldDescriptorLite: loaded 2 times (x 69B)
Class dagger.internal.codegen.writing.UnscopedDirectInstanceRequestRepresentationFactory$1: loaded 2 times (x 70B)
Class dagger.internal.codegen.binding.BindingNode$Factory                             : loaded 2 times (x 71B)
Class dagger.internal.codegen.validation.ProducesMethodValidator_Factory              : loaded 2 times (x 81B)
Class [Lcom.google.common.graph.Traverser$InsertionOrder;                             : loaded 2 times (x 68B)
Class kotlin.collections.builders.MapBuilder$EntriesItr                               : loaded 2 times (x 80B)
Class dagger.internal.codegen.writing.ProvisionBindingRepresentation_Factory_Impl     : loaded 2 times (x 74B)
Class dagger.internal.codegen.writing.PrivateMethodRequestRepresentation_Factory      : loaded 2 times (x 71B)
Class dagger.spi.internal.shaded.androidx.room.compiler.processing.XMethodType        : loaded 2 times (x 69B)
Class dagger.hilt.processor.internal.kotlin.DaggerKotlinMetadataUtils_MetadataComponent: loaded 2 times (x 70B)
Class com.google.common.collect.SortedMultisetBridge                                  : loaded 2 times (x 69B)
Class jdk.internal.jrtfs.JrtFileSystem                                                : loaded 2 times (x 101B)
Class kotlin.text.MatcherMatchResult$groupValues$1                                    : loaded 2 times (x 159B)
Class dagger.internal.codegen.validation.BindsOptionalOfMethodValidator$Validator     : loaded 2 times (x 79B)
Class dagger.spi.internal.shaded.kotlin.metadata.internal.protobuf.RopeByteString$RopeInputStream: loaded 2 times (x 91B)
Class dagger.spi.internal.shaded.kotlin.metadata.KmTypeProjection$Companion           : loaded 2 times (x 70B)
Class dagger.hilt.android.processor.internal.androidentrypoint.$AutoValue_AndroidEntryPointMetadata: loaded 2 times (x 91B)
Class dagger.spi.internal.shaded.androidx.room.compiler.processing.javac.JavacFieldElement$enclosingElement$2: loaded 2 times (x 78B)
Class kotlin.io.FilePathComponents                                                    : loaded 2 times (x 71B)
Class dagger.internal.codegen.writing.MemberSelect$LocalField                         : loaded 2 times (x 74B)
Class dagger.internal.codegen.writing.MembersInjectionRequestRepresentation           : loaded 2 times (x 73B)
Class dagger.internal.codegen.binding.AutoValue_AssistedInjectionBinding              : loaded 2 times (x 93B)
Class kotlin.reflect.jvm.internal.KClassImpl$Data$simpleName$2                        : loaded 2 times (x 78B)
Class org.objectweb.asm.Handler                                                       : loaded 2 times (x 71B)
Class org.gradle.api.internal.classpath.GlobalCacheRootsProvider                      : loaded 2 times (x 69B)
Class dagger.spi.internal.shaded.kotlin.metadata.internal.protobuf.SmallSortedMap$1   : loaded 2 times (x 129B)
Class dagger.internal.codegen.writing.FrameworkInstanceBindingRepresentation$1        : loaded 2 times (x 70B)
Class dagger.internal.codegen.model.AutoValue_DaggerProcessingEnv                     : loaded 2 times (x 74B)
Class javax.inject.Provider                                                           : loaded 2 times (x 69B)
Class dagger.spi.internal.shaded.kotlin.metadata.internal.metadata.ProtoBuf$PropertyOrBuilder: loaded 2 times (x 69B)
Class dagger.spi.internal.shaded.kotlin.metadata.KmValueParameter                     : loaded 2 times (x 71B)
Class kotlin.coroutines.CoroutineContext$Key                                          : loaded 2 times (x 69B)
Class dagger.spi.model.DependencyRequest                                              : loaded 2 times (x 74B)
Class dagger.hilt.processor.internal.generatesrootinput.GeneratesRootInputProcessingStep: loaded 2 times (x 86B)
Class dagger.spi.model.Binding                                                        : loaded 2 times (x 69B)
Class com.google.common.graph.EndpointPair$Unordered                                  : loaded 2 times (x 82B)
Class [Lorg.jetbrains.org.objectweb.asm.Symbol;                                       : loaded 2 times (x 68B)
Class dagger.spi.internal.shaded.kotlin.metadata.jvm.JvmMetadataVersion$Companion     : loaded 2 times (x 70B)
Class dagger.internal.codegen.processingstep.LazyClassKeyProcessingStep_Factory       : loaded 2 times (x 81B)
Class com.google.common.graph.PredecessorsFunction                                    : loaded 2 times (x 69B)
Class com.squareup.kotlinpoet.WildcardTypeName$Companion                              : loaded 2 times (x 70B)
Class dagger.spi.internal.shaded.androidx.room.compiler.codegen.compat.XConverters    : loaded 2 times (x 70B)
Class dagger.spi.internal.shaded.androidx.room.compiler.processing.javac.JavacProcessingEnvMessager$Companion: loaded 2 times (x 70B)
Class jdk.internal.jrtfs.JrtFileSystemProvider                                        : loaded 2 times (x 98B)
Class dagger.spi.internal.shaded.auto.common.AnnotationOutput                         : loaded 2 times (x 70B)
Class dagger.spi.internal.shaded.kotlin.metadata.internal.protobuf.ExtensionRegistryLite$ObjectIntPair: loaded 2 times (x 71B)
Class [Lcom.google.common.graph.Graphs$NodeVisitState;                                : loaded 2 times (x 68B)
Class dagger.internal.codegen.validation.ValidationBindingGraphPlugins                : loaded 2 times (x 71B)
Class dagger.internal.codegen.extension.DaggerStreams                                 : loaded 2 times (x 70B)
Class dagger.internal.codegen.langmodel.Accessibility                                 : loaded 2 times (x 70B)
Class dagger.hilt.processor.internal.root.ComponentTree                               : loaded 2 times (x 71B)
Class dagger.internal.codegen.validation.BindsInstanceElementValidator                : loaded 2 times (x 77B)
Class kotlin.coroutines.jvm.internal.CompletedContinuation                            : loaded 2 times (x 74B)
Class com.google.common.collect.SortedMultiset                                        : loaded 2 times (x 69B)
Class dagger.internal.codegen.writing.ProducerFactoryGenerator                        : loaded 2 times (x 76B)
Class dagger.internal.codegen.processingstep.SuperficialValidator_Factory             : loaded 2 times (x 81B)
Class dagger.spi.internal.shaded.kotlin.metadata.internal.EnumFlagDelegate            : loaded 2 times (x 71B)
Class org.objectweb.asm.ClassReader                                                   : loaded 2 times (x 93B)
Class dagger.internal.codegen.writing.ProducerFromProviderCreationExpression_Factory_Impl: loaded 2 times (x 74B)
Class [Ldagger.spi.internal.shaded.androidx.room.compiler.processing.XFiler$Mode;     : loaded 2 times (x 68B)
Class org.jetbrains.org.objectweb.asm.RecordComponentWriter                           : loaded 2 times (x 77B)
Class com.google.common.io.Java8Compatibility                                         : loaded 2 times (x 70B)
Class dagger.internal.codegen.writing.ComponentMethodRequestRepresentation            : loaded 2 times (x 77B)
Class org.gradle.internal.classloader.ClasspathUtil                                   : loaded 2 times (x 70B)
Class dagger.internal.codegen.writing.DelegatingFrameworkInstanceCreationExpression_Factory: loaded 2 times (x 71B)
Class [Ldagger.internal.codegen.base.ComponentCreatorAnnotation;                      : loaded 2 times (x 68B)
Class dagger.internal.codegen.binding.MonitoringModules_Factory                       : loaded 2 times (x 80B)
Class dagger.hilt.processor.internal.ProcessorErrors                                  : loaded 2 times (x 70B)
Class org.apache.commons.io.FileUtils                                                 : loaded 2 times (x 70B)
Class dagger.internal.codegen.writing.FrameworkInstanceKind$1                         : loaded 2 times (x 70B)
Class jdk.internal.jrtfs.JrtDirectoryStream                                           : loaded 2 times (x 88B)
Class kotlin.io.FileTreeWalk$DirectoryState                                           : loaded 2 times (x 72B)
Class org.objectweb.asm.CurrentFrame                                                  : loaded 2 times (x 72B)
Class dagger.internal.codegen.writing.SwitchingProviders$1                            : loaded 2 times (x 77B)
Class dagger.hilt.android.processor.internal.androidentrypoint.AndroidEntryPointMetadata$AndroidType: loaded 2 times (x 78B)
Class dagger.spi.internal.shaded.kotlin.metadata.internal.metadata.ProtoBuf$Class     : loaded 2 times (x 179B)
Class com.google.common.util.concurrent.AbstractFuture                                : loaded 2 times (x 94B)
Class dagger.internal.codegen.writing.ProducerFromProviderCreationExpression_Factory$InstanceHolder: loaded 2 times (x 70B)
Class [Ldagger.internal.codegen.base.ClearableCache;                                  : loaded 2 times (x 68B)
Class dagger.internal.codegen.compileroption.ProcessingEnvironmentCompilerOptions_Factory: loaded 2 times (x 81B)
Class dagger.spi.internal.shaded.androidx.room.compiler.processing.javac.JavacProcessingEnv: loaded 2 times (x 120B)
Class org.jetbrains.org.objectweb.asm.SymbolTable$Entry                               : loaded 2 times (x 73B)
Class com.google.common.reflect.TypeResolver                                          : loaded 2 times (x 71B)
Class androidx.room.processor.Context$Companion                                       : loaded 2 times (x 70B)
Class com.google.common.graph.EndpointPairIterator$Undirected                         : loaded 2 times (x 81B)
Class dagger.internal.codegen.writing.ProducerFromProviderCreationExpression          : loaded 2 times (x 75B)
Class dagger.spi.internal.shaded.androidx.room.compiler.processing.javac.JavacTypeVariableType$equalityItems$2: loaded 2 times (x 78B)
Class dagger.internal.codegen.validation.ComponentDescriptorValidator_Factory         : loaded 2 times (x 81B)
Class dagger.hilt.processor.internal.uninstallmodules.AggregatedUninstallModulesMetadata: loaded 2 times (x 73B)
Class androidx.room.compiler.processing.javac.XTypeElementStore                       : loaded 2 times (x 71B)
Class kotlin.properties.ReadWriteProperty                                             : loaded 2 times (x 69B)
Class dagger.internal.codegen.validation.MapKeyValidator                              : loaded 2 times (x 71B)
Class dagger.spi.internal.shaded.androidx.room.compiler.processing.InternalXAnnotation$valuesByName$2: loaded 2 times (x 78B)
Class dagger.spi.model.DiagnosticReporter                                             : loaded 2 times (x 74B)
Class jdk.internal.jimage.decompressor.ResourceDecompressor                           : loaded 2 times (x 69B)
Class dagger.spi.internal.shaded.kotlin.metadata.internal.metadata.ProtoBuf$Type$1    : loaded 2 times (x 143B)
Class kotlin.coroutines.CoroutineContext$Element                                      : loaded 2 times (x 69B)
Class dagger.internal.codegen.binding.ComponentRequirement$NullPolicy                 : loaded 2 times (x 78B)
Class dagger.internal.codegen.binding.AssistedInjectionAnnotations                    : loaded 2 times (x 70B)
Class dagger.internal.codegen.base.SourceFileGenerator                                : loaded 2 times (x 76B)
Class [Ldagger.internal.codegen.compileroption.ValidationType;                        : loaded 2 times (x 68B)
Class dagger.spi.internal.shaded.kotlin.metadata.jvm.internal.JvmPropertyExtension$Companion: loaded 2 times (x 70B)
Class com.google.common.collect.TransformedListIterator                               : loaded 2 times (x 92B)
Class dagger.internal.codegen.javapoet.CodeBlocks                                     : loaded 2 times (x 70B)
Class com.google.common.cache.LocalCache$ValueIterator                                : loaded 2 times (x 85B)
Class org.gradle.api.internal.DefaultClassPathRegistry                                : loaded 2 times (x 75B)
Class dagger.spi.internal.shaded.kotlin.metadata.internal.metadata.jvm.deserialization.JvmNameResolver: loaded 2 times (x 79B)
Class dagger.spi.internal.shaded.kotlin.metadata.internal.protobuf.ExtensionRegistryLite: loaded 2 times (x 73B)
Class dagger.hilt.processor.internal.root.TestRootMetadata                            : loaded 2 times (x 77B)
Class [Ldagger.spi.internal.shaded.androidx.room.compiler.processing.XProcessingEnv$Platform;: loaded 2 times (x 68B)
Class dagger.hilt.android.processor.internal.androidentrypoint.AndroidEntryPointProcessor: loaded 2 times (x 99B)
Class [Lorg.objectweb.asm.Symbol;                                                     : loaded 2 times (x 68B)
Class com.google.common.util.concurrent.AbstractFuture$Cancellation                   : loaded 2 times (x 71B)
Class com.google.common.collect.Multimaps$Entries                                     : loaded 2 times (x 117B)
Class dagger.internal.codegen.writing.OptionalFactories_PerGeneratedFileCache_Factory : loaded 2 times (x 80B)
Class dagger.spi.internal.shaded.androidx.room.compiler.processing.javac.JavacExecutableElement$enclosingElement$2: loaded 2 times (x 78B)
Class com.google.common.collect.Interner                                              : loaded 2 times (x 69B)
Class com.squareup.kotlinpoet.TypeVariableName$Companion                              : loaded 2 times (x 70B)
Class dagger.spi.internal.shaded.androidx.room.compiler.processing.XTypeParameterElement: loaded 2 times (x 69B)
Class dagger.internal.codegen.DelegateComponentProcessor_MembersInjector              : loaded 2 times (x 74B)
Class dagger.spi.internal.shaded.kotlin.metadata.Attributes$kind$11                   : loaded 2 times (x 136B)
Class [Ldagger.internal.codegen.writing.ComponentImplementation$FieldSpecKind;        : loaded 2 times (x 68B)
Class com.google.common.graph.GraphConnections                                        : loaded 2 times (x 69B)
Class dagger.spi.internal.shaded.androidx.room.compiler.processing.javac.JavacDeclaredType: loaded 2 times (x 184B)
Class org.gradle.api.internal.classpath.DefaultModuleRegistry$DefaultModule           : loaded 2 times (x 85B)
Class dagger.hilt.processor.internal.aliasof.AutoValue_AliasOfPropagatedDataMetadata  : loaded 2 times (x 74B)
Class kotlin.coroutines.ContinuationInterceptor$Key                                   : loaded 2 times (x 70B)
Class dagger.internal.codegen.bindinggraphvalidation.DuplicateBindingsValidator$KeyWithTypeEquivalence: loaded 2 times (x 73B)
Class dagger.spi.internal.shaded.androidx.room.compiler.processing.javac.kotlin.JvmDescriptorUtilsKt: loaded 2 times (x 70B)
Class com.google.common.io.LineReader                                                 : loaded 2 times (x 71B)
Class com.google.common.graph.DirectedGraphConnections$2$1                            : loaded 2 times (x 81B)
Class dagger.spi.internal.shaded.androidx.room.compiler.processing.javac.kotlin.KmClassContainer: loaded 2 times (x 78B)
Class dagger.spi.internal.shaded.kotlin.metadata.internal.BooleanFlagDelegate         : loaded 2 times (x 71B)
Class com.google.common.graph.DirectedGraphConnections$2$2                            : loaded 2 times (x 81B)
Class dagger.spi.internal.shaded.androidx.room.compiler.processing.CommonProcessorDelegate: loaded 2 times (x 71B)
Class dagger.internal.codegen.binding.AutoValue_BindingGraph                          : loaded 2 times (x 81B)
Class dagger.internal.codegen.base.ElementFormatter_Factory$InstanceHolder            : loaded 2 times (x 70B)
Class dagger.internal.codegen.binding.$AutoValue_MultiboundSetBinding                 : loaded 2 times (x 91B)
Class dagger.internal.codegen.model.Binding                                           : loaded 2 times (x 69B)
Class kotlin.reflect.jvm.internal.KClassImpl$Data$inheritedStaticMembers$2            : loaded 2 times (x 78B)
Class dagger.internal.codegen.writing.ProducerNodeInstanceRequestRepresentation       : loaded 2 times (x 75B)
Class dagger.internal.codegen.writing.OptionalFactories_Factory                       : loaded 2 times (x 81B)
Class dagger.internal.codegen.writing.MembersInjectionBindingRepresentation_Factory_Impl: loaded 2 times (x 74B)
Class dagger.spi.internal.shaded.androidx.room.compiler.processing.javac.JavacAnnotation$defaultValues$2: loaded 2 times (x 78B)
Class dagger.internal.codegen.validation.SpiModelBindingGraphConverter$DaggerTypeImpl : loaded 2 times (x 74B)
Class dagger.spi.internal.shaded.auto.common.AnnotationOutput$SourceFormVisitor       : loaded 2 times (x 116B)
Class dagger.internal.codegen.bindinggraphvalidation.DependencyCycleValidator         : loaded 2 times (x 84B)
Class dagger.hilt.processor.internal.kotlin.KotlinMetadataUtil                        : loaded 2 times (x 71B)
Class dagger.spi.internal.shaded.kotlin.metadata.internal.metadata.ProtoBuf$Visibility$1: loaded 2 times (x 73B)
Class com.google.common.graph.ElementOrder                                            : loaded 2 times (x 71B)
Class dagger.internal.codegen.componentgenerator.ComponentHjarGenerator_Factory       : loaded 2 times (x 81B)
Class dagger.internal.codegen.binding.InjectionAnnotations                            : loaded 2 times (x 71B)
Class dagger.internal.codegen.validation.ExternalBindingGraphPlugins                  : loaded 2 times (x 71B)
Class dagger.spi.internal.shaded.androidx.room.compiler.processing.javac.JavacMethodElement$parameters$2: loaded 2 times (x 78B)
Class dagger.internal.codegen.writing.ComponentCreatorImplementationFactory$RequirementStatus: loaded 2 times (x 78B)
Class dagger.internal.codegen.writing.AssistedFactoryRequestRepresentation_Factory_Impl: loaded 2 times (x 74B)
Class dagger.internal.codegen.validation.BindsInstanceMethodValidator$Validator       : loaded 2 times (x 76B)
Class dagger.spi.internal.shaded.kotlin.metadata.internal.protobuf.AbstractParser     : loaded 2 times (x 143B)
Class com.google.common.cache.RemovalCause$1                                          : loaded 2 times (x 79B)
Class com.google.common.collect.Maps$FilteredEntryMap$EntrySet$1                      : loaded 2 times (x 81B)
Class com.google.common.cache.RemovalCause$2                                          : loaded 2 times (x 79B)
Class dagger.internal.codegen.writing.FrameworkInstanceRequestRepresentation          : loaded 2 times (x 75B)
Class androidx.room.compiler.processing.XBasicAnnotationProcessor                     : loaded 2 times (x 69B)
Class com.google.common.cache.RemovalCause$3                                          : loaded 2 times (x 79B)
Class org.gradle.kotlin.dsl.VersionCatalogAccessorsKt                                 : loaded 2 times (x 70B)
Class dagger.spi.internal.shaded.androidx.room.compiler.processing.javac.JavacRawType : loaded 2 times (x 78B)
Class dagger.spi.internal.shaded.androidx.room.compiler.processing.JavaPoetExtKt      : loaded 2 times (x 70B)
Class dagger.spi.internal.shaded.auto.common.MoreTypes$AsElementVisitor               : loaded 2 times (x 100B)
Class dagger.spi.internal.shaded.auto.common.MoreTypes                                : loaded 2 times (x 70B)
Class com.google.common.cache.RemovalCause$4                                          : loaded 2 times (x 79B)
Class dagger.internal.codegen.writing.ComponentNames                                  : loaded 2 times (x 71B)
Class dagger.spi.model.DaggerProcessingEnv$Backend                                    : loaded 2 times (x 78B)
Class dagger.internal.codegen.writing.ModuleProxies_ModuleConstructorProxyGenerator_Factory: loaded 2 times (x 81B)
Class dagger.hilt.processor.internal.Processors                                       : loaded 2 times (x 70B)
Class com.google.common.cache.RemovalCause$5                                          : loaded 2 times (x 79B)
Class dagger.spi.internal.shaded.kotlin.metadata.internal.metadata.ProtoBuf$TypeParameterOrBuilder: loaded 2 times (x 69B)
Class dagger.hilt.processor.internal.kotlin.DaggerKotlinMetadataUtils_MetadataComponent$MetadataComponentImpl: loaded 2 times (x 74B)
Class dagger.spi.internal.shaded.auto.common.Overrides                                : loaded 2 times (x 71B)
Class dagger.spi.internal.shaded.androidx.room.compiler.processing.XProcessingEnv$Backend: loaded 2 times (x 78B)
Class org.objectweb.asm.RecordComponentVisitor                                        : loaded 2 times (x 76B)
Class dagger.internal.codegen.writing.ProducerCreationExpression$Factory              : loaded 2 times (x 69B)
Class dagger.hilt.processor.internal.root.RootProcessingStep                          : loaded 2 times (x 86B)
Class dagger.internal.codegen.writing.MembersInjectionRequestRepresentation$Factory   : loaded 2 times (x 69B)
Class dagger.spi.internal.shaded.kotlin.metadata.KmConstructor                        : loaded 2 times (x 71B)
Class org.jetbrains.kotlin.build.report.metrics.GradleBuildTime                       : loaded 2 times (x 87B)
Class com.google.common.reflect.Types$ClassOwnership$1                                : loaded 2 times (x 79B)
Class com.google.common.reflect.Invokable                                             : loaded 2 times (x 100B)
Class com.google.common.reflect.Types$ClassOwnership$2                                : loaded 2 times (x 79B)
Class dagger.spi.internal.shaded.androidx.room.compiler.processing.javac.kotlin.JvmDescriptorTypeVisitor$visitExecutable$parameterDescriptors$1: loaded 2 times (x 78B)
Class dagger.internal.codegen.DaggerDelegateComponentProcessor_Injector$Factory       : loaded 2 times (x 73B)
Class dagger.spi.internal.shaded.androidx.room.compiler.processing.javac.JavacAnnotation: loaded 2 times (x 139B)
Class com.google.common.reflect.Types$ClassOwnership$3                                : loaded 2 times (x 70B)
Class kotlin.reflect.jvm.internal.CachesKt$K_PACKAGE_CACHE$1                          : loaded 2 times (x 77B)
Class dagger.internal.codegen.binding.$AutoValue_ComponentBinding$Builder             : loaded 2 times (x 92B)
Class dagger.spi.internal.shaded.androidx.room.compiler.processing.javac.JavacExecutableElement$thrownTypes$2: loaded 2 times (x 78B)
Class dagger.internal.codegen.writing.InjectionMethods$InjectionSiteMethod            : loaded 2 times (x 70B)
Class dagger.internal.codegen.writing.ComponentInstanceRequestRepresentation_Factory_Impl: loaded 2 times (x 74B)
Class dagger.spi.internal.shaded.kotlin.metadata.KmFlexibleTypeUpperBound             : loaded 2 times (x 71B)
Class dagger.spi.internal.shaded.androidx.room.compiler.processing.javac.JavacFieldElement$setter$2: loaded 2 times (x 78B)
Class dagger.spi.internal.shaded.kotlin.metadata.internal.metadata.deserialization.ProtoBufUtilKt: loaded 2 times (x 70B)
Class dagger.spi.internal.shaded.androidx.room.compiler.processing.javac.ElementExtKt : loaded 2 times (x 70B)
Class com.google.common.cache.LocalCache$HashIterator                                 : loaded 2 times (x 85B)
Class com.google.common.graph.MutableGraph                                            : loaded 2 times (x 69B)
Class dagger.internal.codegen.writing.InjectionMethods                                : loaded 2 times (x 70B)
Class dagger.spi.internal.shaded.androidx.room.compiler.codegen.XTypeName$Companion   : loaded 2 times (x 70B)
Class dagger.internal.codegen.binding.BindsTypeChecker                                : loaded 2 times (x 71B)
Class dagger.spi.internal.shaded.androidx.room.compiler.processing.javac.JavacAnnotation$annotationValues$2: loaded 2 times (x 78B)
Class com.google.common.cache.LocalCache$WriteThroughEntry                            : loaded 2 times (x 78B)
Class org.objectweb.asm.ClassTooLargeException                                        : loaded 2 times (x 82B)
Class dagger.internal.codegen.processingstep.InjectProcessingStep                     : loaded 2 times (x 85B)
Class dagger.internal.codegen.writing.ComponentImplementation$TypeSpecKind            : loaded 2 times (x 78B)
Class dagger.spi.internal.shaded.androidx.room.compiler.processing.javac.JavacDeclaredType$typeArguments$2: loaded 2 times (x 78B)
Class dagger.internal.codegen.compileroption.ProcessingEnvironmentCompilerOptions$Validation$1: loaded 2 times (x 92B)
Class dagger.spi.internal.shaded.kotlin.metadata.internal.protobuf.WireFormat$FieldType$1: loaded 2 times (x 82B)
Class dagger.internal.codegen.writing.ComponentCreatorImplementationFactory_Factory   : loaded 2 times (x 81B)
Class dagger.spi.internal.shaded.kotlin.metadata.internal.protobuf.WireFormat$FieldType$2: loaded 2 times (x 82B)
Class org.gradle.api.internal.classpath.UnknownModuleException                        : loaded 2 times (x 81B)
Class dagger.spi.internal.shaded.kotlin.metadata.internal.protobuf.WireFormat$FieldType$3: loaded 2 times (x 82B)
Class dagger.internal.codegen.validation.BindsOptionalOfMethodValidator_Factory       : loaded 2 times (x 81B)
Class dagger.spi.internal.shaded.kotlin.metadata.internal.protobuf.WireFormat$FieldType$4: loaded 2 times (x 82B)
Class dagger.spi.model.AutoValue_Key_MultibindingContributionIdentifier               : loaded 2 times (x 73B)
Class dagger.internal.codegen.binding.$AutoValue_SubcomponentCreatorBinding$Builder   : loaded 2 times (x 92B)
Class dagger.spi.internal.shaded.kotlin.metadata.internal.metadata.ProtoBuf$Constructor: loaded 2 times (x 123B)
Class com.google.common.util.concurrent.AbstractFuture$Listener                       : loaded 2 times (x 71B)
Class dagger.internal.codegen.writing.ComponentMethodRequestRepresentation$Factory    : loaded 2 times (x 69B)
Class dagger.internal.codegen.binding.AssistedInjectionBinding$Builder                : loaded 2 times (x 79B)
Class dagger.internal.codegen.binding.$AutoValue_InjectionBinding                     : loaded 2 times (x 92B)
Class dagger.spi.model.BindingGraph$ComponentNode                                     : loaded 2 times (x 69B)
Class org.apache.commons.io.output.AbstractByteArrayOutputStream                      : loaded 2 times (x 101B)
Class dagger.spi.internal.shaded.kotlin.metadata.internal.extensions.KmClassExtension : loaded 2 times (x 69B)
Class kotlin.time.Duration$Companion                                                  : loaded 2 times (x 70B)
Class dagger.internal.codegen.writing.ComponentImplementation$ShardImplementation     : loaded 2 times (x 80B)
Class com.google.common.collect.MapMakerInternalMap$StrongKeyDummyValueEntry$LinkedStrongKeyDummyValueEntry: loaded 2 times (x 81B)
Class dagger.spi.internal.shaded.androidx.room.compiler.processing.javac.JavacConstructorElement$kotlinMetadata$2: loaded 2 times (x 78B)
Class com.google.common.collect.Iterables$4                                           : loaded 2 times (x 80B)
Class org.objectweb.asm.Edge                                                          : loaded 2 times (x 71B)
Class dagger.internal.codegen.writing.FrameworkInstanceBindingRepresentation_Factory  : loaded 2 times (x 71B)
Class dagger.internal.codegen.writing.SetFactoryCreationExpression_Factory            : loaded 2 times (x 71B)
Class dagger.internal.codegen.binding.DependencyRequestFactory$1                      : loaded 2 times (x 70B)
Class dagger.spi.internal.shaded.androidx.room.compiler.processing.XFieldElement      : loaded 2 times (x 69B)
Class dagger.internal.codegen.xprocessing.XElements                                   : loaded 2 times (x 70B)
Class dagger.spi.internal.shaded.androidx.room.compiler.processing.javac.JavacProcessingEnv$Companion: loaded 2 times (x 70B)
Class com.google.common.collect.Iterables$8                                           : loaded 2 times (x 80B)
Class dagger.internal.codegen.binding.BindingDeclaration                              : loaded 2 times (x 79B)
Class dagger.hilt.processor.internal.root.AutoValue_Root                              : loaded 2 times (x 77B)
Class dagger.internal.codegen.base.OptionalType$OptionalKind                          : loaded 2 times (x 78B)
Class dagger.spi.internal.shaded.kotlin.metadata.internal.FlagDelegatesImplKt$propertyAccessorBooleanFlag$1: loaded 2 times (x 136B)
Class kotlin.jvm.internal.ArrayIteratorKt                                             : loaded 2 times (x 70B)
Class dagger.internal.codegen.validation.AnyBindingMethodValidator                    : loaded 2 times (x 74B)
Class dagger.internal.codegen.writing.ComponentCreatorImplementationFactory$BuilderForGeneratedRootComponentBuilder: loaded 2 times (x 81B)
Class dagger.internal.codegen.kotlin.$AutoValue_KotlinMetadata                        : loaded 2 times (x 79B)
Class dagger.internal.codegen.binding.AutoValue_ComponentDescriptor_ComponentMethodDescriptor: loaded 2 times (x 74B)
Class dagger.spi.internal.shaded.androidx.room.compiler.processing.javac.JavacTypeElement$Companion: loaded 2 times (x 70B)
Class com.google.common.io.ByteArrayDataInput                                         : loaded 2 times (x 69B)
Class dagger.spi.model.DaggerExecutableElement                                        : loaded 2 times (x 73B)
Class dagger.spi.internal.shaded.androidx.room.compiler.processing.javac.DefaultJavacType$equalityItems$2: loaded 2 times (x 78B)
Class dagger.spi.internal.shaded.kotlin.metadata.internal.protobuf.GeneratedMessageLite$GeneratedExtension: loaded 2 times (x 78B)
Class dagger.spi.internal.shaded.androidx.room.compiler.processing.javac.JavacExecutableElement$jvmDescriptor$2: loaded 2 times (x 78B)
Class [Lorg.objectweb.asm.SymbolTable$Entry;                                          : loaded 2 times (x 68B)
Class dagger.internal.codegen.binding.AutoValue_SubcomponentDeclaration               : loaded 2 times (x 77B)
Class dagger.hilt.processor.internal.ComponentNames                                   : loaded 2 times (x 71B)
Class kotlin.ranges.IntProgression$Companion                                          : loaded 2 times (x 70B)
Class com.google.common.reflect.Types$JavaVersion                                     : loaded 2 times (x 82B)
Class dagger.internal.codegen.writing.ComponentProvisionRequestRepresentation$Factory : loaded 2 times (x 69B)
Class com.google.common.graph.AbstractBaseGraph                                       : loaded 2 times (x 113B)
Class dagger.internal.codegen.binding.ContributionBinding$1                           : loaded 2 times (x 70B)
Class dagger.internal.codegen.writing.SwitchingProviderInstanceSupplier_Factory       : loaded 2 times (x 71B)
Class dagger.internal.codegen.model.DaggerType                                        : loaded 2 times (x 73B)
Class dagger.internal.codegen.validation.BindingElementValidator$AllowsScoping        : loaded 2 times (x 78B)
Class dagger.hilt.processor.internal.definecomponent.DefineComponentBuilderMetadatas$DefineComponentBuilderMetadata: loaded 2 times (x 73B)
Class kotlin.collections.builders.AbstractMapBuilderEntrySet                          : loaded 2 times (x 143B)
Class dagger.internal.codegen.writing.SwitchingProviders$SwitchingProviderBuilder     : loaded 2 times (x 71B)
Class dagger.spi.internal.shaded.androidx.room.compiler.processing.XConstructorType   : loaded 2 times (x 69B)
Class kotlin.KotlinVersionCurrentValue                                                : loaded 2 times (x 70B)
Class dagger.internal.codegen.validation.BindsInstanceMethodValidator                 : loaded 2 times (x 77B)
Class dagger.internal.codegen.validation.BindsMethodValidator_Factory                 : loaded 2 times (x 81B)
Class com.google.common.graph.GraphConstants$Presence                                 : loaded 2 times (x 78B)
Class org.apache.commons.io.file.PathFilter                                           : loaded 2 times (x 69B)
Class dagger.hilt.android.processor.internal.viewmodel.ViewModelProcessingStep        : loaded 2 times (x 86B)
Class dagger.internal.codegen.writing.ComponentImplementation                         : loaded 2 times (x 71B)
Class dagger.internal.codegen.binding.InjectionBinding$Builder                        : loaded 2 times (x 79B)
Class dagger.spi.internal.shaded.kotlin.metadata.internal.metadata.ProtoBuf$Package$1 : loaded 2 times (x 143B)
Class kotlin.reflect.jvm.internal.KDeclarationContainerImpl$Data$moduleData$2         : loaded 2 times (x 78B)
Class dagger.internal.codegen.binding.InjectionSiteFactory$InjectionSiteVisitor       : loaded 2 times (x 71B)
Class dagger.internal.codegen.writing.AutoValue_ComponentCreatorImplementation        : loaded 2 times (x 74B)
Class dagger.internal.codegen.binding.SourceFiles$1                                   : loaded 2 times (x 70B)
Class dagger.internal.codegen.binding.$AutoValue_BindingGraph                         : loaded 2 times (x 81B)
Class dagger.spi.internal.shaded.androidx.room.compiler.processing.XMethodElement     : loaded 2 times (x 69B)
Class com.squareup.kotlinpoet.Dynamic                                                 : loaded 2 times (x 85B)
Class dagger.internal.codegen.writing.MembersInjectionMethods                         : loaded 2 times (x 71B)
Class dagger.internal.codegen.writing.ComponentRequestRepresentations                 : loaded 2 times (x 71B)
Class com.google.common.collect.AbstractMultiset$EntrySet                             : loaded 2 times (x 137B)
Class dagger.spi.internal.shaded.kotlin.metadata.internal.metadata.ProtoBuf$Effect$InvocationKind: loaded 2 times (x 81B)
Class com.google.devtools.ksp.processing.KspGradleLogger                              : loaded 2 times (x 78B)
Class dagger.spi.internal.shaded.kotlin.metadata.internal.metadata.jvm.JvmProtoBuf$StringTableTypes$Record$Operation: loaded 2 times (x 81B)
Class dagger.internal.codegen.writing.ComponentCreatorImplementationFactory$1         : loaded 2 times (x 70B)
Class [Ldagger.hilt.processor.internal.aggregateddeps.AggregatedDepsMetadata$DependencyType;: loaded 2 times (x 68B)
Class org.objectweb.asm.ClassVisitor                                                  : loaded 2 times (x 87B)
Class dagger.internal.codegen.bindinggraphvalidation.NullableBindingValidator_Factory : loaded 2 times (x 81B)
Class dagger.spi.internal.shaded.androidx.room.compiler.processing.InternalXAnnotationValue: loaded 2 times (x 154B)
Class com.google.common.collect.MapMakerInternalMap$StrongKeyDummyValueEntry          : loaded 2 times (x 81B)
Class org.gradle.internal.service.ServiceLookupException                              : loaded 2 times (x 81B)
Class dagger.internal.codegen.model.AutoValue_DaggerExecutableElement                 : loaded 2 times (x 73B)
Class androidx.room.util.SimpleJavaVersion$compareTo$$inlined$compareBy$1             : loaded 2 times (x 88B)
Class dagger.internal.Preconditions                                                   : loaded 2 times (x 70B)
Class com.google.common.collect.MapMakerInternalMap$StrongKeyDummyValueSegment        : loaded 2 times (x 141B)
Class dagger.internal.codegen.validation.SpiModelBindingGraphConverter$DependencyEdgeImpl: loaded 2 times (x 77B)
Class dagger.internal.codegen.binding.MapKeys                                         : loaded 2 times (x 70B)
Class [Ldagger.spi.internal.shaded.androidx.room.compiler.codegen.XTypeName;          : loaded 2 times (x 68B)
Class dagger.spi.internal.shaded.kotlin.metadata.jvm.KotlinClassMetadata$Class        : loaded 2 times (x 76B)
Class androidx.room.compiler.processing.javac.JavacProcessingEnv$typeElementStore$1   : loaded 2 times (x 78B)
Class dagger.hilt.processor.internal.definecomponent.AutoValue_DefineComponentClassesMetadata: loaded 2 times (x 75B)
Class androidx.room.compiler.processing.javac.JavacProcessingEnv$typeElementStore$2   : loaded 2 times (x 77B)
Class com.google.common.graph.ElementOrder$Type                                       : loaded 2 times (x 78B)
Class dagger.hilt.processor.internal.DaggerModelsKt$WhenMappings                      : loaded 2 times (x 70B)
Class androidx.room.compiler.processing.javac.JavacProcessingEnv$typeElementStore$3   : loaded 2 times (x 78B)
Class org.jetbrains.org.objectweb.asm.Type                                            : loaded 2 times (x 71B)
Class dagger.spi.internal.shaded.kotlin.metadata.KmPropertyAccessorAttributes         : loaded 2 times (x 70B)
Class dagger.spi.internal.shaded.kotlin.metadata.jvm.JvmMetadataVersion               : loaded 2 times (x 73B)
Class dagger.spi.internal.shaded.kotlin.metadata.internal.protobuf.UninitializedMessageException: loaded 2 times (x 83B)
Class jdk.internal.jimage.ImageStringsReader                                          : loaded 2 times (x 79B)
Class dagger.spi.model.BindingGraph                                                   : loaded 2 times (x 93B)
Class dagger.internal.codegen.xprocessing.XAnnotations$1                              : loaded 2 times (x 83B)
Class dagger.internal.codegen.writing.FrameworkInstanceSupplier                       : loaded 2 times (x 69B)
Class dagger.spi.internal.shaded.auto.common.AnnotationMirrors                        : loaded 2 times (x 70B)
Class dagger.internal.codegen.xprocessing.XProcessingEnvs                             : loaded 2 times (x 70B)
Class dagger.internal.codegen.componentgenerator.ComponentGenerator                   : loaded 2 times (x 76B)
Class dagger.spi.model.ComponentPath                                                  : loaded 2 times (x 72B)
Class dagger.internal.codegen.binding.$AutoValue_DelegateBinding$Builder              : loaded 2 times (x 100B)
Class dagger.internal.codegen.binding.AssistedInjectionBinding                        : loaded 2 times (x 91B)
Class org.jetbrains.org.objectweb.asm.Context                                         : loaded 2 times (x 71B)
Class jdk.internal.jimage.decompressor.ResourceDecompressorFactory                    : loaded 2 times (x 73B)
Class dagger.internal.codegen.processingstep.TypeCheckingProcessingStep_MembersInjector: loaded 2 times (x 74B)
Class dagger.hilt.processor.internal.aggregateddeps.AggregatedDepsProcessingStep      : loaded 2 times (x 86B)
Class dagger.hilt.processor.internal.uninstallmodules.UninstallModulesProcessingStep  : loaded 2 times (x 86B)
Class dagger.internal.codegen.writing.ProductionBindingRepresentation_Factory         : loaded 2 times (x 71B)
Class dagger.spi.internal.shaded.kotlin.metadata.internal.metadata.jvm.JvmProtoBuf$StringTableTypes$1: loaded 2 times (x 143B)
Class com.squareup.javapoet.ClassName$1                                               : loaded 2 times (x 96B)
Class dagger.internal.codegen.writing.FrameworkFieldInitializer                       : loaded 2 times (x 74B)
Class dagger.internal.codegen.validation.BindingElementValidator$ElementValidator     : loaded 2 times (x 76B)
Class kotlin.text.DelimitedRangesSequence                                             : loaded 2 times (x 74B)
Class dagger.internal.codegen.model.AutoValue_DaggerTypeElement                       : loaded 2 times (x 73B)
Class dagger.internal.codegen.bindinggraphvalidation.MapMultibindingValidator         : loaded 2 times (x 84B)
Class dagger.spi.internal.shaded.kotlin.metadata.internal.metadata.jvm.JvmProtoBuf$JvmMethodSignature$Builder: loaded 2 times (x 133B)
Class [Lorg.gradle.api.internal.ClassPathProvider;                                    : loaded 2 times (x 68B)
Class dagger.spi.internal.shaded.androidx.room.compiler.processing.XEnumEntry         : loaded 2 times (x 69B)
Class jdk.internal.jimage.ImageReader$SharedImageReader$LocationVisitor               : loaded 2 times (x 69B)
Class kotlin.collections.MutableMapWithDefault                                        : loaded 2 times (x 69B)
Class com.google.common.util.concurrent.AbstractFuture$SafeAtomicHelper               : loaded 2 times (x 78B)
Class dagger.internal.codegen.xprocessing.XTypes$TypeResolutionVisitor                : loaded 2 times (x 100B)
Class dagger.internal.codegen.validation.BindingMethodValidatorsModule_IndexValidatorsFactory: loaded 2 times (x 81B)
Class com.google.common.graph.MapIteratorCache$1                                      : loaded 2 times (x 136B)
Class com.google.common.graph.NetworkConnections                                      : loaded 2 times (x 69B)
Class dagger.spi.internal.shaded.androidx.room.compiler.processing.javac.JavacAnnotationValueKt$UNWRAP_VISITOR$1: loaded 2 times (x 102B)
Class dagger.internal.codegen.componentgenerator.CurrentImplementationSubcomponent$ChildComponentImplementationFactoryModule: loaded 2 times (x 69B)
Class org.gradle.util.internal.GUtil                                                  : loaded 2 times (x 70B)
Class dagger.internal.codegen.writing.PrivateMethodRequestRepresentation$Factory      : loaded 2 times (x 69B)
Class dagger.spi.internal.shaded.androidx.room.compiler.processing.ksp.KSTypeJavaPoetExtKt$typeVarNameConstructor$2: loaded 2 times (x 77B)
Class jdk.internal.jimage.decompressor.ZipDecompressor                                : loaded 2 times (x 74B)
Class kotlin.coroutines.ContinuationInterceptor                                       : loaded 2 times (x 69B)
Class dagger.internal.codegen.binding.DependencyEdgeImpl                              : loaded 2 times (x 75B)
Class dagger.internal.codegen.validation.SpiModelBindingGraphConverter$DaggerProcessingEnvImpl: loaded 2 times (x 75B)
Class dagger.spi.internal.shaded.kotlin.metadata.internal.protobuf.ByteString         : loaded 2 times (x 107B)
Class [Lcom.google.common.graph.GraphConstants$Presence;                              : loaded 2 times (x 68B)
Class com.google.common.graph.EndpointPair                                            : loaded 2 times (x 82B)
Class dagger.internal.codegen.model.DaggerExecutableElement                           : loaded 2 times (x 72B)
Class androidx.room.processor.Context$ProcessorOptions                                : loaded 2 times (x 78B)
Class [Ldagger.spi.internal.shaded.kotlin.metadata.internal.metadata.ProtoBuf$Visibility;: loaded 2 times (x 68B)
Class dagger.spi.internal.shaded.androidx.room.compiler.processing.InternalXAnnotationValue$Kind: loaded 2 times (x 78B)
Class dagger.hilt.processor.internal.definecomponent.DefineComponentBuilderMetadatas  : loaded 2 times (x 71B)
Class dagger.spi.internal.shaded.kotlin.metadata.MemberKind                           : loaded 2 times (x 78B)
Class dagger.spi.internal.shaded.auto.common.AnnotationOutput$1                       : loaded 2 times (x 106B)
Class dagger.internal.codegen.bindinggraphvalidation.DuplicateBindingsValidator       : loaded 2 times (x 84B)
Class dagger.spi.internal.shaded.auto.common.MoreElements$CastingElementVisitor       : loaded 2 times (x 92B)
Class dagger.hilt.android.processor.internal.viewmodel.ViewModelProcessor             : loaded 2 times (x 99B)
Class [Lcom.google.common.reflect.Types$JavaVersion;                                  : loaded 2 times (x 68B)
Class dagger.spi.internal.shaded.kotlin.metadata.internal.metadata.ProtoBuf$Expression$ConstantValue: loaded 2 times (x 81B)
Class dagger.hilt.processor.internal.root.ComponentGenerator                          : loaded 2 times (x 71B)
Class dagger.internal.codegen.base.ContributionType                                   : loaded 2 times (x 78B)
Class dagger.internal.codegen.binding.InjectionBinding                                : loaded 2 times (x 91B)
Class org.gradle.internal.classloader.ClassLoaderSpec                                 : loaded 2 times (x 70B)
Class dagger.internal.codegen.binding.AutoValue_MultibindingDeclaration               : loaded 2 times (x 78B)
Class dagger.spi.internal.shaded.kotlin.metadata.internal.metadata.ProtoBuf$EnumEntry$1: loaded 2 times (x 143B)
Class dagger.spi.internal.shaded.kotlin.metadata.jvm.JvmMemberSignatureKt             : loaded 2 times (x 70B)
Class com.google.common.io.LineProcessor                                              : loaded 2 times (x 69B)
Class dagger.internal.codegen.javapoet.AnnotationSpecs$Suppression                    : loaded 2 times (x 78B)
Class dagger.internal.codegen.model.AutoValue_DaggerAnnotation                        : loaded 2 times (x 75B)
Class dagger.spi.internal.shaded.kotlin.metadata.internal.metadata.ProtoBuf$TypeTable$1: loaded 2 times (x 143B)
Class dagger.spi.internal.shaded.androidx.room.compiler.codegen.XClassNameKt          : loaded 2 times (x 70B)
Class dagger.internal.codegen.binding.ComponentDeclarations                           : loaded 2 times (x 71B)
Class dagger.spi.internal.shaded.kotlin.metadata.KmProperty                           : loaded 2 times (x 71B)
Class dagger.spi.internal.shaded.kotlin.metadata.Attributes                           : loaded 2 times (x 70B)
Class dagger.spi.internal.shaded.androidx.room.compiler.processing.javac.JavacMethodElement$kotlinMetadata$2: loaded 2 times (x 78B)
Class dagger.hilt.processor.internal.JavacBaseProcessingStepProcessor                 : loaded 2 times (x 99B)
Class kotlin.jvm.JvmStatic                                                            : loaded 2 times (x 69B)
Class com.google.common.io.CharSink                                                   : loaded 2 times (x 78B)
Class dagger.internal.codegen.base.$AutoValue_ModuleAnnotation                        : loaded 2 times (x 75B)
Class dagger.internal.codegen.validation.MultibindsMethodValidator                    : loaded 2 times (x 78B)
Class com.squareup.javapoet.LineWrapper$1                                             : loaded 2 times (x 70B)
Class org.objectweb.asm.Frame                                                         : loaded 2 times (x 72B)
Class com.google.common.collect.FilteredKeySetMultimap$EntrySet                       : loaded 2 times (x 148B)
Class dagger.internal.codegen.writing.ProviderInstanceRequestRepresentation$1         : loaded 2 times (x 70B)
Class dagger.spi.internal.shaded.kotlin.metadata.internal.metadata.ProtoBuf$Type$Argument: loaded 2 times (x 109B)
Class dagger.spi.internal.shaded.auto.common.MoreTypes$ExecutableTypeVisitor          : loaded 2 times (x 101B)
Class dagger.internal.codegen.xprocessing.XAnnotationValues$1                         : loaded 2 times (x 83B)
Class [Ldagger.spi.internal.shaded.androidx.room.compiler.processing.XNullability;    : loaded 2 times (x 68B)
Class [Ldagger.spi.model.BindingKind;                                                 : loaded 2 times (x 68B)
Class dagger.spi.internal.shaded.kotlin.metadata.internal.protobuf.ByteString$Output  : loaded 2 times (x 85B)
Class com.google.common.graph.DirectedMultiNetworkConnections                         : loaded 2 times (x 97B)
Class dagger.internal.codegen.validation.SpiModelBindingGraphConverter                : loaded 2 times (x 70B)
Class [Lcom.google.common.collect.MapMakerInternalMap$Strength;                       : loaded 2 times (x 68B)
Class dagger.internal.codegen.writing.SimpleMethodRequestRepresentation               : loaded 2 times (x 73B)
Class dagger.spi.internal.shaded.kotlin.metadata.internal.metadata.ProtoBuf$Contract  : loaded 2 times (x 106B)
Class dagger.spi.internal.shaded.kotlin.metadata.jvm.internal.JvmConstructorExtension : loaded 2 times (x 76B)
Class dagger.spi.internal.shaded.kotlin.metadata.internal.metadata.jvm.deserialization.JvmMetadataVersion: loaded 2 times (x 73B)
Class com.google.common.graph.StandardMutableGraph                                    : loaded 2 times (x 159B)
Class dagger.spi.internal.shaded.androidx.room.compiler.processing.XProcessingEnvConfig$Builder: loaded 2 times (x 71B)
Class com.google.common.util.concurrent.AbstractFuture$TrustedFuture                  : loaded 2 times (x 96B)
Class dagger.internal.codegen.writing.FrameworkFieldInitializer$FrameworkInstanceCreationExpression: loaded 2 times (x 69B)
Class dagger.internal.codegen.kotlin.ParameterMetadata                                : loaded 2 times (x 71B)
Class dagger.spi.internal.shaded.kotlin.metadata.internal.protobuf.GeneratedMessageLite$1: loaded 2 times (x 70B)
Class dagger.spi.internal.shaded.kotlin.metadata.internal.protobuf.CodedInputStream   : loaded 2 times (x 71B)
Class dagger.internal.codegen.writing.DelegatingFrameworkInstanceCreationExpression$Factory: loaded 2 times (x 69B)
Class dagger.spi.internal.shaded.androidx.room.compiler.processing.javac.XTypeElementStore: loaded 2 times (x 71B)
Class com.google.common.cache.RemovalCause                                            : loaded 2 times (x 79B)
Class dagger.internal.codegen.binding.ComponentDependencyProductionBinding            : loaded 2 times (x 89B)
Class [Lkotlin.Pair;                                                                  : loaded 2 times (x 68B)
Class com.squareup.javapoet.ParameterSpec$Builder                                     : loaded 2 times (x 71B)
Class dagger.spi.internal.shaded.kotlin.metadata.internal.ReadersKt                   : loaded 2 times (x 70B)
Class dagger.internal.codegen.writing.ProviderInstanceSupplier_Factory                : loaded 2 times (x 71B)
Class dagger.internal.codegen.model.Key$MultibindingContributionIdentifier            : loaded 2 times (x 72B)
Class dagger.internal.codegen.base.Util                                               : loaded 2 times (x 70B)
Class dagger.spi.internal.shaded.kotlin.metadata.internal.metadata.jvm.JvmProtoBuf$JvmMethodSignature: loaded 2 times (x 107B)
Class com.google.common.graph.ImmutableGraph                                          : loaded 2 times (x 137B)
Class org.gradle.internal.classloader.InstrumentingClassLoader                        : loaded 2 times (x 69B)
Class dagger.internal.codegen.binding.ProvisionBinding$Builder                        : loaded 2 times (x 79B)
Class dagger.hilt.processor.internal.kotlin.KotlinMetadataUtils                       : loaded 2 times (x 70B)
Class dagger.internal.codegen.binding.LegacyBindingGraphConverter$Converter           : loaded 2 times (x 71B)
Class com.google.common.collect.MapMakerInternalMap$InternalEntry                     : loaded 2 times (x 69B)
Class dagger.internal.codegen.writing.MapRequestRepresentation                        : loaded 2 times (x 73B)
Class dagger.spi.internal.shaded.kotlin.metadata.internal.metadata.jvm.deserialization.JvmMemberSignature$Field: loaded 2 times (x 74B)
Class org.apache.commons.io.FileExistsException                                       : loaded 2 times (x 81B)
Class com.google.common.graph.AbstractDirectedNetworkConnections                      : loaded 2 times (x 97B)
Class dagger.internal.codegen.binding.$AutoValue_ComponentDescriptor                  : loaded 2 times (x 96B)
Class org.jetbrains.org.objectweb.asm.CurrentFrame                                    : loaded 2 times (x 72B)
Class kotlin.time.DurationUnit                                                        : loaded 2 times (x 78B)
Class dagger.internal.codegen.ComponentProcessor                                      : loaded 2 times (x 97B)
Class dagger.internal.codegen.writing.UnwrappedMapKeyGenerator                        : loaded 2 times (x 79B)
Class [Ldagger.internal.codegen.writing.FrameworkInstanceKind;                        : loaded 2 times (x 68B)
Class dagger.spi.internal.shaded.androidx.room.compiler.processing.XEnumTypeElement   : loaded 2 times (x 69B)
Class com.squareup.kotlinpoet.ParameterizedTypeName$Companion                         : loaded 2 times (x 70B)
Class com.google.common.collect.AbstractMultimap$EntrySet                             : loaded 2 times (x 137B)
Class dagger.spi.internal.shaded.androidx.room.compiler.processing.javac.JavacConstructorElement: loaded 2 times (x 253B)
Class dagger.hilt.processor.internal.AggregatedElements                               : loaded 2 times (x 70B)
Class org.apache.commons.io.output.QueueOutputStream                                  : loaded 2 times (x 86B)
Class dagger.spi.internal.shaded.androidx.room.compiler.processing.javac.JavacExecutableType: loaded 2 times (x 80B)
Class dagger.internal.codegen.bindinggraphvalidation.IncompatiblyScopedBindingsValidator: loaded 2 times (x 84B)
Class dagger.spi.internal.shaded.kotlin.metadata.internal.metadata.jvm.JvmProtoBuf    : loaded 2 times (x 70B)
Class com.google.common.graph.MapIteratorCache                                        : loaded 2 times (x 74B)
Class dagger.spi.internal.shaded.androidx.room.compiler.processing.javac.JavacType$rawType$2: loaded 2 times (x 78B)
Class dagger.internal.codegen.writing.DirectInstanceBindingRepresentation_Factory     : loaded 2 times (x 71B)
Class dagger.spi.internal.shaded.androidx.room.compiler.processing.javac.JavacArrayType$equalityItems$2: loaded 2 times (x 78B)
Class androidx.room.compiler.processing.XProcessingEnvConfig$Builder                  : loaded 2 times (x 71B)
Class dagger.internal.codegen.validation.BindingMethodValidatorsModule                : loaded 2 times (x 69B)
Class com.google.common.collect.Sets$FilteredSet                                      : loaded 2 times (x 136B)
Class dagger.internal.codegen.model.Scope                                             : loaded 2 times (x 71B)
Class dagger.internal.codegen.validation.BindsMethodValidator                         : loaded 2 times (x 77B)
Class com.google.common.collect.MapMakerInternalMap                                   : loaded 2 times (x 160B)
Class dagger.internal.codegen.binding.AutoValue_MethodSignature                       : loaded 2 times (x 74B)
Class [Ldagger.spi.internal.shaded.kotlin.metadata.KmVariance;                        : loaded 2 times (x 68B)
Class dagger.internal.codegen.kotlin.KotlinMetadata$MethodForAnnotations              : loaded 2 times (x 71B)
Class [Ldagger.internal.codegen.validation.BindingMethodValidator$ExceptionSuperclass;: loaded 2 times (x 68B)
Class com.google.common.collect.FilteredKeySetMultimap                                : loaded 2 times (x 201B)
Class org.apache.commons.io.output.StringBuilderWriter                                : loaded 2 times (x 99B)
Class dagger.internal.codegen.binding.FrameworkField                                  : loaded 2 times (x 71B)
Class dagger.internal.codegen.model.BindingGraph$MissingBinding                       : loaded 2 times (x 81B)
Class [Ldagger.spi.internal.shaded.kotlin.metadata.internal.metadata.jvm.JvmProtoBuf$StringTableTypes$Record$Operation;: loaded 2 times (x 68B)
Class dagger.internal.codegen.writing.UnscopedFrameworkInstanceCreationExpressionFactory$1: loaded 2 times (x 70B)
Class dagger.internal.codegen.DaggerDelegateComponentProcessor_Injector$CurrentImplementationSubcomponentBuilder: loaded 2 times (x 78B)
Class [Ldagger.spi.internal.shaded.kotlin.metadata.MemberKind;                        : loaded 2 times (x 68B)
Class kotlin.properties.Delegates                                                     : loaded 2 times (x 70B)
Class org.objectweb.asm.SymbolTable                                                   : loaded 2 times (x 71B)
Class dagger.internal.codegen.base.UniqueNameSet                                      : loaded 2 times (x 71B)
Class dagger.spi.internal.shaded.androidx.room.compiler.processing.javac.kotlin.JvmAbi: loaded 2 times (x 70B)
Class dagger.spi.internal.shaded.androidx.room.compiler.processing.javac.JavacMethodParameter$name$2: loaded 2 times (x 78B)
Class [Lorg.objectweb.asm.AnnotationVisitor;                                          : loaded 2 times (x 68B)
Class dagger.spi.internal.shaded.androidx.room.compiler.processing.javac.JavacMethodType$typeVariableNames$2: loaded 2 times (x 78B)
Class dagger.internal.codegen.kotlin.KotlinMetadataFactory                            : loaded 2 times (x 74B)
Class dagger.internal.codegen.validation.ComponentCreatorValidator                    : loaded 2 times (x 74B)
Class dagger.spi.internal.shaded.androidx.room.compiler.processing.javac.JavacConstructorElement$typeParameters$2: loaded 2 times (x 78B)
Class org.objectweb.asm.Attribute                                                     : loaded 2 times (x 76B)
Class dagger.internal.codegen.writing.ProvisionBindingRepresentation                  : loaded 2 times (x 74B)
Class dagger.spi.model.BindingGraphPlugin                                             : loaded 2 times (x 69B)
Class dagger.internal.codegen.componentgenerator.CurrentImplementationSubcomponent    : loaded 2 times (x 69B)
Class dagger.internal.codegen.validation.AutoValue_SpiModelBindingGraphConverter_BindingNodeImpl: loaded 2 times (x 104B)
Class dagger.internal.InstanceFactory                                                 : loaded 2 times (x 84B)
Class dagger.spi.internal.shaded.kotlin.metadata.internal.metadata.jvm.JvmProtoBuf$StringTableTypes$Record: loaded 2 times (x 118B)
Class dagger.spi.internal.shaded.androidx.room.compiler.processing.javac.JavacMethodType: loaded 2 times (x 90B)
Class dagger.internal.codegen.writing.DependencyMethodProducerCreationExpression_Factory: loaded 2 times (x 71B)
Class dagger.internal.codegen.model.AutoValue_DependencyRequest                       : loaded 2 times (x 75B)
Class dagger.spi.internal.shaded.kotlin.metadata.internal.metadata.jvm.JvmProtoBuf$JvmFieldSignatureOrBuilder: loaded 2 times (x 69B)
Class org.gradle.internal.classloader.VisitableURLClassLoader                         : loaded 2 times (x 116B)
Class dagger.internal.codegen.binding.ComponentDescriptor                             : loaded 2 times (x 94B)
Class dagger.internal.codegen.binding.InjectionSiteFactory                            : loaded 2 times (x 71B)
Class com.google.common.collect.AbstractMapBasedMultiset$1                            : loaded 2 times (x 81B)
Class com.squareup.javapoet.ParameterSpec                                             : loaded 2 times (x 71B)
Class kotlin.reflect.jvm.internal.KCallableImpl$_returnType$1                         : loaded 2 times (x 78B)
Class com.google.common.collect.HashBiMap$BiEntry                                     : loaded 2 times (x 82B)
Class dagger.internal.codegen.binding.InjectBindingRegistry                           : loaded 2 times (x 69B)
Class kotlin.reflect.jvm.internal.KPropertyImpl$_javaField$1                          : loaded 2 times (x 78B)
Class org.jetbrains.org.objectweb.asm.Symbol                                          : loaded 2 times (x 72B)
Class dagger.spi.internal.shaded.androidx.room.compiler.processing.javac.JavacMethodType$Companion: loaded 2 times (x 70B)
Class [Ldagger.internal.codegen.compileroption.ProcessingEnvironmentCompilerOptions$EnumOption;: loaded 2 times (x 68B)
Class dagger.hilt.processor.internal.definecomponent.AutoValue_DefineComponentMetadatas_DefineComponentMetadata: loaded 2 times (x 75B)
Class com.google.common.util.concurrent.AbstractFuture$AtomicHelper                   : loaded 2 times (x 77B)
Class org.gradle.internal.Cast                                                        : loaded 2 times (x 70B)
Class dagger.internal.codegen.binding.ContributionBinding                             : loaded 2 times (x 88B)
Class dagger.spi.internal.shaded.kotlin.metadata.jvm.JvmFieldSignature                : loaded 2 times (x 73B)
Class dagger.internal.codegen.DelegateComponentProcessor$SourceFileGeneratorsModule   : loaded 2 times (x 69B)
Class com.squareup.kotlinpoet.ClassName$Companion                                     : loaded 2 times (x 70B)
Class org.jetbrains.org.objectweb.asm.FieldWriter                                     : loaded 2 times (x 77B)
Class com.google.common.hash.PrimitiveSink                                            : loaded 2 times (x 69B)
Class dagger.internal.codegen.binding.MethodSignature                                 : loaded 2 times (x 73B)
Class dagger.internal.codegen.bindinggraphvalidation.DependencyCycleValidator_Factory : loaded 2 times (x 81B)
Class dagger.hilt.processor.internal.aggregateddeps.PkgPrivateMetadata                : loaded 2 times (x 74B)
Class dagger.spi.internal.shaded.androidx.room.compiler.processing.javac.JavacTypeElement$type$2: loaded 2 times (x 78B)
Class androidx.room.compiler.processing.javac.JavacBasicAnnotationProcessor$xEnv$2    : loaded 2 times (x 78B)
Class dagger.internal.codegen.validation.ExternalBindingGraphPlugins_Factory          : loaded 2 times (x 81B)
Class org.gradle.api.internal.ClassPathRegistry                                       : loaded 2 times (x 69B)
Class dagger.internal.codegen.validation.ComponentHierarchyValidator                  : loaded 2 times (x 71B)
Class dagger.internal.codegen.compileroption.ProcessingEnvironmentCompilerOptions$KeyOnlyOption: loaded 2 times (x 85B)
Class dagger.spi.internal.shaded.kotlin.metadata.internal.FlagDelegatesImplKt$valueParameterBooleanFlag$1: loaded 2 times (x 136B)
Class dagger.internal.codegen.javapoet.Expression                                     : loaded 2 times (x 71B)
Class [Landroidx.room.processor.Context$ProcessorOptions;                             : loaded 2 times (x 68B)
Class dagger.internal.codegen.validation.SpiModelBindingGraphConverter$DaggerAnnotationImpl: loaded 2 times (x 75B)
Class dagger.internal.codegen.DelegateComponentProcessor_SourceFileGeneratorsModule_ProducerFactoryGeneratorFactory: loaded 2 times (x 81B)
Class dagger.spi.internal.shaded.kotlin.metadata.internal.protobuf.GeneratedMessageLite$ExtensionDescriptor: loaded 2 times (x 83B)
Class org.gradle.internal.classloader.VisitableURLClassLoader$InstrumentingVisitableURLClassLoader: loaded 2 times (x 122B)
Class dagger.spi.internal.shaded.kotlin.metadata.KmClassifier                         : loaded 2 times (x 70B)
Class org.gradle.internal.classloader.ClassLoaderHierarchy                            : loaded 2 times (x 69B)
Class dagger.internal.codegen.bindinggraphvalidation.SetMultibindingValidator_Factory : loaded 2 times (x 80B)
Class dagger.internal.codegen.binding.FrameworkType$1                                 : loaded 2 times (x 83B)
Class dagger.internal.codegen.binding.FrameworkType$2                                 : loaded 2 times (x 83B)
Class dagger.internal.codegen.binding.ErrorMessages$FactoryMessages                   : loaded 2 times (x 80B)
Class com.google.common.collect.Maps$FilteredEntryMap$EntrySet                        : loaded 2 times (x 151B)
Class dagger.internal.codegen.model.AutoValue_Key                                     : loaded 2 times (x 79B)
Class dagger.internal.codegen.bindinggraphvalidation.CompositeBindingGraphPlugin_Factory_Impl: loaded 2 times (x 74B)
Class dagger.spi.internal.shaded.kotlin.metadata.internal.protobuf.FieldSet$1         : loaded 2 times (x 70B)
Class dagger.spi.internal.shaded.androidx.room.compiler.processing.compat.XConverters : loaded 2 times (x 70B)
Class dagger.internal.codegen.binding.FrameworkType$3                                 : loaded 2 times (x 70B)
Class dagger.internal.codegen.DelegateComponentProcessor_SourceFileGeneratorsModule_ModuleConstructorProxyGeneratorFactory: loaded 2 times (x 81B)
Class dagger.spi.internal.shaded.androidx.room.compiler.processing.javac.kotlin.KmData: loaded 2 times (x 69B)
Class org.apache.commons.io.file.DeleteOption                                         : loaded 2 times (x 69B)
Class com.google.common.graph.GraphBuilder                                            : loaded 2 times (x 71B)
Class dagger.internal.codegen.writing.AnonymousProviderCreationExpression_Factory_Impl: loaded 2 times (x 74B)
Class dagger.spi.internal.shaded.kotlin.metadata.internal.metadata.deserialization.TypeTable: loaded 2 times (x 71B)
Class dagger.internal.codegen.writing.MapRequestRepresentation_Factory_Impl           : loaded 2 times (x 74B)
Class dagger.spi.internal.shaded.kotlin.metadata.InconsistentKotlinMetadataException  : loaded 2 times (x 81B)
Class dagger.internal.codegen.validation.SpiModelBindingGraphConverter$DaggerElementImpl: loaded 2 times (x 74B)
Class com.google.common.graph.Traverser$InsertionOrder$1                              : loaded 2 times (x 79B)
Class com.google.common.graph.Traverser$InsertionOrder$2                              : loaded 2 times (x 79B)
Class dagger.spi.internal.shaded.kotlin.metadata.jvm.internal.JvmFunctionExtension    : loaded 2 times (x 76B)
Class dagger.spi.internal.shaded.androidx.room.compiler.processing.XType              : loaded 2 times (x 69B)
Class dagger.internal.codegen.binding.KeyVariableNamer                                : loaded 2 times (x 70B)
Class com.google.common.graph.AbstractBaseGraph$1                                     : loaded 2 times (x 136B)
Class dagger.internal.codegen.writing.FrameworkInstanceBindingRepresentation$Factory  : loaded 2 times (x 69B)
Class dagger.internal.codegen.writing.SetFactoryCreationExpression$Factory            : loaded 2 times (x 69B)
Class [Ldagger.internal.codegen.model.BindingKind;                                    : loaded 2 times (x 68B)
Class dagger.internal.codegen.writing.LazyMapKeyProxyGenerator_Factory                : loaded 2 times (x 81B)
Class [Landroidx.room.compiler.processing.XProcessingEnv$Platform;                    : loaded 2 times (x 68B)
Class dagger.spi.internal.shaded.kotlin.metadata.internal.protobuf.ByteString$ByteIterator: loaded 2 times (x 69B)
Class dagger.internal.codegen.kotlin.ClassMetadata                                    : loaded 2 times (x 71B)
Class dagger.internal.codegen.binding.BindingGraph$TopLevelBindingGraph               : loaded 2 times (x 98B)
Class dagger.internal.codegen.processingstep.InjectProcessingStep_Factory             : loaded 2 times (x 81B)
Class com.google.common.collect.Lists$ReverseList                                     : loaded 2 times (x 161B)
Class dagger.internal.codegen.writing.UnscopedFrameworkInstanceCreationExpressionFactory: loaded 2 times (x 71B)
Class dagger.internal.codegen.validation.AutoValue_SpiModelBindingGraphConverter_DaggerElementImpl: loaded 2 times (x 75B)
Class dagger.spi.internal.shaded.kotlin.metadata.internal.FlagDelegatesImplKt$constructorBooleanFlag$1: loaded 2 times (x 136B)
Class dagger.spi.internal.shaded.androidx.room.compiler.processing.javac.JavacTypeElement$superInterfaces$2: loaded 2 times (x 78B)
Class dagger.internal.codegen.ProcessingEnvironmentModule                             : loaded 2 times (x 69B)
Class jdk.internal.jimage.ImageReader                                                 : loaded 2 times (x 74B)
Class com.google.common.io.Closer$Suppressor                                          : loaded 2 times (x 69B)
Class dagger.internal.codegen.binding.KeyFactory_Factory                              : loaded 2 times (x 81B)
Class [Landroidx.room.processor.Context$BooleanProcessorOptions;                      : loaded 2 times (x 68B)
Class dagger.internal.codegen.javapoet.TypeSpecs                                      : loaded 2 times (x 70B)
Class dagger.spi.model.BindingGraph$DependencyEdge                                    : loaded 2 times (x 69B)
Class dagger.internal.codegen.base.DaggerSuperficialValidation$ValidationException$KnownErrorType: loaded 2 times (x 83B)
Class dagger.Lazy                                                                     : loaded 2 times (x 69B)
Class dagger.spi.internal.shaded.kotlin.metadata.internal.protobuf.LiteralByteString  : loaded 2 times (x 111B)
Class com.squareup.kotlinpoet.TagMap                                                  : loaded 2 times (x 78B)
Class dagger.internal.codegen.binding.Declaration                                     : loaded 2 times (x 73B)
Class dagger.hilt.android.processor.internal.androidentrypoint.ApplicationGenerator   : loaded 2 times (x 71B)
Class dagger.internal.codegen.validation.SpiModelBindingGraphConverter$SubcomponentCreatorBindingEdgeImpl: loaded 2 times (x 75B)
Class dagger.hilt.android.processor.internal.viewmodel.ViewModelValidationPluginKt    : loaded 2 times (x 70B)
Class dagger.spi.internal.shaded.kotlin.metadata.internal.metadata.ProtoBuf$Class$Kind$1: loaded 2 times (x 73B)
Class [Lorg.objectweb.asm.Type;                                                       : loaded 2 times (x 68B)
Class dagger.internal.codegen.writing.MembersInjectorGenerator_Factory                : loaded 2 times (x 81B)
Class dagger.spi.internal.shaded.kotlin.metadata.jvm.KotlinClassMetadata              : loaded 2 times (x 75B)
Class com.squareup.kotlinpoet.TypeName                                                : loaded 2 times (x 85B)
Class dagger.internal.codegen.writing.ProviderInstanceSupplier                        : loaded 2 times (x 74B)
Class dagger.internal.codegen.writing.SwitchingProviderInstanceSupplier$Factory       : loaded 2 times (x 69B)
Class dagger.internal.codegen.model.$AutoValue_ComponentPath                          : loaded 2 times (x 73B)
Class dagger.spi.internal.shaded.androidx.room.compiler.processing.javac.kotlin.JvmDescriptorTypeVisitor: loaded 2 times (x 98B)
Class dagger.spi.internal.shaded.androidx.room.compiler.processing.javac.JavacElement$equalityItems$2: loaded 2 times (x 78B)
Class com.google.common.collect.MapMakerInternalMap$WeakValueReference                : loaded 2 times (x 69B)
Class dagger.internal.codegen.bindinggraphvalidation.DependsOnProductionExecutorValidator_Factory: loaded 2 times (x 81B)
Class kotlin.io.FileWalkDirection                                                     : loaded 2 times (x 78B)
Class kotlin.sequences.TransformingSequence$iterator$1                                : loaded 2 times (x 78B)
Class com.google.common.base.AbstractIterator$State                                   : loaded 2 times (x 78B)
Class com.google.common.collect.Lists$ReverseList$1                                   : loaded 2 times (x 98B)
Class com.google.common.graph.StandardMutableNetwork                                  : loaded 2 times (x 173B)
Class dagger.internal.codegen.base.ClearableCache                                     : loaded 2 times (x 69B)
Class dagger.hilt.processor.internal.aliasof.AliasOfPropagatedDataMetadata            : loaded 2 times (x 73B)
Class dagger.internal.codegen.bindinggraphvalidation.AutoValue_DuplicateBindingsValidator_KeyWithTypeEquivalence: loaded 2 times (x 74B)
Class dagger.internal.codegen.base.RequestKinds$1                                     : loaded 2 times (x 70B)
Class dagger.internal.codegen.validation.ProvidesMethodValidator                      : loaded 2 times (x 77B)
Class dagger.hilt.processor.internal.aggregateddeps.ComponentDependencies$1           : loaded 2 times (x 70B)
Class dagger.spi.internal.shaded.auto.common.MoreTypes$TypeEquivalence                : loaded 2 times (x 81B)
Class dagger.spi.internal.shaded.androidx.room.compiler.processing.XParameterizable   : loaded 2 times (x 69B)
Class dagger.spi.model.BindingGraph$SubcomponentCreatorBindingEdge                    : loaded 2 times (x 69B)
Class dagger.spi.internal.shaded.androidx.room.compiler.processing.javac.kotlin.KmClassContainer$functionList$2: loaded 2 times (x 78B)
Class kotlin.jvm.internal.StringCompanionObject                                       : loaded 2 times (x 70B)
Class dagger.spi.internal.shaded.kotlin.metadata.internal.metadata.ProtoBuf$EnumEntry : loaded 2 times (x 117B)
Class com.google.common.collect.MapMakerInternalMap$StrongValueEntry                  : loaded 2 times (x 69B)
Class dagger.internal.codegen.base.ModuleKind                                         : loaded 2 times (x 78B)
Class dagger.spi.internal.shaded.auto.common.GeneratedAnnotations                     : loaded 2 times (x 70B)
Class dagger.spi.internal.shaded.kotlin.metadata.internal.protobuf.MessageLite        : loaded 2 times (x 69B)
Class dagger.spi.internal.shaded.androidx.room.compiler.processing.javac.JavacMethodElement$propertyName$2: loaded 2 times (x 78B)
Class kotlin.coroutines.jvm.internal.SuspendLambda                                    : loaded 2 times (x 90B)
Class dagger.spi.internal.shaded.androidx.room.compiler.processing.javac.JavacConstructorType: loaded 2 times (x 82B)
Class dagger.internal.codegen.base.DaggerSuperficialValidation$1                      : loaded 2 times (x 70B)
Class dagger.internal.codegen.model.BindingGraph                                      : loaded 2 times (x 92B)
Class dagger.internal.codegen.validation.AnyBindingMethodValidator_Factory            : loaded 2 times (x 81B)
Class org.apache.http.message.AbstractHttpMessage                                     : loaded 2 times (x 107B)
Class dagger.internal.codegen.bindinggraphvalidation.InvalidProductionBindingScopeValidator: loaded 2 times (x 84B)
Class dagger.spi.internal.shaded.kotlin.metadata.jvm.JvmMemberSignature               : loaded 2 times (x 72B)
Class org.gradle.internal.InternalTransformer                                         : loaded 2 times (x 69B)
Class dagger.spi.model.Scope                                                          : loaded 2 times (x 71B)
Class dagger.spi.internal.shaded.kotlin.metadata.internal.metadata.ProtoBuf$Annotation$1: loaded 2 times (x 143B)
Class dagger.spi.internal.shaded.androidx.room.compiler.processing.javac.JavacMethodElement$typeParameters$2: loaded 2 times (x 78B)
Class org.apache.commons.io.output.NullOutputStream                                   : loaded 2 times (x 84B)
Class dagger.internal.codegen.binding.BoundInstanceBinding$Builder                    : loaded 2 times (x 78B)
Class dagger.internal.codegen.componentgenerator.ComponentGeneratorModule_ComponentHjarGeneratorFactory: loaded 2 times (x 81B)
Class dagger.spi.internal.shaded.androidx.room.compiler.processing.javac.JavacElement$docComment$2: loaded 2 times (x 78B)
Class dagger.internal.codegen.binding.AutoValue_InjectionBinding                      : loaded 2 times (x 93B)
Class dagger.spi.internal.shaded.androidx.room.compiler.processing.javac.DefaultJavacType: loaded 2 times (x 184B)
Class com.google.common.graph.MapIteratorCache$1$1                                    : loaded 2 times (x 80B)
Class dagger.spi.internal.shaded.androidx.room.compiler.processing.javac.JavacRoundEnv: loaded 2 times (x 76B)
Class dagger.internal.codegen.validation.BindsInstanceMethodValidator_Factory         : loaded 2 times (x 81B)
Class org.jetbrains.org.objectweb.asm.ClassVisitor                                    : loaded 2 times (x 87B)
Class org.gradle.internal.service.ServiceLocator                                      : loaded 2 times (x 69B)
Class dagger.internal.codegen.writing.SetRequestRepresentation_Factory                : loaded 2 times (x 71B)
Class androidx.room.compiler.processing.javac.JavacBasicAnnotationProcessor           : loaded 2 times (x 97B)
Class [Ldagger.spi.internal.shaded.kotlin.metadata.internal.protobuf.WireFormat$FieldType;: loaded 2 times (x 68B)
Class Settings_gradle$1                                                               : loaded 2 times (x 73B)
Class dagger.internal.codegen.writing.DerivedFromFrameworkInstanceRequestRepresentation_Factory: loaded 2 times (x 71B)
Class dagger.spi.internal.shaded.kotlin.metadata.Attributes$kind$2                    : loaded 2 times (x 136B)
Class dagger.hilt.processor.internal.definecomponent.DefineComponents                 : loaded 2 times (x 71B)
Class dagger.internal.codegen.writing.RequestRepresentation                           : loaded 2 times (x 72B)
Class dagger.spi.internal.shaded.kotlin.metadata.jvm.internal.JvmTypeExtension$Companion: loaded 2 times (x 70B)
Class org.jetbrains.kotlin.com.intellij.openapi.diagnostic.Logger$DefaultFactory      : loaded 2 times (x 73B)
Class dagger.internal.codegen.binding.SubcomponentCreatorBindingEdgeImpl              : loaded 2 times (x 74B)
Class dagger.internal.codegen.writing.ProductionBindingRepresentation$Factory         : loaded 2 times (x 69B)
Class com.google.common.collect.ImmutableMap$MapViewOfValuesAsSingletonSets$1$1       : loaded 2 times (x 82B)
Class dagger.spi.internal.shaded.androidx.room.compiler.processing.XMemberContainer   : loaded 2 times (x 69B)
Class org.jetbrains.org.objectweb.asm.MethodVisitor                                   : loaded 2 times (x 104B)
Class com.google.common.collect.ImmutableRangeSet$1                                   : loaded 2 times (x 171B)
Class com.google.common.util.concurrent.SettableFuture                                : loaded 2 times (x 96B)
Class dagger.internal.codegen.binding.DelegateBinding$Builder                         : loaded 2 times (x 81B)
Class dagger.hilt.android.processor.internal.androidentrypoint.Generators             : loaded 2 times (x 70B)
Class dagger.spi.internal.shaded.kotlin.metadata.Attributes$kind$7                    : loaded 2 times (x 136B)
Class kotlin.reflect.jvm.internal.KClassImpl$Data$declaredStaticMembers$2             : loaded 2 times (x 78B)
Class dagger.internal.codegen.writing.DirectInstanceBindingRepresentation$1           : loaded 2 times (x 70B)
Class dagger.internal.codegen.validation.BindingElementValidator$AllowsMultibindings  : loaded 2 times (x 78B)
Class [Ldagger.spi.internal.shaded.kotlin.metadata.internal.metadata.ProtoBuf$TypeParameter$Variance;: loaded 2 times (x 68B)
Class dagger.spi.internal.shaded.androidx.room.compiler.processing.javac.TypeMirrorExtKt$extendsBound$1: loaded 2 times (x 100B)
Class androidx.room.compiler.processing.XFiler                                        : loaded 2 times (x 69B)
Class com.google.common.io.Files$2                                                    : loaded 2 times (x 75B)
Class dagger.spi.internal.shaded.kotlin.metadata.internal.extensions.KmTypeParameterExtension: loaded 2 times (x 69B)
Class dagger.hilt.processor.internal.root.Root                                        : loaded 2 times (x 76B)
Class [Ldagger.internal.codegen.writing.DelegateRequestRepresentation$ScopeKind;      : loaded 2 times (x 68B)
Class kotlin.sequences.SequencesKt___SequencesKt$flatMap$2                            : loaded 2 times (x 124B)
Class com.google.common.collect.Maps$EntryFunction                                    : loaded 2 times (x 90B)
Class dagger.internal.codegen.binding.OptionalBindingDeclaration$Factory              : loaded 2 times (x 72B)
Class [Ldagger.spi.internal.shaded.kotlin.metadata.ClassKind;                         : loaded 2 times (x 68B)
Class com.google.common.reflect.Types$ParameterizedTypeImpl                           : loaded 2 times (x 80B)
Class dagger.spi.internal.shaded.kotlin.metadata.internal.ReadersKt$WhenMappings      : loaded 2 times (x 70B)
Class dagger.internal.codegen.binding.$AutoValue_MembersInjectionBinding$Builder      : loaded 2 times (x 79B)
Class com.google.common.graph.DirectedGraphConnections$PredAndSucc                    : loaded 2 times (x 71B)
Class com.google.common.io.ByteStreams                                                : loaded 2 times (x 70B)
Class dagger.spi.internal.shaded.kotlin.metadata.internal.metadata.ProtoBuf$PackageOrBuilder: loaded 2 times (x 69B)
Class dagger.spi.internal.shaded.auto.common.MoreTypes$CastingTypeVisitor             : loaded 2 times (x 101B)
Class dagger.internal.codegen.binding.AutoValue_DelegateBinding                       : loaded 2 times (x 94B)
Class [Ldagger.internal.codegen.xprocessing.XTypeElements$Visibility;                 : loaded 2 times (x 68B)
Class dagger.internal.codegen.bindinggraphvalidation.BindingGraphValidationModule     : loaded 2 times (x 69B)
Class dagger.spi.internal.shaded.kotlin.metadata.jvm.internal.JvmClassExtension       : loaded 2 times (x 76B)
Class dagger.spi.internal.shaded.kotlin.metadata.internal.metadata.ProtoBuf$TypeParameter: loaded 2 times (x 129B)
Class dagger.internal.codegen.validation.AutoValue_SpiModelBindingGraphConverter_DaggerTypeImpl: loaded 2 times (x 75B)
Class dagger.spi.internal.shaded.kotlin.metadata.internal.metadata.ProtoBuf$VersionRequirementTable$1: loaded 2 times (x 143B)
Class dagger.internal.codegen.binding.AutoValue_AssistedInjectionAnnotations_AssistedFactoryMetadata: loaded 2 times (x 81B)
Class dagger.internal.codegen.binding.$AutoValue_InjectionBinding$Builder             : loaded 2 times (x 96B)
Class [Ldagger.spi.internal.shaded.androidx.room.compiler.processing.XAnnotated;      : loaded 2 times (x 68B)
Class dagger.spi.internal.shaded.androidx.room.compiler.processing.XAnnotated         : loaded 2 times (x 69B)
Class [Ldagger.internal.codegen.base.ModuleKind;                                      : loaded 2 times (x 68B)
Class dagger.internal.codegen.kotlin.KotlinMetadataUtil                               : loaded 2 times (x 71B)
Class dagger.spi.internal.shaded.androidx.room.compiler.processing.javac.JavacTypeElement$Companion$WhenMappings: loaded 2 times (x 70B)
Class com.google.common.collect.MapMaker                                              : loaded 2 times (x 71B)
Class com.google.common.base.Joiner$3                                                 : loaded 2 times (x 160B)
Class com.google.common.collect.HashBiMap                                             : loaded 2 times (x 142B)
Class org.apache.http.client.methods.HttpRequestBase                                  : loaded 2 times (x 144B)
Class dagger.internal.codegen.binding.BindingGraph                                    : loaded 2 times (x 81B)
Class [Ldagger.spi.internal.shaded.kotlin.metadata.internal.metadata.ProtoBuf$VersionRequirement$VersionKind;: loaded 2 times (x 68B)
Class org.jetbrains.org.objectweb.asm.ModuleVisitor                                   : loaded 2 times (x 80B)
Class dagger.spi.model.Key$Builder                                                    : loaded 2 times (x 75B)
Class dagger.internal.codegen.xprocessing.AutoValue_Nullability                       : loaded 2 times (x 75B)
Class dagger.internal.codegen.validation.DependencyRequestValidator                   : loaded 2 times (x 71B)
Class dagger.spi.model.AutoValue_Scope                                                : loaded 2 times (x 72B)
Class com.google.common.reflect.Types$JavaVersion$1                                   : loaded 2 times (x 82B)
Class dagger.spi.internal.shaded.kotlin.metadata.Attributes$isReified$2               : loaded 2 times (x 136B)
Class dagger.spi.internal.shaded.androidx.room.compiler.processing.javac.kotlin.KmClassContainer$Companion: loaded 2 times (x 70B)
Class dagger.hilt.android.processor.internal.bindvalue.BindValueProcessor             : loaded 2 times (x 99B)
Class com.google.common.reflect.Types$JavaVersion$2                                   : loaded 2 times (x 82B)
Class dagger.internal.codegen.processingstep.BindingMethodProcessingStep              : loaded 2 times (x 85B)
Class dagger.spi.internal.shaded.kotlin.metadata.ClassKind                            : loaded 2 times (x 78B)
Class [Lorg.objectweb.asm.Label;                                                      : loaded 2 times (x 68B)
Class com.google.common.reflect.Types$JavaVersion$3                                   : loaded 2 times (x 82B)
Class org.gradle.internal.classpath.DefaultClassPath$ImmutableUniqueList              : loaded 2 times (x 160B)
Class dagger.spi.internal.shaded.kotlin.metadata.internal.metadata.ProtoBuf$TypeParameter$1: loaded 2 times (x 143B)
Class com.google.common.reflect.Types$JavaVersion$4                                   : loaded 2 times (x 82B)
Class jdk.internal.jimage.ImageBufferCache                                            : loaded 2 times (x 70B)
Class com.google.common.reflect.Types$JavaVersion$5                                   : loaded 2 times (x 70B)
Class dagger.spi.internal.shaded.kotlin.metadata.KmVariance                           : loaded 2 times (x 78B)
Class [Ldagger.spi.internal.shaded.kotlin.metadata.internal.metadata.ProtoBuf$Type$Argument$Projection;: loaded 2 times (x 68B)
Class dagger.spi.internal.shaded.kotlin.metadata.internal.metadata.ProtoBuf$TypeTableOrBuilder: loaded 2 times (x 69B)
Class dagger.spi.internal.shaded.androidx.room.compiler.processing.XRoundEnv          : loaded 2 times (x 69B)
Class dagger.internal.codegen.writing.ImmediateFutureRequestRepresentation            : loaded 2 times (x 73B)
Class com.google.common.base.CharMatcher$JavaLetter                                   : loaded 2 times (x 110B)
Class dagger.internal.codegen.binding.BoundInstanceBinding                            : loaded 2 times (x 89B)
Class dagger.internal.SingleCheck                                                     : loaded 2 times (x 79B)
Class dagger.spi.internal.shaded.kotlin.metadata.Attributes$modality$10               : loaded 2 times (x 136B)
Class dagger.internal.codegen.kotlin.ConstructorMetadata                              : loaded 2 times (x 76B)
Class dagger.spi.internal.shaded.kotlin.metadata.jvm.internal.JvmFunctionExtension$Companion: loaded 2 times (x 70B)
Class dagger.internal.codegen.DelegateComponentProcessor_SourceFileGeneratorsModule_MembersInjectorGeneratorFactory: loaded 2 times (x 81B)
Class androidx.room.processor.Context$BooleanProcessorOptions                         : loaded 2 times (x 79B)
Class dagger.spi.internal.shaded.kotlin.metadata.internal.FlagDelegatesImplKt$classBooleanFlag$1: loaded 2 times (x 136B)
Class dagger.spi.internal.shaded.kotlin.metadata.internal.metadata.jvm.deserialization.JvmMemberSignature: loaded 2 times (x 73B)
Class com.google.devtools.ksp.processing.KSPConfig                                    : loaded 2 times (x 71B)
Class dagger.internal.codegen.binding.$AutoValue_AssistedInjectionBinding             : loaded 2 times (x 92B)
Class [Ldagger.internal.codegen.binding.ComponentRequirement$NullPolicy;              : loaded 2 times (x 68B)
Class dagger.hilt.processor.internal.root.ComponentTreeDepsMetadata                   : loaded 2 times (x 79B)
Class dagger.internal.codegen.writing.SubcomponentCreatorRequestRepresentation        : loaded 2 times (x 73B)
Class dagger.spi.internal.shaded.androidx.room.compiler.processing.KClassExtKt        : loaded 2 times (x 70B)
Class dagger.spi.internal.shaded.kotlin.metadata.Attributes$modality$14               : loaded 2 times (x 136B)
Class org.gradle.internal.classpath.TransformedClassPath                              : loaded 2 times (x 95B)
Class dagger.internal.codegen.javapoet.ExpressionType                                 : loaded 2 times (x 71B)
Class dagger.internal.codegen.writing.DelegateRequestRepresentation_Factory           : loaded 2 times (x 71B)
Class dagger.internal.codegen.bindinggraphvalidation.SetMultibindingValidator         : loaded 2 times (x 84B)
Class dagger.internal.codegen.xprocessing.MethodSpecs                                 : loaded 2 times (x 70B)
Class dagger.internal.codegen.binding.LegacyBindingGraphFactory$LegacyResolvedBindings: loaded 2 times (x 73B)
Class androidx.room.util.SimpleJavaVersion$compareTo$$inlined$thenBy$1                : loaded 2 times (x 89B)
Class dagger.spi.internal.shaded.kotlin.metadata.internal.metadata.deserialization.Flags: loaded 2 times (x 70B)
Class dagger.internal.codegen.xprocessing.XTypes                                      : loaded 2 times (x 70B)
Class com.google.common.io.ByteSource$EmptyByteSource                                 : loaded 2 times (x 84B)
Class com.google.common.reflect.TypeToken$SimpleTypeToken                             : loaded 2 times (x 72B)
Class dagger.internal.codegen.writing.OptionalRequestRepresentation_Factory           : loaded 2 times (x 71B)
Class dagger.internal.codegen.compileroption.CompilerOptions                          : loaded 2 times (x 93B)
Class androidx.room.util.SimpleJavaVersion$compareTo$$inlined$thenBy$2                : loaded 2 times (x 89B)
Class dagger.spi.internal.shaded.kotlin.metadata.internal.FlagDelegatesImplKt$functionBooleanFlag$1: loaded 2 times (x 136B)
Class dagger.spi.internal.shaded.androidx.room.compiler.codegen.XTypeName             : loaded 2 times (x 74B)
Class kotlin.time.DurationUnitKt__DurationUnitJvmKt                                   : loaded 2 times (x 70B)
Class com.squareup.javapoet.CodeBlock$CodeBlockJoiner                                 : loaded 2 times (x 71B)
Class com.google.common.util.concurrent.AbstractFuture$Trusted                        : loaded 2 times (x 69B)
Class dagger.internal.codegen.writing.ComponentInstanceRequestRepresentation_Factory  : loaded 2 times (x 71B)
Class dagger.internal.codegen.binding.DelegateBinding                                 : loaded 2 times (x 90B)
Class dagger.spi.internal.shaded.androidx.room.compiler.processing.javac.kotlin.KmClassContainer$propertyList$2: loaded 2 times (x 78B)
Class dagger.internal.codegen.writing.ProducerCreationExpression_Factory_Impl         : loaded 2 times (x 74B)
Class com.google.common.collect.Maps$AsMapView                                        : loaded 2 times (x 126B)
Class dagger.internal.codegen.validation.ProducesMethodValidator                      : loaded 2 times (x 77B)
Class kotlin.reflect.jvm.internal.KClassImpl$Data$allStaticMembers$2                  : loaded 2 times (x 78B)
Class org.jetbrains.kotlin.build.report.metrics.BuildTime                             : loaded 2 times (x 69B)
Class kotlin.text.MatcherMatchResult$groups$1                                         : loaded 2 times (x 150B)
Class dagger.internal.codegen.writing.ProviderInstanceSupplier$Factory                : loaded 2 times (x 69B)
Class dagger.internal.codegen.validation.MultibindsMethodValidator_Factory            : loaded 2 times (x 81B)
Class dagger.spi.internal.shaded.auto.common.Overrides$NativeOverrides                : loaded 2 times (x 73B)
Class kotlin.jvm.internal.markers.KMutableMap$Entry                                   : loaded 2 times (x 69B)
Class com.google.common.reflect.Types$NativeTypeVariableEquals                        : loaded 2 times (x 70B)
Class Settings_gradle                                                                 : loaded 2 times (x 127B)
Class dagger.internal.codegen.processingstep.MapKeyProcessingStep_Factory             : loaded 2 times (x 81B)
Class com.google.common.collect.Lists$OnePlusArrayList                                : loaded 2 times (x 160B)
Class dagger.internal.codegen.validation.BindsInstanceParameterValidator$Validator    : loaded 2 times (x 76B)
Class kotlin.collections.ArraysKt___ArraysKt$asSequence$$inlined$Sequence$1           : loaded 2 times (x 74B)
Class dagger.hilt.processor.internal.root.ComponentTreeDepsProcessingStep             : loaded 2 times (x 86B)
Class org.apache.http.client.HttpClient                                               : loaded 2 times (x 69B)
Class dagger.internal.codegen.binding.$AutoValue_MembersInjectionBinding              : loaded 2 times (x 83B)
Class dagger.spi.internal.shaded.kotlin.metadata.internal.metadata.ProtoBuf$Type      : loaded 2 times (x 144B)
Class com.squareup.javapoet.TypeName$1                                                : loaded 2 times (x 108B)
Class com.squareup.javapoet.TypeName$2                                                : loaded 2 times (x 70B)
Class com.google.common.graph.NetworkBuilder                                          : loaded 2 times (x 71B)
Class dagger.spi.internal.shaded.kotlin.metadata.internal.protobuf.CodedOutputStream  : loaded 2 times (x 71B)
Class com.google.common.io.ByteSink                                                   : loaded 2 times (x 75B)
Class dagger.hilt.android.processor.internal.viewmodel.ViewModelValidationPluginKt$WhenMappings: loaded 2 times (x 70B)
Class dagger.internal.codegen.writing.SimpleMethodRequestRepresentation_Factory       : loaded 2 times (x 71B)
Class dagger.internal.codegen.binding.LegacyBindingGraphFactory$Resolver$RequiresResolutionChecker: loaded 2 times (x 71B)
Class dagger.internal.codegen.processingstep.AssistedFactoryProcessingStep            : loaded 2 times (x 85B)
Class org.objectweb.asm.MethodWriter                                                  : loaded 2 times (x 105B)
Class dagger.internal.codegen.base.DaggerSuperficialValidation$ValidationException    : loaded 2 times (x 83B)
Class com.google.common.graph.StandardMutableValueGraph                               : loaded 2 times (x 173B)
Class dagger.spi.internal.shaded.auto.common.MoreTypes$ArrayTypeVisitor               : loaded 2 times (x 101B)
Class dagger.internal.codegen.processingstep.ProcessingStepsModule_ProcessingStepsFactory: loaded 2 times (x 81B)
Class dagger.internal.codegen.binding.KeyFactory                                      : loaded 2 times (x 71B)
Class dagger.spi.internal.shaded.kotlin.metadata.internal.extensions.KmConstructorExtension: loaded 2 times (x 69B)
Class dagger.internal.codegen.validation.InjectValidator_Factory                      : loaded 2 times (x 81B)
Class dagger.internal.codegen.writing.DirectInstanceBindingRepresentation$Factory     : loaded 2 times (x 69B)
Class dagger.internal.codegen.processingstep.ComponentProcessingStep_Factory          : loaded 2 times (x 81B)
Class dagger.internal.codegen.writing.MembersInjectorGenerator                        : loaded 2 times (x 76B)
Class dagger.internal.codegen.processingstep.LazyClassKeyProcessingStep               : loaded 2 times (x 85B)
Class com.squareup.javapoet.MethodSpec                                                : loaded 2 times (x 71B)
Class kotlin.jdk7.AutoCloseableKt                                                     : loaded 2 times (x 70B)
Class dagger.spi.internal.shaded.kotlin.metadata.internal.metadata.ProtoBuf$FunctionOrBuilder: loaded 2 times (x 69B)
Class dagger.internal.codegen.bindinggraphvalidation.DependsOnProductionExecutorValidator: loaded 2 times (x 84B)
Class dagger.spi.internal.shaded.androidx.room.compiler.processing.javac.JavacPackageElement$qualifiedName$2: loaded 2 times (x 78B)
Class dagger.internal.codegen.xprocessing.JavaPoetExt                                 : loaded 2 times (x 70B)
Class dagger.internal.codegen.writing.DependencyMethodProviderCreationExpression_Factory_Impl: loaded 2 times (x 74B)
Class dagger.internal.codegen.writing.ModuleProxies                                   : loaded 2 times (x 70B)
Class kotlin.collections.AbstractIterator                                             : loaded 2 times (x 82B)
Class com.google.common.io.ByteSink$AsCharSink                                        : loaded 2 times (x 79B)
Class dagger.spi.internal.shaded.kotlin.metadata.internal.metadata.ProtoBuf$ContractOrBuilder: loaded 2 times (x 69B)
Class kotlin.ranges.IntRange                                                          : loaded 2 times (x 92B)
Class kotlin.jvm.internal.markers.KMutableSet                                         : loaded 2 times (x 69B)
Class [Ldagger.internal.codegen.writing.ComponentCreatorImplementationFactory$RequirementStatus;: loaded 2 times (x 68B)
Class dagger.spi.internal.shaded.kotlin.metadata.internal.extensions.KmTypeExtension  : loaded 2 times (x 69B)
Class dagger.spi.internal.shaded.androidx.room.compiler.processing.javac.JavacMethodElement$kotlinDefaultImplClass$2: loaded 2 times (x 78B)
Class org.apache.http.client.methods.HttpExecutionAware                               : loaded 2 times (x 69B)
Class dagger.internal.codegen.bindinggraphvalidation.IncompatiblyScopedBindingsValidator_Factory: loaded 2 times (x 81B)
Class jdk.internal.jimage.ImageReader$Directory                                       : loaded 2 times (x 83B)
Class com.google.common.io.CharSource                                                 : loaded 2 times (x 84B)
Class dagger.internal.codegen.bindinggraphvalidation.MissingBindingValidator          : loaded 2 times (x 84B)
Class com.google.common.collect.ImmutableRangeSet$Builder                             : loaded 2 times (x 76B)
Class dagger.spi.model.$AutoValue_Key$Builder                                         : loaded 2 times (x 77B)
Class dagger.spi.internal.shaded.kotlin.metadata.internal.metadata.ProtoBuf$VersionRequirement$VersionKind: loaded 2 times (x 81B)
Class dagger.internal.codegen.model.BindingGraph$ComponentNode                        : loaded 2 times (x 69B)
Class dagger.internal.codegen.compileroption.ProcessingEnvironmentCompilerOptions     : loaded 2 times (x 94B)
Class dagger.spi.internal.shaded.androidx.room.compiler.processing.javac.JavacTypeElement$className$2: loaded 2 times (x 78B)
Class kotlin.ranges.IntRange$Companion                                                : loaded 2 times (x 70B)
Class dagger.internal.codegen.writing.ImmediateFutureRequestRepresentation_Factory_Impl: loaded 2 times (x 74B)
Class dagger.spi.internal.shaded.kotlin.metadata.internal.metadata.ProtoBuf$Property  : loaded 2 times (x 147B)
Class dagger.internal.codegen.writing.SetRequestRepresentation                        : loaded 2 times (x 73B)
Class dagger.internal.codegen.base.DaggerSuperficialValidation_Factory                : loaded 2 times (x 81B)
Class [Ldagger.spi.internal.shaded.kotlin.metadata.internal.protobuf.Internal$EnumLite;: loaded 2 times (x 68B)
Class dagger.internal.codegen.writing.DependencyMethodProducerCreationExpression$Factory: loaded 2 times (x 69B)
Class dagger.internal.codegen.bindinggraphvalidation.AutoValue_DuplicateBindingsValidator_BindingWithoutComponent: loaded 2 times (x 75B)
Class dagger.spi.internal.shaded.kotlin.metadata.internal.protobuf.CodedOutputStream$ByteBufferOutputStream: loaded 2 times (x 85B)
Class dagger.spi.internal.shaded.androidx.room.compiler.processing.javac.JavacArrayType: loaded 2 times (x 208B)
Class com.google.common.util.concurrent.AbstractFuture$UnsafeAtomicHelper$1           : loaded 2 times (x 75B)
Class dagger.spi.internal.shaded.kotlin.metadata.internal.protobuf.BoundedByteString  : loaded 2 times (x 111B)
Class dagger.hilt.processor.internal.aggregateddeps.AutoValue_AggregatedDepsMetadata  : loaded 2 times (x 78B)
Class kotlin.jvm.internal.FloatCompanionObject                                        : loaded 2 times (x 70B)
Class [Lorg.apache.commons.io.file.DeleteOption;                                      : loaded 2 times (x 68B)
Class org.apache.commons.io.file.PathUtils                                            : loaded 2 times (x 70B)
Class dagger.internal.codegen.validation.AutoValue_SpiModelBindingGraphConverter_DependencyEdgeImpl: loaded 2 times (x 78B)
Class dagger.internal.codegen.binding.$AutoValue_ProvisionBinding$Builder             : loaded 2 times (x 96B)
Class dagger.internal.codegen.binding.ComponentRequirement                            : loaded 2 times (x 83B)
Class dagger.spi.internal.shaded.kotlin.metadata.Attributes$hasAnnotations$2          : loaded 2 times (x 136B)
Class [Lkotlin.Function;                                                              : loaded 2 times (x 68B)
Class dagger.internal.codegen.binding.$AutoValue_ComponentBinding                     : loaded 2 times (x 90B)
Class dagger.internal.codegen.xprocessing.XTypeElements$Visibility                    : loaded 2 times (x 78B)
Class androidx.room.compiler.processing.javac.JavacProcessingEnv$Companion            : loaded 2 times (x 70B)
Class dagger.spi.internal.shaded.kotlin.metadata.internal.protobuf.SmallSortedMap     : loaded 2 times (x 129B)
Class dagger.internal.codegen.processingstep.ProcessingStepsModule                    : loaded 2 times (x 69B)
Class dagger.internal.codegen.writing.MembersInjectionBindingRepresentation           : loaded 2 times (x 74B)
Class com.squareup.kotlinpoet.TypeName$cachedString$2                                 : loaded 2 times (x 78B)
Class dagger.spi.internal.shaded.kotlin.metadata.Attributes$hasAnnotations$6          : loaded 2 times (x 136B)
Class dagger.spi.internal.shaded.kotlin.metadata.internal.metadata.ProtoBuf$ConstructorOrBuilder: loaded 2 times (x 69B)
Class dagger.internal.codegen.writing.SimpleMethodRequestRepresentation$1             : loaded 2 times (x 70B)
Class dagger.spi.internal.shaded.kotlin.metadata.internal.metadata.ProtoBuf$Contract$1: loaded 2 times (x 143B)
Class dagger.spi.internal.shaded.kotlin.metadata.internal.metadata.ProtoBuf$Property$1: loaded 2 times (x 143B)
Class dagger.spi.internal.shaded.kotlin.metadata.internal.protobuf.Parser             : loaded 2 times (x 69B)
Class dagger.spi.internal.shaded.androidx.room.compiler.processing.javac.kotlin.KmPropertyContainer: loaded 2 times (x 78B)
Class com.google.common.collect.AbstractMultimap$Entries                              : loaded 2 times (x 119B)
Class kotlin.reflect.jvm.internal.CachesKt$K_CLASS_CACHE$1                            : loaded 2 times (x 77B)
Class dagger.spi.internal.shaded.androidx.room.compiler.processing.util.MemoizedSequence: loaded 2 times (x 74B)
Class dagger.internal.codegen.writing.ProvisionBindingRepresentation_Factory          : loaded 2 times (x 71B)
Class dagger.internal.codegen.binding.$AutoValue_BoundInstanceBinding                 : loaded 2 times (x 90B)
Class dagger.hilt.processor.internal.kotlin.KotlinMetadataUtils$MetadataComponent     : loaded 2 times (x 69B)
Class dagger.spi.internal.shaded.androidx.room.compiler.processing.javac.JavacDeclaredType$equalityItems$2: loaded 2 times (x 78B)
Class dagger.spi.internal.shaded.kotlin.metadata.jvm.internal.JvmTypeParameterExtension$Companion: loaded 2 times (x 70B)
Class dagger.hilt.processor.internal.definecomponent.DefineComponentClassesMetadata   : loaded 2 times (x 74B)
Class com.google.common.graph.EndpointPairIterator$Directed                           : loaded 2 times (x 81B)
Class dagger.spi.internal.shaded.androidx.room.compiler.processing.javac.JavacTypeElement$enclosingTypeElement$2: loaded 2 times (x 78B)
Class dagger.internal.codegen.kotlin.KotlinMetadataFactory_Factory$InstanceHolder     : loaded 2 times (x 70B)
Class dagger.internal.codegen.writing.MembersInjectorProviderCreationExpression_Factory: loaded 2 times (x 71B)
Class dagger.hilt.processor.internal.BadInputException                                : loaded 2 times (x 81B)
Class com.google.common.reflect.Invokable$ConstructorInvokable                        : loaded 2 times (x 104B)
Class dagger.internal.codegen.writing.GeneratedImplementation                         : loaded 2 times (x 69B)
Class dagger.spi.internal.shaded.androidx.room.compiler.processing.javac.JavacProcessingEnvMessager: loaded 2 times (x 72B)
Class org.apache.http.HttpRequest                                                     : loaded 2 times (x 69B)
Class org.objectweb.asm.MethodVisitor                                                 : loaded 2 times (x 104B)
Class kotlin.reflect.jvm.internal.CachesKt$CACHE_FOR_NULLABLE_BASE_CLASSIFIERS$1      : loaded 2 times (x 77B)
Class dagger.hilt.processor.internal.originatingelement.OriginatingElementProcessingStep: loaded 2 times (x 86B)
Class kotlin.io.ByteStreamsKt                                                         : loaded 2 times (x 70B)
Class dagger.internal.codegen.writing.ComponentProvisionRequestRepresentation_Factory_Impl: loaded 2 times (x 74B)
Class dagger.internal.codegen.bindinggraphvalidation.CompositeBindingGraphPlugin_Factory: loaded 2 times (x 71B)
Class [Ldagger.internal.codegen.writing.ComponentImplementation$MethodSpecKind;       : loaded 2 times (x 68B)
Class dagger.internal.codegen.binding.DeclarationFormatter_Factory                    : loaded 2 times (x 81B)
Class androidx.room.compiler.processing.XProcessingEnv                                : loaded 2 times (x 69B)
Class kotlin.text.RegexKt                                                             : loaded 2 times (x 70B)
Class dagger.internal.codegen.writing.SubcomponentCreatorRequestRepresentation_Factory_Impl: loaded 2 times (x 74B)
Class com.google.common.collect.Maps$AsMapView$1EntrySetImpl                          : loaded 2 times (x 137B)
Class dagger.internal.codegen.processingstep.AssistedProcessingStep                   : loaded 2 times (x 85B)
Class org.jetbrains.kotlin.com.intellij.openapi.diagnostic.DefaultLogger              : loaded 2 times (x 99B)
Class com.google.common.reflect.TypeCapture                                           : loaded 2 times (x 70B)
Class org.gradle.internal.installation.GradleInstallation                             : loaded 2 times (x 74B)
Class dagger.internal.codegen.model.Key                                               : loaded 2 times (x 77B)
Class dagger.internal.codegen.binding.Binding                                         : loaded 2 times (x 80B)
Class dagger.spi.internal.shaded.androidx.room.compiler.processing.javac.JavacExecutableElement: loaded 2 times (x 220B)
Class dagger.spi.internal.shaded.androidx.room.compiler.processing.javac.JavacTypeElement$qualifiedName$2: loaded 2 times (x 78B)
Class [Lcom.google.common.collect.MapMakerInternalMap$Segment;                        : loaded 2 times (x 68B)
Class dagger.internal.codegen.binding.MultiboundMapBinding$Builder                    : loaded 2 times (x 79B)
Class dagger.hilt.android.processor.internal.androidentrypoint.AndroidEntryPointMetadata: loaded 2 times (x 90B)
Class dagger.spi.internal.shaded.androidx.room.compiler.processing.javac.JavacAnnotationValueKt$UNWRAP_VISITOR$1$visitArray$1$1: loaded 2 times (x 78B)
Class kotlin.sequences.SequencesKt___SequencesKt$sortedWith$1                         : loaded 2 times (x 74B)
Class dagger.internal.codegen.binding.DependencyRequestFactory                        : loaded 2 times (x 71B)
Class dagger.internal.codegen.binding.AnnotationExpression                            : loaded 2 times (x 71B)
Class dagger.internal.codegen.validation.AutoValue_SpiModelBindingGraphConverter_DaggerExecutableElementImpl: loaded 2 times (x 75B)
Class androidx.room.Database                                                          : loaded 2 times (x 69B)
Class dagger.internal.codegen.validation.ValidationReport                             : loaded 2 times (x 71B)
Class dagger.internal.codegen.processingstep.MonitoringModuleProcessingStep           : loaded 2 times (x 85B)
Class dagger.internal.codegen.binding.ComponentDeclarations$TypeNameKey               : loaded 2 times (x 73B)
Class dagger.hilt.processor.internal.root.AutoValue_AggregatedRootMetadata            : loaded 2 times (x 81B)
Class org.objectweb.asm.ModuleVisitor                                                 : loaded 2 times (x 80B)
Class kotlin.ReplaceWith                                                              : loaded 2 times (x 69B)
Class [Ldagger.internal.codegen.compileroption.ProcessingEnvironmentCompilerOptions$Validation;: loaded 2 times (x 68B)
Class dagger.spi.internal.shaded.androidx.room.compiler.processing.javac.kotlin.KotlinClassMetadataUtilsKt: loaded 2 times (x 70B)
Class dagger.spi.internal.shaded.androidx.room.compiler.processing.javac.JavacTypeElement$enclosingElement$2: loaded 2 times (x 78B)
Class dagger.internal.codegen.writing.BindingRepresentations_Factory$InstanceHolder   : loaded 2 times (x 70B)
Class dagger.spi.internal.shaded.androidx.room.compiler.processing.javac.JavacTypeElement$JavacEnumTypeElement: loaded 2 times (x 349B)
Class dagger.spi.internal.shaded.androidx.room.compiler.processing.XAnnotationValue   : loaded 2 times (x 69B)
Class [Lorg.jetbrains.org.objectweb.asm.AnnotationWriter;                             : loaded 2 times (x 68B)
Class [Lorg.jetbrains.org.objectweb.asm.Label;                                        : loaded 2 times (x 68B)
Class com.google.common.io.ByteSource                                                 : loaded 2 times (x 83B)
Class dagger.internal.codegen.base.DaggerSuperficialValidation$ValidationException$UnknownErrorType: loaded 2 times (x 83B)
Class dagger.spi.internal.shaded.kotlin.metadata.internal.protobuf.CodedOutputStream$OutOfSpaceException: loaded 2 times (x 81B)
Class dagger.spi.internal.shaded.androidx.room.compiler.processing.javac.JavacMethodType$returnType$2: loaded 2 times (x 78B)
Class [Ldagger.internal.codegen.validation.BindingElementValidator$AllowsMultibindings;: loaded 2 times (x 68B)
Class dagger.internal.codegen.processingstep.MonitoringModuleGenerator_Factory        : loaded 2 times (x 81B)
Class dagger.internal.codegen.writing.ComponentInstanceRequestRepresentation          : loaded 2 times (x 73B)
Class dagger.spi.internal.shaded.androidx.room.compiler.processing.javac.JavacType$typeElement$2: loaded 2 times (x 78B)
Class com.google.common.io.AppendableWriter                                           : loaded 2 times (x 99B)
Class com.google.common.collect.ImmutableRangeSet$AsSet                               : loaded 2 times (x 235B)
Class [Ldagger.internal.codegen.binding.FrameworkType;                                : loaded 2 times (x 68B)
Class kotlin.coroutines.jvm.internal.Boxing                                           : loaded 2 times (x 70B)
Class dagger.spi.internal.shaded.kotlin.metadata.internal.protobuf.LazyField          : loaded 2 times (x 82B)
Class dagger.spi.internal.shaded.kotlin.metadata.internal.protobuf.GeneratedMessageLite: loaded 2 times (x 100B)
Class dagger.hilt.android.processor.internal.androidentrypoint.AndroidEntryPointProcessingStep: loaded 2 times (x 86B)
Class com.squareup.kotlinpoet.TypeVariableName                                        : loaded 2 times (x 85B)
Class dagger.internal.codegen.binding.AutoValue_DelegateDeclaration                   : loaded 2 times (x 82B)
Class kotlin.reflect.jvm.internal.impl.builtins.PrimitiveType$typeFqName$2            : loaded 2 times (x 78B)
Class dagger.internal.codegen.writing.InaccessibleMapKeyProxyGenerator_Factory        : loaded 2 times (x 81B)
Class com.google.common.graph.DirectedGraphConnections$2                              : loaded 2 times (x 136B)
Class org.apache.http.client.methods.AbstractExecutionAwareRequest                    : loaded 2 times (x 127B)
Class org.gradle.internal.classpath.ClassPath                                         : loaded 2 times (x 69B)
Class com.google.common.graph.DirectedGraphConnections$3                              : loaded 2 times (x 136B)
Class com.google.common.io.FileWriteMode                                              : loaded 2 times (x 78B)
Class org.gradle.api.internal.classpath.DefaultModuleRegistry                         : loaded 2 times (x 85B)
Class dagger.spi.model.AutoValue_ComponentPath                                        : loaded 2 times (x 74B)
Class dagger.spi.internal.shaded.kotlin.metadata.internal.metadata.ProtoBuf$Constructor$1: loaded 2 times (x 143B)
Class com.google.common.graph.DirectedGraphConnections$4                              : loaded 2 times (x 82B)
Class dagger.spi.internal.shaded.androidx.room.compiler.processing.javac.JavacVariableElement$type$2: loaded 2 times (x 78B)
Class dagger.spi.internal.shaded.kotlin.metadata.internal.metadata.ProtoBuf$Expression$ConstantValue$1: loaded 2 times (x 73B)
Class [Ldagger.internal.codegen.binding.ComponentRequirement$Kind;                    : loaded 2 times (x 68B)
Class dagger.internal.codegen.DaggerDelegateComponentProcessor_Injector$TopLevelImplementationComponentFactory: loaded 2 times (x 74B)
Class dagger.internal.codegen.binding.$AutoValue_ModuleDescriptor                     : loaded 2 times (x 85B)
Class dagger.spi.internal.shaded.kotlin.metadata.internal.metadata.ProtoBuf$MemberKind: loaded 2 times (x 81B)
Class com.google.common.graph.DirectedGraphConnections$5                              : loaded 2 times (x 70B)
Class dagger.spi.internal.shaded.androidx.room.compiler.processing.javac.JavacMethodType$NormalMethodType: loaded 2 times (x 90B)
Class Settings_gradle$1$1                                                             : loaded 2 times (x 73B)
Class dagger.internal.codegen.writing.UnscopedFrameworkInstanceCreationExpressionFactory_Factory: loaded 2 times (x 81B)
Class dagger.spi.internal.shaded.kotlin.metadata.Attributes$modality$2                : loaded 2 times (x 136B)
Class dagger.spi.internal.shaded.kotlin.metadata.Modality                             : loaded 2 times (x 78B)
Class [Lcom.google.common.collect.MapMaker$Dummy;                                     : loaded 2 times (x 68B)
Class dagger.internal.codegen.binding.$AutoValue_DelegateBinding                      : loaded 2 times (x 93B)
Class dagger.internal.codegen.model.AutoValue_DependencyRequest$Builder               : loaded 2 times (x 76B)
Class dagger.internal.codegen.validation.BindsOptionalOfMethodValidator               : loaded 2 times (x 77B)
Class dagger.spi.internal.shaded.kotlin.metadata.internal.extensions.KmPropertyExtension: loaded 2 times (x 69B)
Class dagger.spi.internal.shaded.kotlin.metadata.Attributes$modality$6                : loaded 2 times (x 136B)
Class dagger.hilt.processor.internal.definecomponent.DefineComponentMetadatas         : loaded 2 times (x 71B)
Class kotlin.io.FileTreeWalk$WalkState                                                : loaded 2 times (x 72B)
Class dagger.spi.internal.shaded.androidx.room.compiler.processing.javac.JavacRawType$typeName$2: loaded 2 times (x 78B)
Class kotlin.text.DelimitedRangesSequence$iterator$1                                  : loaded 2 times (x 78B)
Class dagger.internal.codegen.validation.InjectValidator                              : loaded 2 times (x 74B)
Class kotlin.reflect.jvm.internal.KClassImpl$Data$declaredMembers$2                   : loaded 2 times (x 78B)
Class dagger.internal.codegen.binding.BindingNode                                     : loaded 2 times (x 108B)
Class androidx.room.compiler.processing.XProcessingEnvConfig$Companion                : loaded 2 times (x 70B)
Class jdk.internal.jimage.BasicImageReader$1                                          : loaded 2 times (x 76B)
Class com.google.common.io.ByteSource$ConcatenatedByteSource                          : loaded 2 times (x 84B)
Class dagger.spi.internal.shaded.androidx.room.compiler.processing.javac.kotlin.KmClassContainer$type$2: loaded 2 times (x 78B)
Class dagger.internal.codegen.xprocessing.XAnnotations                                : loaded 2 times (x 70B)
Class kotlin.UnsafeLazyImpl                                                           : loaded 2 times (x 75B)
Class org.gradle.api.Action                                                           : loaded 2 times (x 69B)
Class dagger.internal.codegen.binding.AutoValue_MembersInjectionBinding_InjectionSite : loaded 2 times (x 76B)
Class dagger.internal.codegen.writing.FrameworkInstanceBindingRepresentation          : loaded 2 times (x 71B)
Class dagger.internal.codegen.binding.ComponentBinding                                : loaded 2 times (x 89B)
Class androidx.room.RoomProcessor                                                     : loaded 2 times (x 97B)
Class com.google.common.io.ByteSource$SlicedByteSource                                : loaded 2 times (x 84B)
Class dagger.internal.codegen.writing.SetRequestRepresentation$Factory                : loaded 2 times (x 69B)
Class dagger.internal.codegen.model.BindingGraph$ChildFactoryMethodEdge               : loaded 2 times (x 69B)
Class dagger.internal.codegen.bindinggraphvalidation.ProvisionDependencyOnProducerBindingValidator: loaded 2 times (x 84B)
Class com.google.common.graph.DirectedGraphConnections$NodeConnection$Pred            : loaded 2 times (x 71B)
Class dagger.internal.codegen.writing.DerivedFromFrameworkInstanceRequestRepresentation$Factory: loaded 2 times (x 69B)
Class dagger.spi.internal.shaded.androidx.room.compiler.processing.XEquality          : loaded 2 times (x 69B)
Class org.jetbrains.org.objectweb.asm.Opcodes                                         : loaded 2 times (x 69B)
Class kotlin.text.MatchResult                                                         : loaded 2 times (x 69B)
Class dagger.internal.codegen.binding.MultiboundMapBinding                            : loaded 2 times (x 89B)
Class dagger.hilt.processor.internal.definecomponent.DefineComponentMetadatas$DefineComponentMetadata: loaded 2 times (x 74B)
Class dagger.spi.internal.shaded.androidx.room.compiler.processing.javac.JavacTypeElement$packageName$2: loaded 2 times (x 78B)
Class org.jetbrains.org.objectweb.asm.MethodTooLargeException                         : loaded 2 times (x 82B)
Class com.google.common.io.ByteArrayDataOutput                                        : loaded 2 times (x 69B)
Class com.google.common.collect.Maps$Values                                           : loaded 2 times (x 117B)
Class dagger.spi.internal.shaded.kotlin.metadata.internal.metadata.ProtoBuf$TypeOrBuilder: loaded 2 times (x 69B)
Class dagger.spi.internal.shaded.androidx.room.compiler.processing.javac.JavacProcessingEnv$messager$2: loaded 2 times (x 78B)
Class dagger.internal.codegen.validation.ValidationBindingGraphPlugin                 : loaded 2 times (x 84B)
Class dagger.internal.codegen.bindinggraphvalidation.InvalidProductionBindingScopeValidator_Factory: loaded 2 times (x 80B)
Class dagger.hilt.processor.internal.AutoValue_ComponentDescriptor$Builder            : loaded 2 times (x 79B)
Class dagger.spi.internal.shaded.kotlin.metadata.internal.metadata.ProtoBuf$ValueParameterOrBuilder: loaded 2 times (x 69B)
Class com.google.common.collect.ImmutableMap$SerializedForm                           : loaded 2 times (x 72B)
Class dagger.internal.codegen.writing.ComponentRequirementExpressions$ComponentParameterField: loaded 2 times (x 80B)
Class dagger.internal.codegen.base.RequestKinds                                       : loaded 2 times (x 70B)
Class dagger.hilt.processor.internal.aggregateddeps.ComponentDependencies             : loaded 2 times (x 73B)
Class com.google.common.cache.LocalCache$StrongEntry                                  : loaded 2 times (x 107B)
Class dagger.internal.codegen.binding.LegacyBindingGraphFactory                       : loaded 2 times (x 71B)
Class dagger.spi.internal.shaded.androidx.room.compiler.processing.javac.JavacTypeElement$_declaredMethods$2: loaded 2 times (x 78B)
Class com.google.common.collect.MapMakerInternalMap$InternalEntryHelper               : loaded 2 times (x 69B)
Class org.objectweb.asm.FieldWriter                                                   : loaded 2 times (x 77B)
Class dagger.spi.model.RequestKind                                                    : loaded 2 times (x 78B)
Class dagger.internal.codegen.binding.LegacyBindingGraphConverter_Factory             : loaded 2 times (x 80B)
Class dagger.spi.internal.shaded.kotlin.metadata.internal.metadata.deserialization.VersionRequirementTable: loaded 2 times (x 71B)
Class dagger.spi.internal.shaded.kotlin.metadata.KmClass                              : loaded 2 times (x 76B)
Class dagger.internal.codegen.writing.ProducerFromProviderCreationExpression_Factory  : loaded 2 times (x 70B)
Class dagger.internal.codegen.kotlin.ClassMetadata$Companion                          : loaded 2 times (x 70B)
Class org.jetbrains.org.objectweb.asm.AnnotationWriter                                : loaded 2 times (x 78B)
Class dagger.internal.codegen.model.BindingGraph$Edge                                 : loaded 2 times (x 69B)
Class androidx.room.compiler.processing.XProcessingEnv$Platform                       : loaded 2 times (x 78B)
Class com.google.common.collect.Lists$Partition                                       : loaded 2 times (x 161B)
Class androidx.room.compiler.processing.javac.JavacFiler                              : loaded 2 times (x 77B)
Class dagger.internal.codegen.validation.MapKeyValidator_Factory                      : loaded 2 times (x 81B)
Class jdk.internal.jimage.ImageBufferCache$1                                          : loaded 2 times (x 79B)
Class jdk.internal.jimage.ImageBufferCache$2                                          : loaded 2 times (x 90B)
Class dagger.internal.codegen.binding.MultiboundSetBinding$Builder                    : loaded 2 times (x 79B)
Class org.jetbrains.kotlin.com.intellij.openapi.diagnostic.Logger$Factory             : loaded 2 times (x 69B)
Class [Lorg.jetbrains.org.objectweb.asm.SymbolTable$Entry;                            : loaded 2 times (x 68B)
Class dagger.spi.internal.shaded.androidx.room.compiler.processing.javac.JavacAnnotationValue$1: loaded 2 times (x 78B)
Class dagger.spi.internal.shaded.androidx.room.compiler.processing.XArrayType         : loaded 2 times (x 69B)
Class kotlin.reflect.jvm.internal.KMutableProperty1Impl$_setter$1                     : loaded 2 times (x 78B)
Class dagger.spi.internal.shaded.kotlin.metadata.internal.metadata.ProtoBuf$VersionRequirementTableOrBuilder: loaded 2 times (x 69B)
Class dagger.internal.codegen.binding.AssistedInjectionAnnotations$AssistedFactoryMetadata: loaded 2 times (x 80B)
Class dagger.internal.codegen.bindinggraphvalidation.SubcomponentFactoryMethodValidator_Factory: loaded 2 times (x 80B)
Class dagger.spi.internal.shaded.androidx.room.compiler.processing.InternalXAnnotated : loaded 2 times (x 69B)
Class androidx.room.compiler.processing.XProcessingEnv$Companion                      : loaded 2 times (x 70B)
Class dagger.hilt.processor.internal.kotlin.DaggerKotlinMetadataUtils_MetadataComponent$Builder: loaded 2 times (x 70B)
Class dagger.spi.model.DaggerElement                                                  : loaded 2 times (x 73B)
Class dagger.spi.internal.shaded.kotlin.metadata.internal.metadata.ProtoBuf$TypeTable : loaded 2 times (x 108B)
Class dagger.internal.codegen.writing.ProviderInstanceRequestRepresentation_Factory_Impl: loaded 2 times (x 74B)
Class dagger.internal.codegen.model.AutoValue_ComponentPath                           : loaded 2 times (x 74B)
Class dagger.spi.internal.shaded.kotlin.metadata.KmEffectExpression                   : loaded 2 times (x 71B)
Class dagger.hilt.processor.internal.earlyentrypoint.AggregatedEarlyEntryPointMetadata: loaded 2 times (x 72B)
Class dagger.spi.internal.shaded.androidx.room.compiler.codegen.XClassName            : loaded 2 times (x 74B)
Class com.google.common.graph.DirectedGraphConnections$NodeConnection$Succ            : loaded 2 times (x 71B)
Class dagger.spi.internal.shaded.androidx.room.compiler.processing.javac.JavacFieldElement$getter$2: loaded 2 times (x 78B)
Class com.squareup.kotlinpoet.ClassName                                               : loaded 2 times (x 88B)
Class com.google.common.collect.MapMakerInternalMap$Strength                          : loaded 2 times (x 79B)
Class org.gradle.api.internal.DefaultClassPathProvider                                : loaded 2 times (x 75B)
Class org.gradle.internal.installation.GradleInstallation$1                           : loaded 2 times (x 74B)
Class com.google.common.collect.Maps$FilteredEntryMap                                 : loaded 2 times (x 127B)
Class dagger.spi.internal.shaded.kotlin.metadata.KmTypeParameter                      : loaded 2 times (x 71B)
Class dagger.spi.internal.shaded.kotlin.metadata.Attributes$visibility$2              : loaded 2 times (x 136B)
Class [Ldagger.spi.internal.shaded.kotlin.metadata.internal.metadata.ProtoBuf$MemberKind;: loaded 2 times (x 68B)
Class androidx.hilt.work.WorkerStep$Companion                                         : loaded 2 times (x 70B)
Class com.google.common.cache.LocalCache$AbstractReferenceEntry                       : loaded 2 times (x 106B)
Class dagger.spi.model.DependencyRequest$Builder                                      : loaded 2 times (x 75B)
Class [Lcom.squareup.javapoet.TypeName;                                               : loaded 2 times (x 68B)
Class dagger.internal.codegen.validation.ComponentValidator$ElementValidator$ComponentMethodValidator: loaded 2 times (x 72B)
Class dagger.spi.internal.shaded.androidx.room.compiler.processing.javac.JavacMethodElement$name$2: loaded 2 times (x 78B)
Class jdk.internal.jrtfs.SystemImage$1                                                : loaded 2 times (x 77B)
Class org.objectweb.asm.Type                                                          : loaded 2 times (x 71B)
Class dagger.internal.codegen.validation.SpiModelBindingGraphConverter$DaggerTypeElementImpl: loaded 2 times (x 74B)
Class jdk.internal.jrtfs.SystemImage$2                                                : loaded 2 times (x 75B)
Class com.google.common.util.concurrent.AbstractFuture$Failure                        : loaded 2 times (x 71B)
Class dagger.internal.codegen.DelegateComponentProcessor_SourceFileGeneratorsModule_FactoryGeneratorFactory: loaded 2 times (x 81B)
Class dagger.internal.codegen.kotlin.KotlinMetadataUtil_Factory                       : loaded 2 times (x 81B)
Class dagger.internal.codegen.writing.DelegateRequestRepresentation$Factory           : loaded 2 times (x 69B)
Class dagger.spi.internal.shaded.kotlin.metadata.Attributes$visibility$6              : loaded 2 times (x 136B)
Class com.google.common.graph.Network                                                 : loaded 2 times (x 69B)
Class dagger.internal.codegen.validation.ModuleValidator_Factory                      : loaded 2 times (x 81B)
Class kotlin.text.MatchNamedGroupCollection                                           : loaded 2 times (x 69B)
Class com.google.common.collect.LinkedHashMultimap$1                                  : loaded 2 times (x 82B)
Class dagger.spi.internal.shaded.androidx.room.compiler.processing.XExecutableType    : loaded 2 times (x 69B)
Class dagger.internal.codegen.validation.DependencyRequestValidator_Factory           : loaded 2 times (x 81B)
Class dagger.internal.codegen.validation.BindingGraphValidator_Factory                : loaded 2 times (x 81B)
Class kotlin.ranges.IntProgression                                                    : loaded 2 times (x 80B)
Class com.google.common.reflect.Reflection                                            : loaded 2 times (x 70B)
Class dagger.internal.codegen.writing.ProviderInstanceSupplier_Factory_Impl           : loaded 2 times (x 74B)
Class dagger.internal.codegen.writing.OptionalRequestRepresentation$Factory           : loaded 2 times (x 69B)
Class dagger.internal.DelegateFactory                                                 : loaded 2 times (x 81B)
Class dagger.spi.internal.shaded.kotlin.metadata.internal.metadata.ProtoBuf$Class$1   : loaded 2 times (x 143B)
Class com.squareup.kotlinpoet.TypeNames                                               : loaded 2 times (x 70B)
Class dagger.internal.codegen.validation.AutoValue_SpiModelBindingGraphConverter_DaggerTypeElementImpl: loaded 2 times (x 75B)
Class dagger.spi.internal.shaded.kotlin.metadata.internal.protobuf.GeneratedMessageLite$ExtendableBuilder: loaded 2 times (x 138B)
Class dagger.internal.codegen.binding.InjectionAnnotations_Factory                    : loaded 2 times (x 81B)
Class dagger.hilt.processor.internal.root.RootGenerator                               : loaded 2 times (x 71B)
Class dagger.hilt.processor.internal.generatesrootinput.GeneratesRootInputs           : loaded 2 times (x 71B)
Class com.google.common.io.Files$FileByteSource                                       : loaded 2 times (x 84B)
Class dagger.internal.codegen.writing.ComponentInstanceRequestRepresentation$Factory  : loaded 2 times (x 69B)
Class dagger.hilt.processor.internal.AutoValue_ComponentDescriptor                    : loaded 2 times (x 76B)
Class dagger.internal.codegen.binding.ModuleDescriptor                                : loaded 2 times (x 80B)
Class androidx.room.compiler.processing.javac.JavacBasicAnnotationProcessor$2         : loaded 2 times (x 78B)
Class [Lkotlin.time.DurationUnit;                                                     : loaded 2 times (x 68B)
Class dagger.internal.codegen.writing.MembersInjectionRequestRepresentation_Factory_Impl: loaded 2 times (x 74B)
Class dagger.spi.internal.shaded.androidx.room.compiler.processing.XExecutableElement : loaded 2 times (x 69B)
Class dagger.spi.model.Key$1                                                          : loaded 2 times (x 70B)
Class dagger.internal.codegen.binding.AutoValue_AssistedFactoryBinding                : loaded 2 times (x 92B)
Class com.google.common.collect.Collections2$TransformedCollection                    : loaded 2 times (x 117B)
Class dagger.spi.internal.shaded.androidx.room.compiler.processing.CommonProcessorDelegate$processRound$currentElementsDeferredByStep$1$stepDeferredElementsByAnnotation$1: loaded 2 times (x 77B)
Class dagger.internal.codegen.writing.SubcomponentCreatorRequestRepresentation_Factory: loaded 2 times (x 71B)
Class dagger.internal.codegen.processingstep.ModuleProcessingStep                     : loaded 2 times (x 85B)
Class dagger.spi.internal.shaded.androidx.room.compiler.processing.javac.JavacPackageElement: loaded 2 times (x 190B)
Class dagger.internal.codegen.writing.ProductionBindingRepresentation_Factory_Impl    : loaded 2 times (x 74B)
Class dagger.internal.codegen.writing.SimpleMethodRequestRepresentation$Factory       : loaded 2 times (x 69B)
Class dagger.internal.codegen.binding.AutoValue_MultiboundSetBinding                  : loaded 2 times (x 91B)
Class dagger.internal.codegen.binding.MembersInjectionBinding                         : loaded 2 times (x 82B)
Class dagger.internal.codegen.binding.BindingFactory                                  : loaded 2 times (x 71B)
Class dagger.internal.codegen.processingstep.MonitoringModuleGenerator                : loaded 2 times (x 76B)
Class com.google.common.graph.DirectedMultiNetworkConnections$1                       : loaded 2 times (x 136B)
Class dagger.internal.codegen.validation.SpiModelBindingGraphConverter$1              : loaded 2 times (x 70B)
Class dagger.spi.internal.shaded.kotlin.metadata.jvm.internal.JvmClassExtension$Companion: loaded 2 times (x 70B)
Class dagger.internal.codegen.writing.BindingRepresentations                          : loaded 2 times (x 70B)
Class dagger.internal.codegen.writing.ComponentCreatorImplementation                  : loaded 2 times (x 73B)
Class dagger.internal.codegen.writing.AnnotationCreatorGenerator_Factory              : loaded 2 times (x 81B)
Class dagger.internal.codegen.DelegateComponentProcessor$Injector$Factory             : loaded 2 times (x 69B)
Class dagger.hilt.processor.internal.kotlin.KotlinMetadataFactory_Factory             : loaded 2 times (x 80B)
Class org.jetbrains.org.objectweb.asm.MethodWriter                                    : loaded 2 times (x 105B)
Class dagger.spi.internal.shaded.kotlin.metadata.internal.metadata.ProtoBuf$VersionRequirement$VersionKind$1: loaded 2 times (x 73B)
Class [Lkotlin.io.FileWalkDirection;                                                  : loaded 2 times (x 68B)
Class com.google.common.collect.ImmutableSet$SerializedForm                           : loaded 2 times (x 72B)
Class dagger.internal.codegen.binding.$AutoValue_MultiboundMapBinding                 : loaded 2 times (x 91B)
Class [Lcom.google.common.collect.Maps$EntryFunction;                                 : loaded 2 times (x 68B)
Class [Ldagger.internal.codegen.binding.BindingType;                                  : loaded 2 times (x 68B)
Class dagger.spi.internal.shaded.kotlin.metadata.KmAnnotation                         : loaded 2 times (x 71B)
Class dagger.internal.codegen.binding.BindsTypeChecker_Factory                        : loaded 2 times (x 81B)
Class dagger.spi.internal.shaded.androidx.room.compiler.processing.javac.kotlin.KmClassContainer$typeParameters$2: loaded 2 times (x 78B)
Class com.google.common.reflect.TypeResolver$TypeVariableKey                          : loaded 2 times (x 71B)
Class dagger.internal.codegen.validation.AutoValue_SpiModelBindingGraphConverter_SubcomponentCreatorBindingEdgeImpl: loaded 2 times (x 76B)
Class dagger.internal.codegen.bindinggraphvalidation.InjectBindingValidator           : loaded 2 times (x 84B)
Class dagger.hilt.processor.internal.earlyentrypoint.EarlyEntryPointProcessor         : loaded 2 times (x 99B)
Class dagger.spi.internal.shaded.androidx.room.compiler.processing.XEquality$Companion: loaded 2 times (x 70B)
Class dagger.spi.internal.shaded.androidx.room.compiler.processing.util.MemoizedSequence$delegateIterator$2: loaded 2 times (x 78B)
Class dagger.spi.internal.shaded.androidx.room.compiler.processing.javac.JavacBasicAnnotationProcessor$steps$2: loaded 2 times (x 78B)
Class [Ldagger.spi.model.DaggerProcessingEnv$Backend;                                 : loaded 2 times (x 68B)
Class dagger.internal.codegen.validation.InjectValidator$InternalValidator            : loaded 2 times (x 71B)
Class kotlin.collections.ArrayDeque$Companion                                         : loaded 2 times (x 70B)
Class kotlin.collections.builders.MapBuilder$EntryRef                                 : loaded 2 times (x 80B)
Class kotlin.time.DurationUnitKt__DurationUnitKt                                      : loaded 2 times (x 70B)
Class dagger.internal.codegen.writing.OptionalFactoryInstanceCreationExpression_Factory: loaded 2 times (x 71B)
Class com.squareup.javapoet.FieldSpec$Builder                                         : loaded 2 times (x 71B)
Class com.google.common.cache.LocalCache$StrongValueReference                         : loaded 2 times (x 89B)
Class dagger.internal.codegen.bindinggraphvalidation.DependencyCycleValidator$1       : loaded 2 times (x 70B)
Class org.gradle.internal.classloader.FilteringClassLoader                            : loaded 2 times (x 104B)
Class [Ldagger.spi.internal.shaded.androidx.room.compiler.processing.XProcessingStep; : loaded 2 times (x 68B)
Class com.google.common.graph.InvalidatableSet                                        : loaded 2 times (x 151B)
Class dagger.spi.internal.shaded.kotlin.metadata.KmType                               : loaded 2 times (x 71B)
Class com.google.common.graph.DirectedGraphConnections$NodeConnection                 : loaded 2 times (x 71B)
Class dagger.internal.codegen.binding.AssistedFactoryBinding$Builder                  : loaded 2 times (x 78B)
Class dagger.internal.codegen.binding.BindingNode_Factory_Factory                     : loaded 2 times (x 81B)
Class com.google.common.reflect.TypeResolver$TypeTable                                : loaded 2 times (x 72B)
Class dagger.spi.internal.shaded.auto.common.MoreTypes$PrimitiveTypeVisitor           : loaded 2 times (x 101B)
Class [Ldagger.spi.internal.shaded.kotlin.metadata.internal.metadata.ProtoBuf$Class$Kind;: loaded 2 times (x 68B)
Class dagger.spi.internal.shaded.androidx.room.compiler.processing.XMessager          : loaded 2 times (x 72B)
Class jdk.internal.jimage.ImageReader$Resource                                        : loaded 2 times (x 83B)
Class com.google.common.reflect.Invokable$MethodInvokable                             : loaded 2 times (x 104B)
Class dagger.spi.internal.shaded.kotlin.metadata.internal.FlagImpl                    : loaded 2 times (x 70B)
Class dagger.internal.codegen.model.BindingGraph$Node                                 : loaded 2 times (x 69B)
Class dagger.spi.internal.shaded.kotlin.metadata.internal.metadata.jvm.JvmProtoBuf$JvmPropertySignature$1: loaded 2 times (x 143B)
Class dagger.internal.codegen.writing.StaticFactoryInstanceSupplier_Factory_Impl      : loaded 2 times (x 74B)
Class com.google.common.collect.Maps$FilteredKeyMap                                   : loaded 2 times (x 127B)
Class dagger.spi.internal.shaded.auto.common.Visibility                               : loaded 2 times (x 78B)
Class [Lorg.jetbrains.kotlin.com.intellij.openapi.diagnostic.LogLevel;                : loaded 2 times (x 68B)
Class dagger.internal.codegen.binding.MultibindingDeclaration_Factory_Factory         : loaded 2 times (x 81B)
Class jdk.internal.jrtfs.SystemImage                                                  : loaded 2 times (x 73B)
Class com.google.common.collect.Maps$2                                                : loaded 2 times (x 81B)
Class [Ldagger.internal.codegen.base.ComponentCreatorKind;                            : loaded 2 times (x 68B)
Class dagger.spi.internal.shaded.androidx.room.compiler.processing.XFiler             : loaded 2 times (x 69B)
Class com.google.common.collect.ConsumingQueueIterator                                : loaded 2 times (x 81B)
Class dagger.internal.codegen.base.DaggerSuperficialValidation$ValidationException$UnexpectedException: loaded 2 times (x 83B)
Class org.gradle.internal.classpath.DefaultClassPath$ImmutableUniqueList$Builder      : loaded 2 times (x 74B)
Class dagger.spi.internal.shaded.kotlin.metadata.internal.metadata.ProtoBuf$Type$Argument$Projection$1: loaded 2 times (x 73B)
Class dagger.hilt.processor.internal.aliasof.AliasOfProcessor                         : loaded 2 times (x 99B)
Class com.google.common.collect.AbstractRangeSet                                      : loaded 2 times (x 113B)
Class dagger.internal.codegen.binding.DependencyRequestFormatter                      : loaded 2 times (x 85B)
Class dagger.hilt.processor.internal.aliasof.AliasOfs                                 : loaded 2 times (x 71B)
Class kotlin.annotation.Repeatable                                                    : loaded 2 times (x 69B)
Class [Lnet.ltgt.gradle.incap.IncrementalAnnotationProcessorType;                     : loaded 2 times (x 68B)
Class dagger.internal.codegen.bindinggraphvalidation.MissingBindingValidator_Factory  : loaded 2 times (x 81B)
Class dagger.spi.internal.shaded.kotlin.metadata.internal.metadata.jvm.JvmProtoBuf$JvmPropertySignature$Builder: loaded 2 times (x 140B)
Class dagger.hilt.android.processor.internal.AndroidClassNames                        : loaded 2 times (x 70B)
Class org.jetbrains.kotlin.com.intellij.openapi.diagnostic.LogLevel                   : loaded 2 times (x 78B)
Class dagger.spi.internal.shaded.kotlin.metadata.internal.metadata.jvm.deserialization.JvmNameResolverBase: loaded 2 times (x 79B)
Class dagger.spi.internal.shaded.androidx.room.compiler.processing.javac.JavacArrayType$xTypeName$2: loaded 2 times (x 78B)
Class dagger.internal.codegen.writing.ProvisionBindingRepresentation$Factory          : loaded 2 times (x 69B)
Class dagger.internal.codegen.binding.$AutoValue_AssistedInjectionBinding$Builder     : loaded 2 times (x 96B)
Class dagger.spi.internal.shaded.androidx.room.compiler.processing.javac.JavacMethodElement: loaded 2 times (x 266B)
Class org.jetbrains.kotlin.com.intellij.openapi.diagnostic.Attachment                 : loaded 2 times (x 71B)
Class com.google.common.base.PatternCompiler                                          : loaded 2 times (x 69B)
Class dagger.spi.internal.shaded.kotlin.metadata.internal.metadata.jvm.JvmProtoBuf$JvmFieldSignature: loaded 2 times (x 107B)
Class com.google.common.io.CharStreams$NullWriter                                     : loaded 2 times (x 98B)
Class [Ldagger.internal.codegen.compileroption.ProcessingEnvironmentCompilerOptions$KeyOnlyOption;: loaded 2 times (x 68B)
Class kotlin.reflect.jvm.internal.KClassImpl$Data$allMembers$2                        : loaded 2 times (x 78B)
Class dagger.internal.codegen.validation.ProvidesMethodValidator$Validator            : loaded 2 times (x 79B)
Class dagger.internal.codegen.validation.DiagnosticReporterFactory_Factory            : loaded 2 times (x 81B)
Class dagger.internal.codegen.writing.MembersInjectorProviderCreationExpression$Factory: loaded 2 times (x 69B)
Class dagger.internal.codegen.binding.ComponentDescriptor$Factory                     : loaded 2 times (x 74B)
Class dagger.internal.codegen.writing.ComponentWrapperImplementation                  : loaded 2 times (x 80B)
Class dagger.internal.codegen.validation.ComponentValidator                           : loaded 2 times (x 74B)
Class dagger.spi.internal.shaded.kotlin.metadata.jvm.JvmExtensionsKt                  : loaded 2 times (x 70B)
Class dagger.spi.internal.shaded.androidx.room.compiler.processing.InternalXAnnotationValue$Kind$Companion: loaded 2 times (x 70B)
Class dagger.spi.internal.shaded.androidx.room.compiler.processing.XElementKt         : loaded 2 times (x 70B)
Class dagger.spi.internal.shaded.auto.common.MoreElements$TypeElementVisitor          : loaded 2 times (x 92B)
Class dagger.spi.internal.shaded.androidx.room.compiler.processing.javac.JavacTypeElement: loaded 2 times (x 297B)
Class dagger.internal.codegen.writing.ComponentRequestRepresentations_Factory         : loaded 2 times (x 81B)
Class dagger.internal.codegen.writing.MembersInjectionMethods_Factory                 : loaded 2 times (x 81B)
Class dagger.internal.codegen.bindinggraphvalidation.CompositeBindingGraphPlugin$Factory: loaded 2 times (x 69B)
Class com.google.common.collect.Multiset$Entry                                        : loaded 2 times (x 69B)
Class dagger.spi.internal.shaded.kotlin.metadata.internal.protobuf.SmallSortedMap$Entry: loaded 2 times (x 87B)
Class dagger.spi.internal.shaded.kotlin.metadata.internal.metadata.ProtoBuf$VersionRequirementTable: loaded 2 times (x 106B)
Class dagger.internal.codegen.binding.FrameworkType                                   : loaded 2 times (x 83B)
Class dagger.spi.internal.shaded.kotlin.metadata.Attributes$isNegated$2               : loaded 2 times (x 136B)
Class jdk.internal.jrtfs.JrtDirectoryStream$1                                         : loaded 2 times (x 82B)
Class kotlin.collections.IntIterator                                                  : loaded 2 times (x 81B)
Class dagger.internal.codegen.bindinggraphvalidation.SubcomponentFactoryMethodValidator: loaded 2 times (x 84B)
Class org.objectweb.asm.AnnotationWriter                                              : loaded 2 times (x 78B)
Class dagger.spi.internal.shaded.androidx.room.compiler.processing.javac.JavacPackageElement$name$2: loaded 2 times (x 78B)
Class dagger.spi.internal.shaded.kotlin.metadata.internal.metadata.ProtoBuf$Package   : loaded 2 times (x 128B)
Class dagger.hilt.processor.internal.root.AutoValue_ComponentTreeDepsMetadata         : loaded 2 times (x 80B)
Class org.apache.commons.io.output.ThresholdingOutputStream                           : loaded 2 times (x 94B)
Class dagger.internal.codegen.writing.ComponentProvisionRequestRepresentation         : loaded 2 times (x 73B)
Class org.gradle.internal.classloader.ClassLoaderVisitor                              : loaded 2 times (x 75B)
Class dagger.internal.codegen.DaggerDelegateComponentProcessor_Injector$CurrentImplementationSubcomponentImpl: loaded 2 times (x 74B)
Class [Ldagger.spi.internal.shaded.kotlin.metadata.internal.metadata.ProtoBuf$Effect$EffectType;: loaded 2 times (x 68B)
Class dagger.internal.codegen.kotlin.FunctionMetadata                                 : loaded 2 times (x 69B)
Class dagger.internal.codegen.componentgenerator.TopLevelImplementationComponent      : loaded 2 times (x 69B)
Class [Ldagger.internal.codegen.base.ContributionType;                                : loaded 2 times (x 68B)
Class dagger.internal.Factory                                                         : loaded 2 times (x 69B)
Class [Lcom.google.common.collect.HashBiMap$BiEntry;                                  : loaded 2 times (x 68B)
Class org.apache.http.HttpEntityEnclosingRequest                                      : loaded 2 times (x 69B)
Class org.objectweb.asm.Label                                                         : loaded 2 times (x 72B)
Class dagger.internal.codegen.writing.ProducerEntryPointView                          : loaded 2 times (x 71B)
Class com.google.common.collect.Multisets$ElementSet                                  : loaded 2 times (x 135B)
Class [Ldagger.spi.internal.shaded.androidx.room.compiler.codegen.XClassName;         : loaded 2 times (x 68B)
Class [Ldagger.spi.internal.shaded.androidx.room.compiler.processing.InternalXAnnotationValue$Kind;: loaded 2 times (x 68B)
Class dagger.hilt.processor.internal.earlyentrypoint.EarlyEntryPointProcessingStep    : loaded 2 times (x 86B)
Class kotlin.jvm.internal.TypeIntrinsics                                              : loaded 2 times (x 70B)
Class androidx.room.compiler.processing.javac.JavacProcessingEnv                      : loaded 2 times (x 120B)
Class dagger.internal.codegen.componentgenerator.ComponentGenerator_Factory           : loaded 2 times (x 81B)
Class dagger.spi.internal.shaded.androidx.room.compiler.processing.DeclarationCollectorKt: loaded 2 times (x 70B)
Class dagger.internal.codegen.binding.ModuleDescriptor$Factory                        : loaded 2 times (x 74B)
Class dagger.internal.codegen.model.ComponentPath                                     : loaded 2 times (x 72B)
Class dagger.internal.codegen.writing.ModuleProxies$ModuleConstructorProxyGenerator   : loaded 2 times (x 76B)
Class [Lorg.jetbrains.org.objectweb.asm.AnnotationVisitor;                            : loaded 2 times (x 68B)
Class dagger.internal.codegen.model.BindingGraph$DependencyEdge                       : loaded 2 times (x 69B)
Class dagger.internal.codegen.binding.AutoValue_ComponentBinding                      : loaded 2 times (x 90B)
Class dagger.internal.codegen.writing.ComponentRequirementExpression                  : loaded 2 times (x 69B)
Class dagger.internal.codegen.writing.ComponentRequirementRequestRepresentation_Factory_Impl: loaded 2 times (x 72B)
Class dagger.spi.internal.shaded.androidx.room.compiler.processing.javac.JavacType$superTypes$2: loaded 2 times (x 78B)
Class org.apache.commons.io.filefilter.IOFileFilter                                   : loaded 2 times (x 69B)
Class dagger.internal.codegen.bindinggraphvalidation.MapMultibindingValidator_Factory : loaded 2 times (x 81B)
Class dagger.spi.internal.shaded.androidx.room.compiler.processing.javac.AnnotationMirrorExtKt: loaded 2 times (x 70B)
Class dagger.internal.codegen.compileroption.ProcessingEnvironmentCompilerOptions$KeyOnlyOption$1: loaded 2 times (x 85B)
Class dagger.internal.codegen.compileroption.ProcessingEnvironmentCompilerOptions$KeyOnlyOption$2: loaded 2 times (x 85B)
Class com.google.common.io.ByteStreams$1                                              : loaded 2 times (x 84B)
Class dagger.internal.codegen.base.ComponentKind                                      : loaded 2 times (x 78B)
Class dagger.internal.codegen.validation.BindingGraphValidator                        : loaded 2 times (x 71B)
Class dagger.spi.internal.shaded.kotlin.metadata.internal.protobuf.WireFormat         : loaded 2 times (x 70B)
Class kotlin.jvm.internal.Ref$IntRef                                                  : loaded 2 times (x 70B)
Class dagger.internal.codegen.binding.LegacyBindingGraphConverter_Factory$InstanceHolder: loaded 2 times (x 70B)
Class dagger.internal.codegen.DaggerDelegateComponentProcessor_Injector$TopLevelImplementationComponentImpl: loaded 2 times (x 74B)
Class com.google.common.collect.FilteredSetMultimap                                   : loaded 2 times (x 69B)
Class dagger.internal.codegen.binding.ConfigurationAnnotations                        : loaded 2 times (x 70B)
Class dagger.internal.codegen.processingstep.AssistedInjectProcessingStep             : loaded 2 times (x 85B)
Class dagger.hilt.processor.internal.aggregateddeps.AutoValue_ComponentDependencies$Builder: loaded 2 times (x 75B)
Class kotlin.reflect.jvm.internal.KCallableImpl$_parameters$1                         : loaded 2 times (x 78B)
Class dagger.spi.internal.shaded.androidx.room.compiler.processing.javac.JavacFieldElement: loaded 2 times (x 224B)
Class dagger.internal.codegen.writing.MethodRequestRepresentation                     : loaded 2 times (x 77B)
Class dagger.internal.codegen.model.BindingGraph$SubcomponentCreatorBindingEdge       : loaded 2 times (x 69B)
Class dagger.internal.codegen.validation.BindingMethodValidator$ExceptionSuperclass   : loaded 2 times (x 80B)
Class com.google.common.graph.AbstractGraph                                           : loaded 2 times (x 134B)
Class dagger.internal.codegen.binding.ModuleDescriptor_Factory_Factory                : loaded 2 times (x 81B)
Class dagger.internal.codegen.binding.DependencyRequestFactory_Factory                : loaded 2 times (x 81B)
Class dagger.internal.codegen.writing.StaticFactoryInstanceSupplier                   : loaded 2 times (x 74B)
Class dagger.spi.internal.shaded.kotlin.metadata.internal.metadata.jvm.JvmProtoBuf$JvmPropertySignature: loaded 2 times (x 113B)
Class com.google.common.graph.EndpointPair$Ordered                                    : loaded 2 times (x 82B)
Class com.google.common.graph.Graph                                                   : loaded 2 times (x 69B)
Class dagger.spi.internal.shaded.androidx.room.compiler.processing.javac.JavacAnnotationValue: loaded 2 times (x 154B)
Class com.squareup.javapoet.WildcardTypeName                                          : loaded 2 times (x 80B)
Class dagger.hilt.android.processor.internal.bindvalue.BindValueMetadata              : loaded 2 times (x 72B)
Class dagger.hilt.processor.internal.HiltProcessingEnvConfigs                         : loaded 2 times (x 70B)
Class kotlin.reflect.jvm.internal.KClassImpl$Data$supertypes$2                        : loaded 2 times (x 78B)
Class org.jetbrains.org.objectweb.asm.Frame                                           : loaded 2 times (x 72B)
Class org.gradle.internal.service.DefaultServiceLocator                               : loaded 2 times (x 82B)
Class org.gradle.internal.service.UnknownServiceException                             : loaded 2 times (x 82B)
Class dagger.spi.internal.shaded.kotlin.metadata.internal.metadata.jvm.JvmProtoBuf$StringTableTypes$Record$Operation$1: loaded 2 times (x 73B)
Class dagger.spi.internal.shaded.kotlin.metadata.internal.metadata.ProtoBuf$Property$Builder: loaded 2 times (x 173B)
Class dagger.spi.internal.shaded.androidx.room.compiler.processing.InternalXAnnotationValue$kind$2: loaded 2 times (x 78B)
Class org.apache.http.client.methods.HttpUriRequest                                   : loaded 2 times (x 69B)
Class com.google.common.util.concurrent.AbstractFuture$SynchronizedHelper             : loaded 2 times (x 77B)
Class com.google.common.collect.Collections2$FilteredCollection                       : loaded 2 times (x 118B)
Class dagger.spi.internal.shaded.kotlin.metadata.Attributes$isNullCheckPredicate$2    : loaded 2 times (x 136B)
Class com.squareup.kotlinpoet.Annotatable                                             : loaded 2 times (x 69B)
Class dagger.internal.codegen.validation.BindingElementValidator                      : loaded 2 times (x 77B)
Class dagger.internal.Provider                                                        : loaded 2 times (x 69B)
Class org.jetbrains.kotlin.build.report.metrics.DoNothingBuildMetricsReporter         : loaded 2 times (x 86B)
Class dagger.internal.codegen.ProcessingEnvironmentModule_FilerFactory                : loaded 2 times (x 81B)
Class dagger.internal.codegen.writing.AnnotationCreatorGenerator                      : loaded 2 times (x 79B)
Class com.squareup.kotlinpoet.TagMap$Companion                                        : loaded 2 times (x 70B)
Class dagger.hilt.processor.internal.ProcessorErrorHandler                            : loaded 2 times (x 71B)
Class kotlin.sequences.DropTakeSequence                                               : loaded 2 times (x 69B)
Class com.google.common.base.Strings                                                  : loaded 2 times (x 70B)
Class dagger.internal.codegen.writing.PrivateMethodRequestRepresentation              : loaded 2 times (x 77B)
Class dagger.internal.codegen.kotlin.AutoValue_KotlinMetadata                         : loaded 2 times (x 79B)
Class kotlin.collections.AbstractMutableSet                                           : loaded 2 times (x 141B)
Class dagger.internal.codegen.base.Formatter                                          : loaded 2 times (x 84B)
Class dagger.spi.internal.shaded.kotlin.metadata.internal.metadata.jvm.JvmProtoBuf$JvmPropertySignatureOrBuilder: loaded 2 times (x 69B)
Class dagger.spi.internal.shaded.kotlin.metadata.internal.protobuf.GeneratedMessageLite$ExtendableMessage: loaded 2 times (x 112B)
Class dagger.internal.codegen.validation.BindsMethodValidator$Validator               : loaded 2 times (x 79B)
Class dagger.internal.codegen.compileroption.FeatureStatus                            : loaded 2 times (x 78B)
Class dagger.spi.internal.shaded.androidx.room.compiler.processing.javac.JavacConstructorElement$parameters$2$1$1: loaded 2 times (x 78B)
Class kotlin.collections.CollectionsKt___CollectionsKt$asSequence$$inlined$Sequence$1 : loaded 2 times (x 74B)
Class com.google.common.io.Closer                                                     : loaded 2 times (x 77B)
Class com.google.common.cache.LocalCache$Values                                       : loaded 2 times (x 117B)
Class dagger.spi.internal.shaded.kotlin.metadata.KmFlexibleTypeUpperBound$Companion   : loaded 2 times (x 70B)
Class dagger.internal.codegen.binding.$AutoValue_BoundInstanceBinding$Builder         : loaded 2 times (x 94B)
Class org.gradle.internal.classloader.DefaultClassLoaderFactory                       : loaded 2 times (x 81B)
Class dagger.spi.internal.shaded.kotlin.metadata.jvm.internal.JvmTypeExtension        : loaded 2 times (x 77B)
Class jdk.internal.jimage.ImageReader$SharedImageReader                               : loaded 2 times (x 94B)
Class dagger.internal.codegen.writing.ComponentRequirementExpressions                 : loaded 2 times (x 71B)
Class com.google.common.collect.Sets$2$1                                              : loaded 2 times (x 81B)
Class dagger.internal.codegen.writing.FrameworkInstanceBindingRepresentation_Factory_Impl: loaded 2 times (x 74B)
Class dagger.internal.codegen.writing.SetFactoryCreationExpression_Factory_Impl       : loaded 2 times (x 74B)
Class dagger.spi.internal.shaded.kotlin.metadata.internal.metadata.jvm.deserialization.UtfEncodingKt: loaded 2 times (x 70B)
Class dagger.hilt.processor.internal.uninstallmodules.AutoValue_AggregatedUninstallModulesMetadata: loaded 2 times (x 74B)
Class com.google.common.base.Stopwatch                                                : loaded 2 times (x 71B)
Class dagger.internal.codegen.writing.ComponentMethodRequestRepresentation_Factory_Impl: loaded 2 times (x 74B)
Class dagger.internal.codegen.binding.ErrorMessages$ComponentCreatorMessages          : loaded 2 times (x 80B)
Class com.google.common.graph.Graphs$NodeVisitState                                   : loaded 2 times (x 78B)
Class kotlin.io.FileTreeWalk$FileTreeWalkIterator$WhenMappings                        : loaded 2 times (x 70B)
Class dagger.spi.model.BindingGraph$MaybeBinding                                      : loaded 2 times (x 69B)
Class [Ldagger.spi.internal.shaded.kotlin.metadata.Modality;                          : loaded 2 times (x 68B)
Class com.google.common.reflect.Types                                                 : loaded 2 times (x 70B)
Class com.google.common.base.Platform$JdkPatternCompiler                              : loaded 2 times (x 74B)
Class dagger.internal.codegen.binding.SubcomponentCreatorBinding$Builder              : loaded 2 times (x 77B)
Class com.squareup.kotlinpoet.ClassName$special$$inlined$compareBy$1                  : loaded 2 times (x 88B)
Class com.google.common.collect.Interners$InternerImpl                                : loaded 2 times (x 74B)
Class dagger.spi.internal.shaded.androidx.room.compiler.processing.XProcessingEnv$Platform: loaded 2 times (x 78B)
Class dagger.spi.internal.shaded.kotlin.metadata.Visibility                           : loaded 2 times (x 78B)
Class dagger.spi.internal.shaded.kotlin.metadata.internal.metadata.jvm.deserialization.JvmMemberSignature$Method: loaded 2 times (x 74B)
Class com.google.common.graph.AbstractNetwork                                         : loaded 2 times (x 138B)
Class dagger.spi.internal.shaded.kotlin.metadata.internal.metadata.jvm.JvmProtoBuf$JvmMethodSignatureOrBuilder: loaded 2 times (x 69B)
Class kotlin.reflect.jvm.internal.KPropertyImpl$_descriptor$1                         : loaded 2 times (x 78B)
Class org.apache.commons.io.output.ByteArrayOutputStream                              : loaded 2 times (x 101B)
Class dagger.internal.codegen.writing.PrivateMethodRequestRepresentation_Factory_Impl : loaded 2 times (x 74B)
Class dagger.spi.internal.shaded.kotlin.metadata.internal.extensions.MetadataExtensions$Companion: loaded 2 times (x 70B)
Class dagger.spi.internal.shaded.kotlin.metadata.internal.metadata.ProtoBuf$ValueParameter$1: loaded 2 times (x 143B)
Class [Lorg.jetbrains.kotlin.build.report.metrics.GradleBuildTime;                    : loaded 2 times (x 68B)
Class kotlin.sequences.SequencesKt___SequencesKt$asIterable$$inlined$Iterable$1       : loaded 2 times (x 78B)
Class dagger.spi.internal.shaded.kotlin.metadata.internal.metadata.ProtoBuf$Annotation$Builder: loaded 2 times (x 135B)
Class dagger.internal.codegen.base.ElementFormatter                                   : loaded 2 times (x 84B)
Class dagger.internal.codegen.writing.FactoryGenerator                                : loaded 2 times (x 76B)
Class dagger.internal.codegen.writing.ProducerFromProviderCreationExpression$Factory  : loaded 2 times (x 69B)
Class dagger.spi.model.Key                                                            : loaded 2 times (x 77B)
Class dagger.spi.internal.shaded.androidx.room.compiler.processing.CommonProcessorDelegate$processRound$currentElementsDeferredByStep$1$previousRoundDeferredElementsByAnnotation$1: loaded 2 times (x 77B)
Class dagger.internal.codegen.writing.MapRequestRepresentation_Factory                : loaded 2 times (x 71B)
Class dagger.internal.codegen.compileroption.ValidationType                           : loaded 2 times (x 78B)
Class com.google.common.io.ByteStreams$LimitedInputStream                             : loaded 2 times (x 91B)
Class dagger.internal.codegen.writing.ComponentRequirementRequestRepresentation_Factory: loaded 2 times (x 71B)
Class dagger.internal.codegen.validation.MembersInjectionValidator                    : loaded 2 times (x 71B)
Class dagger.spi.internal.shaded.kotlin.metadata.internal.protobuf.FieldSet           : loaded 2 times (x 71B)
Class dagger.hilt.processor.internal.originatingelement.OriginatingElementProcessor   : loaded 2 times (x 99B)
Class com.google.common.collect.MapMakerInternalMap$AbstractStrongKeyEntry            : loaded 2 times (x 79B)
Class com.google.common.collect.ImmutableRangeSet$ComplementRanges                    : loaded 2 times (x 168B)
Class dagger.internal.codegen.model.Key$Builder                                       : loaded 2 times (x 75B)
Class dagger.internal.codegen.binding.AutoValue_ModuleDescriptor                      : loaded 2 times (x 85B)
Class dagger.internal.codegen.writing.UnwrappedMapKeyGenerator_Factory                : loaded 2 times (x 81B)
Class dagger.hilt.processor.internal.definecomponent.AutoValue_DefineComponentBuilderMetadatas_DefineComponentBuilderMetadata: loaded 2 times (x 74B)
Class org.objectweb.asm.Context                                                       : loaded 2 times (x 71B)
Class dagger.internal.codegen.processingstep.SuperficialValidator                     : loaded 2 times (x 74B)
Class dagger.spi.internal.shaded.androidx.room.compiler.processing.javac.kotlin.KmBaseTypeContainer: loaded 2 times (x 69B)
Class com.google.common.graph.AbstractValueGraph                                      : loaded 2 times (x 144B)
Class org.jetbrains.org.objectweb.asm.RecordComponentVisitor                          : loaded 2 times (x 76B)
Class dagger.spi.internal.shaded.androidx.room.compiler.processing.javac.JavacRawType$xTypeName$2: loaded 2 times (x 78B)
Class dagger.internal.codegen.model.DaggerTypeElement                                 : loaded 2 times (x 72B)
Class [Ldagger.internal.codegen.compileroption.ProcessingEnvironmentCompilerOptions$CommandLineOption;: loaded 2 times (x 68B)
Class dagger.spi.internal.shaded.kotlin.metadata.internal.metadata.deserialization.NameResolver: loaded 2 times (x 69B)
Class dagger.spi.internal.shaded.auto.common.MoreElements                             : loaded 2 times (x 70B)
Class [Lcom.google.common.reflect.Types$ClassOwnership;                               : loaded 2 times (x 68B)
Class dagger.internal.codegen.writing.DelegatingFrameworkInstanceCreationExpression   : loaded 2 times (x 76B)
Class dagger.internal.codegen.writing.SwitchingProviderInstanceSupplier_Factory_Impl  : loaded 2 times (x 74B)
Class dagger.internal.codegen.binding.MonitoringModules                               : loaded 2 times (x 74B)
Class dagger.internal.codegen.base.OptionalType                                       : loaded 2 times (x 71B)
Class com.google.common.graph.Traverser$Traversal                                     : loaded 2 times (x 72B)
Class dagger.internal.codegen.binding.MembersInjectionBinding$InjectionSite           : loaded 2 times (x 75B)
Class dagger.spi.internal.shaded.kotlin.metadata.internal.FlagDelegatesImplKt$propertyBooleanFlag$1: loaded 2 times (x 136B)
Class kotlin.Deprecated                                                               : loaded 2 times (x 69B)
Class dagger.internal.codegen.validation.ValidationReport$Builder                     : loaded 2 times (x 71B)
Class dagger.internal.codegen.binding.LegacyBindingGraphFactory_Factory               : loaded 2 times (x 81B)
Class dagger.internal.codegen.componentgenerator.TopLevelImplementationComponent$Factory: loaded 2 times (x 69B)
Class dagger.spi.BindingGraphPlugin                                                   : loaded 2 times (x 69B)
Class jdk.internal.jimage.decompressor.ZipDecompressorFactory                         : loaded 2 times (x 73B)
Class [Ldagger.internal.codegen.writing.FrameworkFieldInitializer$InitializationState;: loaded 2 times (x 68B)
Class dagger.spi.internal.shaded.androidx.room.compiler.processing.util.MemoizedSequence$CachedIterator: loaded 2 times (x 78B)
Class dagger.spi.internal.shaded.androidx.room.compiler.processing.InternalXAnnotation: loaded 2 times (x 139B)
Class dagger.internal.codegen.base.MapKeyAccessibility                                : loaded 2 times (x 70B)
Class dagger.spi.internal.shaded.androidx.room.compiler.processing.javac.JavacMethodParameter$closestMemberContainer$2: loaded 2 times (x 78B)
Class [Lcom.google.common.cache.RemovalCause;                                         : loaded 2 times (x 68B)
Class androidx.room.DatabaseProcessingStep                                            : loaded 2 times (x 78B)
Class dagger.spi.internal.shaded.androidx.room.compiler.processing.XProcessingEnv     : loaded 2 times (x 69B)
Class org.jetbrains.org.objectweb.asm.ClassTooLargeException                          : loaded 2 times (x 82B)
Class [Lorg.jetbrains.org.objectweb.asm.Attribute;                                    : loaded 2 times (x 68B)
Class dagger.internal.codegen.writing.MembersInjectorProviderCreationExpression_Factory_Impl: loaded 2 times (x 74B)
Class dagger.internal.codegen.writing.DependencyMethodProviderCreationExpression_Factory: loaded 2 times (x 71B)
Class dagger.MembersInjector                                                          : loaded 2 times (x 69B)
Class dagger.hilt.processor.internal.root.RootMetadata                                : loaded 2 times (x 71B)
Class org.objectweb.asm.AnnotationVisitor                                             : loaded 2 times (x 77B)
Class org.objectweb.asm.RecordComponentWriter                                         : loaded 2 times (x 77B)
Class dagger.internal.codegen.binding.ComponentDescriptor$ComponentMethodDescriptor$Builder: loaded 2 times (x 69B)
Class dagger.hilt.processor.internal.root.ComponentTreeDepsProcessor                  : loaded 2 times (x 99B)
Class com.google.common.base.Predicates$InPredicate                                   : loaded 2 times (x 87B)
Class dagger.spi.internal.shaded.androidx.room.compiler.processing.javac.JavacConstructorElement$parameters$2: loaded 2 times (x 78B)
Class dagger.spi.internal.shaded.androidx.room.compiler.processing.javac.kotlin.KmValueParameterContainer: loaded 2 times (x 71B)
Class dagger.spi.internal.shaded.kotlin.metadata.internal.protobuf.GeneratedMessageLite$Builder: loaded 2 times (x 127B)
Class dagger.spi.internal.shaded.kotlin.metadata.internal.metadata.ProtoBuf$Modality  : loaded 2 times (x 81B)
Class dagger.internal.codegen.base.ContributionType$HasContributionType               : loaded 2 times (x 69B)
Class dagger.internal.codegen.writing.SetRequestRepresentation_Factory_Impl           : loaded 2 times (x 74B)
Class dagger.internal.codegen.validation.ComponentCreatorValidator_Factory            : loaded 2 times (x 81B)
Class dagger.spi.model.AutoValue_DependencyRequest$Builder                            : loaded 2 times (x 76B)
Class dagger.spi.internal.shaded.kotlin.metadata.internal.protobuf.GeneratedMessageLite$ExtendableMessageOrBuilder: loaded 2 times (x 69B)
Class dagger.internal.codegen.validation.BindingMethodValidator$Abstractness          : loaded 2 times (x 78B)
Class dagger.spi.internal.shaded.androidx.room.compiler.processing.javac.JavacTypeElement$packageElement$2: loaded 2 times (x 78B)
Class com.google.common.collect.Lists$RandomAccessPartition                           : loaded 2 times (x 161B)
Class dagger.internal.codegen.validation.ComponentDescriptorValidator$ComponentValidation: loaded 2 times (x 71B)
Class org.gradle.internal.classloader.VisitableURLClassLoader$Spec                    : loaded 2 times (x 73B)
Class dagger.internal.codegen.binding.ErrorMessages$BuilderMessages                   : loaded 2 times (x 80B)
Class dagger.spi.internal.shaded.kotlin.metadata.internal.metadata.jvm.deserialization.JvmProtoBufUtil: loaded 2 times (x 70B)
Class dagger.internal.codegen.writing.MembersInjectionMethods$1                       : loaded 2 times (x 70B)
Class dagger.internal.codegen.writing.ComponentRequestRepresentations$1               : loaded 2 times (x 70B)
Class dagger.spi.internal.shaded.kotlin.metadata.internal.metadata.ProtoBuf$Effect$InvocationKind$1: loaded 2 times (x 73B)
Class dagger.internal.codegen.binding.SubcomponentCreatorBinding                      : loaded 2 times (x 89B)
Class dagger.internal.codegen.validation.BindsInstanceParameterValidator              : loaded 2 times (x 77B)
Class org.gradle.api.GradleException                                                  : loaded 2 times (x 81B)
Class dagger.internal.codegen.writing.InjectionOrProvisionProviderCreationExpression_Factory: loaded 2 times (x 71B)
Class dagger.internal.codegen.binding.MembersInjectionBinding$InjectionSite$Kind      : loaded 2 times (x 78B)
Class kotlin.reflect.jvm.internal.KCallableImpl$_annotations$1                        : loaded 2 times (x 78B)
Class dagger.spi.internal.shaded.androidx.room.compiler.processing.javac.JavacMethodParameter: loaded 2 times (x 222B)
Class org.gradle.api.internal.classpath.ModuleRegistry                                : loaded 2 times (x 69B)
Class dagger.internal.codegen.writing.SubcomponentCreatorRequestRepresentation$Factory: loaded 2 times (x 69B)
Class kotlin.KotlinNothingValueException                                              : loaded 2 times (x 81B)
Class dagger.internal.codegen.model.DependencyRequest$Builder                         : loaded 2 times (x 75B)
Class dagger.internal.codegen.validation.BindingMethodValidator$ExceptionSuperclass$1 : loaded 2 times (x 80B)
Class dagger.internal.codegen.validation.BindingMethodValidator$ExceptionSuperclass$2 : loaded 2 times (x 80B)
Class dagger.internal.codegen.validation.BindingMethodValidator$ExceptionSuperclass$3 : loaded 2 times (x 80B)
Class com.google.common.reflect.TypeToken$1                                           : loaded 2 times (x 107B)
Class com.google.common.reflect.TypeToken$2                                           : loaded 2 times (x 107B)
Class org.objectweb.asm.ByteVector                                                    : loaded 2 times (x 78B)
Class dagger.internal.codegen.componentgenerator.ComponentGeneratorModule             : loaded 2 times (x 69B)
Class com.google.common.graph.StandardValueGraph$1                                    : loaded 2 times (x 135B)
Class dagger.internal.codegen.bindinggraphvalidation.DuplicateBindingsValidator$BindingWithoutComponent: loaded 2 times (x 74B)
Class dagger.spi.internal.shaded.kotlin.metadata.jvm.KotlinClassMetadata$Companion    : loaded 2 times (x 70B)
Class com.squareup.kotlinpoet.TypeName$Companion                                      : loaded 2 times (x 70B)
Class dagger.internal.codegen.writing.BindingRepresentation                           : loaded 2 times (x 69B)
Class dagger.internal.codegen.writing.OptionalFactoryInstanceCreationExpression_Factory_Impl: loaded 2 times (x 74B)
Class com.google.common.collect.ImmutableMap$MapViewOfValuesAsSingletonSets$1         : loaded 2 times (x 81B)
Class com.google.common.collect.ImmutableRangeSet                                     : loaded 2 times (x 114B)
Class dagger.spi.internal.shaded.androidx.room.compiler.processing.javac.JavacMethodElement$parameters$2$1$1: loaded 2 times (x 78B)
Class kotlin.reflect.jvm.internal.KCallableImpl$_typeParameters$1                     : loaded 2 times (x 78B)
Class dagger.internal.codegen.writing.DirectInstanceBindingRepresentation_Factory_Impl: loaded 2 times (x 74B)
Class dagger.internal.codegen.ProcessingEnvironmentModule_ProcessingOptionsFactory    : loaded 2 times (x 81B)
Class dagger.spi.internal.shaded.kotlin.metadata.Attributes$hasAnnotations$10         : loaded 2 times (x 136B)
Class dagger.spi.internal.shaded.androidx.room.compiler.processing.javac.kotlin.KmClassContainer$functionByDescriptor$2: loaded 2 times (x 78B)
Class dagger.spi.internal.shaded.kotlin.metadata.internal.metadata.jvm.JvmProtoBuf$StringTableTypesOrBuilder: loaded 2 times (x 69B)
Class dagger.hilt.processor.internal.aliasof.AliasOfProcessingStep                    : loaded 2 times (x 86B)
Class dagger.internal.codegen.writing.DelegateRequestRepresentation                   : loaded 2 times (x 73B)
Class dagger.spi.internal.shaded.androidx.room.compiler.processing.javac.kotlin.KmFunctionContainerImpl: loaded 2 times (x 99B)
Class dagger.spi.internal.shaded.kotlin.metadata.Attributes$hasAnnotations$14         : loaded 2 times (x 136B)
Class org.gradle.api.internal.ClassPathProvider                                       : loaded 2 times (x 69B)
Class com.google.common.graph.MapRetrievalCache                                       : loaded 2 times (x 74B)
Class dagger.hilt.processor.internal.ComponentDescriptor$Builder                      : loaded 2 times (x 69B)
Class dagger.spi.internal.shaded.androidx.room.compiler.processing.javac.JavacType$typeName$2: loaded 2 times (x 78B)
Class dagger.spi.internal.shaded.androidx.room.compiler.processing.javac.JavacAnnotation$type$2: loaded 2 times (x 78B)
Class dagger.internal.codegen.validation.DiagnosticMessageGenerator                   : loaded 2 times (x 71B)
Class dagger.internal.codegen.binding.$AutoValue_ProvisionBinding                     : loaded 2 times (x 90B)
Class dagger.internal.codegen.writing.DelegateRequestRepresentation$ScopeKind         : loaded 2 times (x 78B)
Class dagger.internal.codegen.compileroption.ProcessingEnvironmentCompilerOptions$CommandLineOption: loaded 2 times (x 69B)
Class kotlin.time.DurationKt                                                          : loaded 2 times (x 70B)
Class dagger.internal.codegen.writing.OptionalFactoryInstanceCreationExpression$Factory: loaded 2 times (x 69B)
Class dagger.spi.internal.shaded.kotlin.metadata.Attributes$hasAnnotations$18         : loaded 2 times (x 136B)
Class com.google.common.graph.Graphs$NodeAndRemainingSuccessors                       : loaded 2 times (x 71B)
Class dagger.spi.internal.shaded.androidx.room.compiler.processing.XProcessingEnvConfig$Companion: loaded 2 times (x 70B)
Class kotlin.KotlinVersion$Companion                                                  : loaded 2 times (x 70B)
Class dagger.internal.codegen.binding.AssistedInjectionAnnotations$AssistedParameter  : loaded 2 times (x 73B)
Class dagger.internal.codegen.model.DaggerProcessingEnv                               : loaded 2 times (x 73B)
Class dagger.internal.codegen.compileroption.ProcessingEnvironmentCompilerOptions$Feature: loaded 2 times (x 89B)
Class dagger.spi.internal.shaded.kotlin.metadata.internal.metadata.ProtoBuf$EnumEntryOrBuilder: loaded 2 times (x 69B)
Class dagger.spi.model.Key$MultibindingContributionIdentifier                         : loaded 2 times (x 72B)
Class dagger.internal.codegen.xprocessing.XMethodElements                             : loaded 2 times (x 70B)
Class org.objectweb.asm.ModuleWriter                                                  : loaded 2 times (x 81B)
Class org.gradle.internal.classloader.ClasspathUtil$1                                 : loaded 2 times (x 75B)
Class dagger.internal.codegen.writing.BindingRepresentations_Factory                  : loaded 2 times (x 80B)
Class [Ldagger.hilt.processor.internal.root.RootType;                                 : loaded 2 times (x 68B)
Class dagger.hilt.android.processor.internal.customtestapplication.CustomTestApplicationProcessingStep: loaded 2 times (x 86B)
Class com.google.common.io.ByteSource$AsCharSource                                    : loaded 2 times (x 85B)
Class dagger.spi.internal.shaded.kotlin.metadata.internal.FlagDelegatesImplKt         : loaded 2 times (x 70B)
Class dagger.spi.internal.shaded.kotlin.metadata.KmFunction                           : loaded 2 times (x 71B)
Class dagger.internal.codegen.base.Keys                                               : loaded 2 times (x 70B)
Class com.google.common.collect.FilteredMultimap                                      : loaded 2 times (x 69B)
Class dagger.internal.codegen.processingstep.MapKeyProcessingStep                     : loaded 2 times (x 85B)
Class dagger.internal.codegen.writing.MapFactoryCreationExpression_Factory            : loaded 2 times (x 71B)
Class kotlin.reflect.jvm.internal.KPackageImpl$data$1                                 : loaded 2 times (x 78B)
Class dagger.spi.internal.shaded.kotlin.metadata.internal.protobuf.AbstractMessageLite$Builder$LimitedInputStream: loaded 2 times (x 91B)
Class org.apache.http.client.CredentialsProvider                                      : loaded 2 times (x 69B)
Class dagger.spi.internal.shaded.androidx.room.compiler.processing.javac.JavacFieldElement$syntheticMethodForAnnotations$2: loaded 2 times (x 78B)
Class dagger.spi.internal.shaded.androidx.room.compiler.processing.XProcessingEnv$WhenMappings: loaded 2 times (x 70B)
Class dagger.internal.codegen.binding.SourceFiles                                     : loaded 2 times (x 70B)
Class com.google.common.collect.Collections2                                          : loaded 2 times (x 70B)
Class dagger.internal.codegen.validation.InjectBindingRegistryImpl$BindingsCollection : loaded 2 times (x 71B)
Class com.google.common.graph.AbstractNetwork$1                                       : loaded 2 times (x 135B)
Class [Ldagger.internal.codegen.base.ComponentKind;                                   : loaded 2 times (x 68B)
Class dagger.spi.internal.shaded.kotlin.metadata.jvm.internal.JvmMetadataExtensions   : loaded 2 times (x 102B)
Class kotlin.io.FileTreeWalk                                                          : loaded 2 times (x 74B)
Class dagger.internal.codegen.validation.InjectBindingRegistryImpl_Factory            : loaded 2 times (x 81B)
Class dagger.internal.codegen.writing.MemberSelect                                    : loaded 2 times (x 74B)
Class dagger.spi.internal.shaded.kotlin.metadata.internal.metadata.ProtoBuf$TypeParameter$Variance$1: loaded 2 times (x 73B)
Class kotlin.sequences.TransformingSequence                                           : loaded 2 times (x 74B)
Class dagger.spi.internal.shaded.kotlin.metadata.jvm.JvmMethodSignature               : loaded 2 times (x 73B)
Class com.squareup.kotlinpoet.UtilKt                                                  : loaded 2 times (x 70B)
Class dagger.internal.codegen.javapoet.AnnotationSpecs                                : loaded 2 times (x 70B)
Class dagger.internal.codegen.base.SourceFileHjarGenerator                            : loaded 2 times (x 76B)
Class com.squareup.javapoet.LineWrapper$FlushType                                     : loaded 2 times (x 78B)
Class dagger.spi.internal.shaded.androidx.room.compiler.processing.javac.kotlin.KmClassContainer$superType$2: loaded 2 times (x 78B)
Class dagger.internal.codegen.processingstep.ComponentProcessingStep                  : loaded 2 times (x 85B)
Class dagger.spi.internal.shaded.androidx.room.compiler.processing.javac.JavacConstructorElement$executableType$2: loaded 2 times (x 78B)
Class dagger.internal.codegen.writing.InjectionOrProvisionProviderCreationExpression_Factory_Impl: loaded 2 times (x 74B)
Class dagger.spi.internal.shaded.kotlin.metadata.internal.metadata.ProtoBuf$Type$Argument$1: loaded 2 times (x 143B)
Class dagger.internal.codegen.model.DependencyRequest                                 : loaded 2 times (x 74B)
Class dagger.spi.internal.shaded.kotlin.metadata.internal.metadata.jvm.deserialization.BitEncoding: loaded 2 times (x 70B)
Class com.google.common.collect.Maps$EntryFunction$1                                  : loaded 2 times (x 90B)
Class dagger.internal.codegen.extension.DaggerCollectors$ToOptionalState              : loaded 2 times (x 71B)
Class dagger.hilt.processor.internal.aggregateddeps.AggregatedDepsMetadata            : loaded 2 times (x 77B)
Class com.google.common.collect.Maps$EntryFunction$2                                  : loaded 2 times (x 90B)
Class dagger.spi.internal.shaded.auto.common.MoreTypes$DeclaredTypeVisitor            : loaded 2 times (x 101B)
Class org.objectweb.asm.FieldVisitor                                                  : loaded 2 times (x 76B)
Class dagger.internal.codegen.processingstep.MultibindingAnnotationsProcessingStep_Factory: loaded 2 times (x 81B)
Class dagger.spi.internal.shaded.kotlin.metadata.Attributes$hasAnnotations$22         : loaded 2 times (x 136B)
Class dagger.internal.codegen.writing.ComponentRequirementRequestRepresentation       : loaded 2 times (x 73B)
Class dagger.internal.codegen.validation.ValidationBindingGraphPlugins_Factory        : loaded 2 times (x 81B)


---------------  S Y S T E M  ---------------

OS:
uname: Darwin 25.3.0 Darwin Kernel Version 25.3.0: Wed Jan 28 20:54:22 PST 2026; root:xnu-12377.81.4~5/RELEASE_ARM64_T8112 arm64
OS uptime: 5 days 4:41 hours
rlimit (soft/hard): STACK 8176k/65520k , CORE 0k/infinity , NPROC 1333/2000 , NOFILE 10240/infinity , AS infinity/infinity , CPU infinity/infinity , DATA infinity/infinity , FSIZE infinity/infinity , MEMLOCK infinity/infinity , RSS infinity/infinity
load average: 10.15 8.97 7.30

CPU: total 8 (initial active 8) 0x61:0x0:0xda33d83d:0, fp, simd, crc, lse
machdep.cpu.brand_string:Apple M2
hw.cachelinesize:128
hw.l1icachesize:131072
hw.l1dcachesize:65536
hw.l2cachesize:4194304

Memory: 16k page, physical 8388608k(74576k free), swap 8388608k(1283776k free)

vm_info: OpenJDK 64-Bit Server VM (17.0.12+1-b1207.37) for bsd-aarch64 JRE (17.0.12+1-b1207.37), built on 2024-09-25 by "builduser" with clang Apple LLVM 12.0.0 (clang-1200.0.32.27)

END.
